TotalWorkingYears,JobLevel,MonthlyIncome,JobRole_Sales Representative,OverTime_Yes,JobRole_Research Director,YearsInCurrentRole,StockOptionLevel,YearsAtCompany,JobInvolvement,HourlyRate,YearsWithCurrManager,Age,JobRole_Healthcare Representative,NumCompaniesWorked,JobRole_Laboratory Technician,BusinessTravel_Non-Travel,BusinessTravel_Travel_Frequently,EducationField_Medical,EnvironmentSatisfaction
1.0,0.75,0.9608913434369382,0.0,0.0,0.0,0.13793103448275862,1.0,0.16666666666666666,1.0,0.24285714285714283,0.13793103448275862,0.6904761904761905,0.0,0.6666666666666666,0.0,0.0,0.0,0.0,0.3333333333333333
0.10526315789473684,0.0,0.0972257898792705,0.0,0.0,0.0,0.06896551724137931,0.3333333333333333,0.1111111111111111,0.6666666666666667,1.0,0.06896551724137931,0.09523809523809518,0.0,0.0,1.0,0.0,0.0,0.0,0.6666666666666667
0.8070175438596491,0.75,1.0,0.0,0.0,0.0,0.6206896551724138,0.3333333333333333,0.6666666666666666,0.6666666666666667,0.31428571428571433,0.6206896551724138,0.6666666666666665,0.0,0.3333333333333333,0.0,0.0,0.0,0.0,0.0
0.24561403508771928,0.0,0.06980477780631902,1.0,0.0,0.0,0.27586206896551724,0.0,0.38888888888888884,0.6666666666666667,0.14285714285714285,0.41379310344827586,0.16666666666666669,0.0,0.1111111111111111,0.0,0.0,0.0,1.0,0.3333333333333333
0.3508771929824561,0.25,0.29989725147701,0.0,1.0,0.0,0.48275862068965514,0.3333333333333333,0.4444444444444444,0.6666666666666667,0.5999999999999999,0.48275862068965514,0.5952380952380951,0.0,0.3333333333333333,1.0,0.0,1.0,1.0,1.0
0.17543859649122806,0.0,0.15765476496275366,0.0,1.0,0.0,0.13793103448275862,0.0,0.16666666666666666,0.0,0.7714285714285714,0.13793103448275862,0.23809523809523808,0.0,0.5555555555555556,0.0,0.0,0.0,1.0,0.0
0.03508771929824561,0.0,0.11006935525301825,0.0,0.0,0.0,0.0,0.0,0.05555555555555555,0.6666666666666667,0.9428571428571428,0.0,0.7857142857142856,0.0,0.1111111111111111,0.0,0.0,0.0,0.0,0.6666666666666667
0.631578947368421,0.5,0.6300410994091961,0.0,0.0,0.0,0.48275862068965514,0.3333333333333333,0.4444444444444444,0.6666666666666667,0.7571428571428571,0.06896551724137931,0.5952380952380951,0.0,0.8888888888888888,0.0,0.0,1.0,0.0,0.6666666666666667
0.17543859649122806,0.25,0.2331107115335217,0.0,0.0,0.0,0.27586206896551724,0.3333333333333333,0.2777777777777778,0.6666666666666667,0.7714285714285714,0.13793103448275862,0.5238095238095237,0.0,0.1111111111111111,0.0,0.0,0.0,0.0,1.0
0.21052631578947367,0.25,0.3056768558951965,0.0,1.0,0.0,0.13793103448275862,0.0,0.3333333333333333,0.3333333333333333,0.9714285714285713,0.27586206896551724,0.21428571428571425,0.0,0.1111111111111111,0.0,0.0,0.0,0.0,1.0
0.3508771929824561,0.0,0.15399434883123556,1.0,0.0,0.0,0.20689655172413793,0.0,0.2777777777777778,0.3333333333333333,0.7428571428571429,0.20689655172413793,0.42857142857142855,0.0,0.7777777777777777,0.0,0.0,0.0,0.0,0.6666666666666667
0.3157894736842105,0.75,0.9706524531209864,0.0,0.0,1.0,0.48275862068965514,0.6666666666666666,0.38888888888888884,0.3333333333333333,0.8142857142857143,0.48275862068965514,0.2619047619047619,0.0,0.3333333333333333,0.0,0.0,0.0,0.0,1.0
0.42105263157894735,0.25,0.1726175186231698,0.0,0.0,0.0,0.6206896551724138,0.6666666666666666,0.5555555555555556,0.6666666666666667,0.6428571428571428,0.5517241379310345,0.6428571428571428,0.0,1.0,0.0,0.0,0.0,0.0,1.0
0.17543859649122806,0.25,0.08110711533521706,0.0,0.0,0.0,0.20689655172413793,0.0,0.2222222222222222,0.6666666666666667,0.9571428571428571,0.13793103448275862,0.11904761904761901,0.0,0.0,1.0,0.0,0.0,0.0,0.0
0.49122807017543857,0.25,0.27832006164911377,0.0,0.0,0.0,0.6206896551724138,0.0,0.7222222222222222,0.3333333333333333,0.9571428571428571,0.6206896551724138,0.380952380952381,1.0,0.0,0.0,0.0,1.0,1.0,1.0
0.03508771929824561,0.0,0.005972257898792702,0.0,0.0,0.0,0.0,0.0,0.05555555555555555,0.3333333333333333,0.24285714285714283,0.0,0.02380952380952378,0.0,0.1111111111111111,1.0,0.0,0.0,0.0,0.3333333333333333
0.3508771929824561,0.5,0.4475340354482404,0.0,0.0,0.0,0.48275862068965514,0.3333333333333333,0.5555555555555556,0.6666666666666667,0.6142857142857143,0.3448275862068966,0.6190476190476188,1.0,0.1111111111111111,0.0,0.0,0.0,1.0,0.0
0.5614035087719298,0.25,0.2862830721808374,0.0,0.0,0.0,0.48275862068965514,0.3333333333333333,0.4444444444444444,0.6666666666666667,0.4857142857142857,0.48275862068965514,0.6904761904761905,0.0,0.8888888888888888,0.0,1.0,0.0,0.0,0.6666666666666667
0.3508771929824561,0.25,0.3801695350629335,0.0,0.0,0.0,0.48275862068965514,0.3333333333333333,0.4444444444444444,1.0,1.0,0.48275862068965514,0.3095238095238095,0.0,0.4444444444444444,0.0,0.0,0.0,0.0,0.3333333333333333
0.7368421052631579,0.5,0.6206010788594913,0.0,1.0,0.0,0.6206896551724138,0.3333333333333333,0.5555555555555556,0.3333333333333333,0.14285714285714285,0.3448275862068966,0.6666666666666665,1.0,0.2222222222222222,0.0,0.0,1.0,1.0,0.6666666666666667
0.5263157894736842,0.0,0.1137939892114051,0.0,0.0,0.0,0.6896551724137931,0.3333333333333333,0.7777777777777777,0.6666666666666667,0.42857142857142855,0.6896551724137931,0.35714285714285715,0.0,0.0,0.0,0.0,0.0,1.0,0.0
0.42105263157894735,0.25,0.4930002568713075,0.0,0.0,0.0,0.20689655172413793,0.0,0.4444444444444444,0.3333333333333333,0.4142857142857143,0.48275862068965514,0.4761904761904761,0.0,0.4444444444444444,0.0,0.0,0.0,0.0,0.0
0.5614035087719298,0.25,0.3149884407911636,0.0,0.0,0.0,0.7586206896551724,0.0,0.7222222222222222,0.6666666666666667,0.45714285714285713,0.48275862068965514,0.42857142857142855,0.0,0.8888888888888888,1.0,0.0,0.0,0.0,1.0
0.3508771929824561,0.0,0.15502183406113537,0.0,0.0,0.0,0.41379310344827586,0.0,0.38888888888888884,0.6666666666666667,0.2,0.48275862068965514,0.6666666666666665,0.0,0.6666666666666666,0.0,0.0,0.0,0.0,1.0
0.38596491228070173,0.25,0.3763806832776779,0.0,0.0,0.0,0.13793103448275862,0.0,0.16666666666666666,1.0,0.7857142857142856,0.13793103448275862,0.5476190476190477,1.0,0.3333333333333333,0.0,0.0,0.0,0.0,0.3333333333333333
0.07017543859649122,0.0,0.10717955304392499,1.0,0.0,0.0,0.06896551724137931,0.0,0.1111111111111111,1.0,0.18571428571428567,0.13793103448275862,0.047619047619047616,0.0,0.1111111111111111,0.0,0.0,0.0,0.0,0.6666666666666667
0.21052631578947367,0.25,0.47116619573593627,0.0,0.0,0.0,0.13793103448275862,0.3333333333333333,0.2777777777777778,0.6666666666666667,0.3,0.13793103448275862,0.3095238095238095,0.0,0.1111111111111111,0.0,0.0,0.0,0.0,0.0
0.14035087719298245,0.0,0.1320318520421269,0.0,1.0,0.0,0.13793103448275862,0.3333333333333333,0.2222222222222222,0.6666666666666667,0.2571428571428572,0.20689655172413793,0.3095238095238095,0.0,0.1111111111111111,0.0,1.0,0.0,1.0,0.6666666666666667
0.9824561403508771,0.75,1.0,0.0,0.0,0.0,1.0,0.0,1.0,0.6666666666666667,0.5571428571428572,0.6206896551724138,0.6666666666666665,0.0,0.8888888888888888,0.0,0.0,0.0,0.0,0.6666666666666667
0.7368421052631579,0.75,1.0,0.0,1.0,1.0,0.20689655172413793,1.0,0.2777777777777778,0.6666666666666667,0.21428571428571425,0.20689655172413793,0.8333333333333333,0.0,0.3333333333333333,0.0,0.0,0.0,1.0,0.6666666666666667
0.07017543859649122,0.0,0.08264834318006678,0.0,0.0,0.0,0.06896551724137931,1.0,0.05555555555555555,0.3333333333333333,0.38571428571428573,0.0,0.14285714285714285,0.0,0.0,1.0,0.0,0.0,0.0,0.6666666666666667
0.3157894736842105,0.25,0.13742614949910095,0.0,0.0,0.0,0.13793103448275862,0.3333333333333333,0.2777777777777778,0.6666666666666667,0.7428571428571429,0.27586206896551724,0.8095238095238095,0.0,0.8888888888888888,1.0,0.0,0.0,0.0,1.0
0.45614035087719296,0.0,0.06929103519136912,0.0,0.0,0.0,0.48275862068965514,0.0,0.4444444444444444,0.6666666666666667,0.0,0.13793103448275862,0.42857142857142855,0.0,0.4444444444444444,1.0,0.0,1.0,1.0,1.0
0.3508771929824561,0.25,0.1936809658361161,0.0,1.0,0.0,0.20689655172413793,0.3333333333333333,0.2222222222222222,0.3333333333333333,0.2285714285714286,0.20689655172413793,0.2619047619047619,0.0,0.4444444444444444,1.0,0.0,0.0,0.0,1.0
0.3508771929824561,0.25,0.22790906755715384,0.0,0.0,0.0,0.0,0.3333333333333333,0.5555555555555556,0.6666666666666667,0.7,0.5517241379310345,0.23809523809523808,0.0,0.1111111111111111,1.0,0.0,0.0,1.0,0.6666666666666667
0.8421052631578947,1.0,1.0,0.0,0.0,0.0,0.41379310344827586,0.0,1.0,0.6666666666666667,0.3714285714285714,0.9655172413793103,0.5714285714285714,0.0,0.5555555555555556,0.0,0.0,0.0,0.0,0.0
0.07017543859649122,0.0,0.08804264063704084,1.0,1.0,0.0,0.13793103448275862,0.0,0.1111111111111111,0.6666666666666667,0.39999999999999997,0.13793103448275862,0.07142857142857145,0.0,0.1111111111111111,0.0,0.0,0.0,1.0,0.6666666666666667
0.38596491228070173,0.25,0.2525044952478808,0.0,0.0,0.0,0.13793103448275862,0.0,0.4444444444444444,0.3333333333333333,0.7857142857142856,0.48275862068965514,0.8095238095238095,0.0,0.2222222222222222,0.0,0.0,0.0,1.0,0.6666666666666667
0.10526315789473684,0.0,0.11328024659645516,0.0,0.0,0.0,0.13793103448275862,0.0,0.1111111111111111,0.6666666666666667,0.5571428571428572,0.13793103448275862,0.09523809523809518,0.0,0.0,0.0,0.0,0.0,1.0,0.0
0.21052631578947367,0.0,0.12650911893141537,0.0,0.0,0.0,0.0,1.0,0.0,0.3333333333333333,0.14285714285714285,0.0,0.380952380952381,0.0,0.3333333333333333,0.0,1.0,0.0,0.0,0.6666666666666667
0.38596491228070173,0.25,0.2978422810172104,0.0,0.0,0.0,0.13793103448275862,0.6666666666666666,0.16666666666666666,0.3333333333333333,0.9714285714285713,0.13793103448275862,0.42857142857142855,0.0,0.4444444444444444,0.0,0.0,0.0,0.0,0.6666666666666667
0.5263157894736842,0.5,0.809208836372977,0.0,1.0,0.0,0.41379310344827586,0.0,0.38888888888888884,0.6666666666666667,0.3714285714285714,0.48275862068965514,0.35714285714285715,0.0,0.7777777777777777,0.0,0.0,0.0,1.0,0.3333333333333333
0.14035087719298245,0.25,0.2418443359876702,0.0,0.0,0.0,0.13793103448275862,0.6666666666666666,0.1111111111111111,0.3333333333333333,0.04285714285714287,0.13793103448275862,0.09523809523809518,0.0,0.6666666666666666,0.0,0.0,0.0,0.0,1.0
0.9824561403508771,1.0,1.0,0.0,0.0,0.0,0.13793103448275862,0.3333333333333333,0.2777777777777778,0.6666666666666667,0.8857142857142857,0.13793103448275862,0.9047619047619047,0.0,0.4444444444444444,0.0,0.0,0.0,0.0,1.0
0.21052631578947367,0.25,0.3605188800410994,0.0,1.0,0.0,0.0,0.6666666666666666,0.3333333333333333,0.6666666666666667,0.7428571428571429,0.0,0.2619047619047619,1.0,0.1111111111111111,0.0,0.0,0.0,0.0,0.6666666666666667
0.5263157894736842,0.25,0.37284870279989724,0.0,0.0,0.0,0.0,0.0,0.05555555555555555,0.6666666666666667,0.6142857142857143,0.0,0.42857142857142855,0.0,0.6666666666666666,0.0,0.0,0.0,0.0,0.3333333333333333
0.3157894736842105,0.5,0.48927562291292065,0.0,0.0,0.0,0.48275862068965514,0.3333333333333333,0.4444444444444444,0.6666666666666667,0.12857142857142861,0.06896551724137931,0.380952380952381,0.0,0.1111111111111111,0.0,0.0,0.0,1.0,1.0
0.5614035087719298,0.25,0.2440277421012073,0.0,0.0,0.0,0.896551724137931,0.0,0.8888888888888888,0.6666666666666667,0.1571428571428572,0.6896551724137931,0.380952380952381,0.0,0.1111111111111111,0.0,0.0,0.0,0.0,0.0
1.0,1.0,1.0,0.0,1.0,1.0,0.20689655172413793,0.3333333333333333,1.0,0.3333333333333333,0.18571428571428567,0.5517241379310345,0.7619047619047619,0.0,0.5555555555555556,0.0,0.0,0.0,1.0,0.3333333333333333
0.24561403508771928,0.25,0.24698176213716927,0.0,0.0,0.0,0.13793103448275862,0.6666666666666666,0.2777777777777778,0.6666666666666667,0.7285714285714284,0.27586206896551724,0.4761904761904761,0.0,0.4444444444444444,0.0,0.0,0.0,1.0,0.6666666666666667
0.3508771929824561,0.25,0.559016182892371,0.0,0.0,0.0,0.5517241379310345,0.3333333333333333,0.5555555555555556,0.3333333333333333,0.4857142857142857,0.48275862068965514,0.28571428571428564,0.0,0.1111111111111111,0.0,0.0,0.0,0.0,0.3333333333333333
0.9122807017543859,1.0,1.0,0.0,0.0,0.0,0.6206896551724138,0.3333333333333333,1.0,0.6666666666666667,0.8285714285714285,0.6896551724137931,0.6190476190476188,0.0,0.7777777777777777,0.0,0.0,0.0,0.0,0.3333333333333333
0.8070175438596491,0.75,0.9114436167480093,0.0,0.0,0.0,0.13793103448275862,0.3333333333333333,0.1111111111111111,0.3333333333333333,0.8428571428571427,0.13793103448275862,0.7142857142857142,0.0,0.2222222222222222,0.0,0.0,1.0,1.0,0.6666666666666667
0.3157894736842105,0.0,0.1500770613922425,0.0,1.0,0.0,0.0,0.3333333333333333,0.05555555555555555,0.3333333333333333,0.6428571428571428,0.0,0.9523809523809523,0.0,0.4444444444444444,0.0,0.0,0.0,1.0,0.3333333333333333
0.14035087719298245,0.25,0.2337528898022091,0.0,0.0,0.0,0.20689655172413793,0.3333333333333333,0.2222222222222222,0.6666666666666667,0.4428571428571429,0.13793103448275862,0.2619047619047619,0.0,0.1111111111111111,0.0,1.0,0.0,0.0,1.0
0.3508771929824561,0.25,0.27793475468790135,0.0,0.0,0.0,0.48275862068965514,0.0,0.5555555555555556,1.0,0.6285714285714286,0.48275862068965514,0.380952380952381,0.0,0.1111111111111111,0.0,0.0,0.0,0.0,1.0
0.10526315789473684,0.0,0.2319547906498844,0.0,0.0,0.0,0.13793103448275862,1.0,0.16666666666666666,0.0,0.8142857142857143,0.13793103448275862,0.21428571428571425,0.0,0.1111111111111111,1.0,1.0,0.0,0.0,0.0
0.3508771929824561,0.25,0.3361803236578474,0.0,0.0,0.0,0.27586206896551724,0.0,0.2777777777777778,0.3333333333333333,0.5428571428571429,0.20689655172413793,0.5714285714285714,0.0,0.7777777777777777,0.0,0.0,0.0,1.0,0.6666666666666667
0.42105263157894735,0.25,0.2862830721808374,0.0,1.0,0.0,0.13793103448275862,0.6666666666666666,0.3333333333333333,0.6666666666666667,0.6428571428571428,0.20689655172413793,0.5476190476190477,0.0,0.3333333333333333,0.0,0.0,1.0,0.0,1.0
0.42105263157894735,0.5,0.4122142306704341,0.0,0.0,0.0,0.20689655172413793,0.0,0.2777777777777778,0.6666666666666667,0.8142857142857143,0.20689655172413793,0.4523809523809524,0.0,0.2222222222222222,0.0,0.0,0.0,0.0,0.6666666666666667
0.24561403508771928,0.0,0.17223221166195735,0.0,1.0,0.0,0.48275862068965514,0.3333333333333333,0.38888888888888884,0.6666666666666667,0.02857142857142858,0.41379310344827586,0.16666666666666669,0.0,0.1111111111111111,1.0,0.0,0.0,0.0,1.0
0.3508771929824561,0.25,0.22668892884664782,0.0,0.0,0.0,0.48275862068965514,0.3333333333333333,0.5555555555555556,0.6666666666666667,0.7428571428571429,0.06896551724137931,0.35714285714285715,0.0,0.1111111111111111,0.0,0.0,1.0,1.0,0.3333333333333333
0.42105263157894735,0.25,0.2569355253018238,0.0,0.0,0.0,0.5517241379310345,0.0,0.611111111111111,0.6666666666666667,0.8142857142857143,0.48275862068965514,0.3333333333333333,0.0,0.1111111111111111,0.0,0.0,0.0,1.0,0.3333333333333333
0.21052631578947367,0.0,0.15476496275366042,0.0,1.0,0.0,0.06896551724137931,0.3333333333333333,0.05555555555555555,0.3333333333333333,0.7428571428571429,0.0,0.42857142857142855,0.0,1.0,0.0,0.0,0.0,0.0,0.3333333333333333
0.17543859649122806,0.0,0.08759311584895968,0.0,1.0,0.0,0.13793103448275862,0.3333333333333333,0.16666666666666666,0.6666666666666667,0.21428571428571425,0.13793103448275862,0.19047619047619052,0.0,0.2222222222222222,1.0,0.0,0.0,1.0,0.0
0.631578947368421,0.5,0.6053172360647316,0.0,0.0,0.0,1.0,0.6666666666666666,1.0,0.3333333333333333,0.7142857142857142,0.8275862068965517,0.5238095238095237,0.0,0.1111111111111111,0.0,0.0,0.0,0.0,0.0
0.7368421052631579,0.5,0.6338941690213202,0.0,1.0,0.0,0.41379310344827586,0.0,1.0,0.6666666666666667,0.7428571428571429,0.5517241379310345,0.49999999999999994,0.0,0.1111111111111111,0.0,0.0,1.0,1.0,1.0
0.9473684210526315,0.75,1.0,0.0,0.0,0.0,0.27586206896551724,0.0,0.2777777777777778,1.0,0.07142857142857145,0.06896551724137931,0.7142857142857142,0.0,0.2222222222222222,0.0,1.0,0.0,1.0,0.0
0.14035087719298245,0.0,0.08380426406370409,0.0,0.0,0.0,0.0,0.3333333333333333,0.16666666666666666,0.6666666666666667,0.4428571428571429,0.13793103448275862,0.3333333333333333,0.0,0.0,1.0,1.0,0.0,0.0,1.0
0.7017543859649122,0.25,0.19727716414076546,0.0,1.0,0.0,0.48275862068965514,0.0,1.0,0.3333333333333333,0.6142857142857143,0.5517241379310345,0.5952380952380951,0.0,0.1111111111111111,0.0,0.0,0.0,1.0,0.0
0.7368421052631579,0.75,0.7166709478551245,0.0,0.0,0.0,0.48275862068965514,1.0,1.0,0.6666666666666667,0.7714285714285714,0.3448275862068966,0.49999999999999994,1.0,0.7777777777777777,0.0,0.0,1.0,0.0,0.0
0.03508771929824561,0.0,0.12310557410737222,0.0,1.0,0.0,0.0,0.0,0.05555555555555555,0.3333333333333333,0.5142857142857142,0.0,0.047619047619047616,0.0,0.1111111111111111,1.0,0.0,1.0,0.0,1.0
0.6666666666666666,0.25,0.06916259953763165,1.0,0.0,0.0,0.0,0.3333333333333333,0.05555555555555555,0.6666666666666667,0.3714285714285714,0.0,0.49999999999999994,0.0,0.3333333333333333,0.0,0.0,0.0,0.0,1.0
0.07017543859649122,0.0,0.1012072951451323,0.0,0.0,0.0,0.0,0.0,0.05555555555555555,1.0,0.8428571428571427,0.0,0.380952380952381,0.0,0.0,0.0,0.0,0.0,0.0,0.6666666666666667
0.5964912280701754,0.25,0.31922681736450037,0.0,1.0,0.0,0.48275862068965514,0.0,0.8333333333333333,1.0,0.6428571428571428,0.8275862068965517,0.4761904761904761,0.0,0.6666666666666666,0.0,0.0,1.0,0.0,0.0
0.2807017543859649,0.25,0.24210120729514512,0.0,1.0,0.0,0.48275862068965514,0.0,0.4444444444444444,0.6666666666666667,0.7285714285714284,0.3448275862068966,0.23809523809523808,0.0,0.1111111111111111,0.0,0.0,0.0,0.0,0.3333333333333333
0.21052631578947367,0.0,0.08720780888774723,0.0,0.0,0.0,0.06896551724137931,0.3333333333333333,0.2222222222222222,0.3333333333333333,0.02857142857142858,0.20689655172413793,0.23809523809523808,0.0,0.5555555555555556,1.0,0.0,0.0,0.0,0.6666666666666667
0.5263157894736842,0.25,0.29437451836629847,0.0,0.0,0.0,0.6896551724137931,0.3333333333333333,0.8333333333333333,0.3333333333333333,0.49999999999999994,0.8275862068965517,0.6428571428571428,0.0,0.1111111111111111,0.0,1.0,0.0,0.0,0.3333333333333333
0.24561403508771928,0.25,0.21095556126380682,0.0,0.0,0.0,0.48275862068965514,0.0,0.38888888888888884,0.3333333333333333,0.31428571428571433,0.48275862068965514,0.19047619047619052,0.0,0.1111111111111111,0.0,0.0,1.0,1.0,0.6666666666666667
0.631578947368421,0.25,0.2826226560493193,0.0,1.0,0.0,0.9655172413793103,0.0,0.8888888888888888,0.6666666666666667,0.32857142857142857,0.8275862068965517,0.42857142857142855,0.0,1.0,0.0,0.0,0.0,0.0,0.6666666666666667
0.42105263157894735,0.25,0.4566529668636013,0.0,0.0,0.0,0.13793103448275862,0.0,0.1111111111111111,1.0,0.3714285714285714,0.13793103448275862,0.7142857142857142,0.0,0.3333333333333333,0.0,0.0,0.0,0.0,0.3333333333333333
0.2807017543859649,0.25,0.22559722578987929,0.0,1.0,0.0,0.13793103448275862,0.0,0.2777777777777778,0.6666666666666667,0.6285714285714286,0.13793103448275862,0.5952380952380951,1.0,0.4444444444444444,0.0,0.0,0.0,0.0,0.6666666666666667
0.2807017543859649,0.25,0.35795016696634985,0.0,1.0,0.0,0.13793103448275862,0.3333333333333333,0.2777777777777778,0.6666666666666667,0.7999999999999998,0.27586206896551724,0.3095238095238095,0.0,0.2222222222222222,0.0,0.0,0.0,1.0,0.6666666666666667
0.5614035087719298,0.25,0.30426406370408426,0.0,1.0,0.0,0.6896551724137931,0.0,0.8333333333333333,0.3333333333333333,0.7999999999999998,0.7586206896551724,0.380952380952381,0.0,0.1111111111111111,0.0,0.0,1.0,0.0,0.6666666666666667
0.5964912280701754,0.0,0.15482918058052916,0.0,0.0,0.0,0.3448275862068966,0.3333333333333333,0.3333333333333333,0.6666666666666667,0.6285714285714286,0.13793103448275862,0.6904761904761905,0.0,0.7777777777777777,0.0,0.0,0.0,0.0,0.0
0.3508771929824561,0.25,0.2838427947598253,0.0,0.0,0.0,0.48275862068965514,0.6666666666666666,0.4444444444444444,0.6666666666666667,0.7999999999999998,0.48275862068965514,0.380952380952381,0.0,0.4444444444444444,1.0,0.0,0.0,1.0,0.3333333333333333
0.07017543859649122,0.0,0.06453891600308245,1.0,0.0,0.0,0.13793103448275862,0.0,0.1111111111111111,0.6666666666666667,0.9571428571428571,0.13793103448275862,0.4047619047619047,0.0,0.1111111111111111,0.0,0.0,0.0,0.0,1.0
0.3157894736842105,0.25,0.337272026714616,0.0,0.0,0.0,0.48275862068965514,0.3333333333333333,0.38888888888888884,0.6666666666666667,0.3428571428571428,0.48275862068965514,0.4761904761904761,0.0,0.3333333333333333,0.0,0.0,0.0,0.0,1.0
0.03508771929824561,0.0,0.013742614949910095,0.0,0.0,0.0,0.0,0.3333333333333333,0.05555555555555555,0.6666666666666667,0.24285714285714283,0.06896551724137931,0.11904761904761901,0.0,0.1111111111111111,0.0,0.0,0.0,0.0,1.0
0.6666666666666666,0.0,0.13819676342152581,0.0,1.0,0.0,0.0,0.3333333333333333,0.05555555555555555,0.6666666666666667,0.18571428571428567,0.0,0.6190476190476188,0.0,0.3333333333333333,1.0,0.0,1.0,0.0,1.0
0.17543859649122806,0.0,0.1782686873876188,0.0,0.0,0.0,0.27586206896551724,0.0,0.2777777777777778,0.3333333333333333,0.6142857142857143,0.27586206896551724,0.2619047619047619,0.0,0.1111111111111111,0.0,0.0,0.0,1.0,1.0
0.3508771929824561,0.5,0.39005908040071924,0.0,1.0,0.0,0.6206896551724138,0.0,0.5555555555555556,0.3333333333333333,0.4857142857142857,0.41379310344827586,0.380952380952381,0.0,0.1111111111111111,0.0,0.0,0.0,0.0,1.0
0.38596491228070173,0.25,0.2995761623426663,0.0,0.0,0.0,0.5517241379310345,0.3333333333333333,0.5,0.6666666666666667,0.24285714285714283,0.5517241379310345,0.42857142857142855,0.0,0.7777777777777777,1.0,1.0,0.0,0.0,0.3333333333333333
1.0,0.75,0.8070896480863088,0.0,1.0,0.0,0.6206896551724138,0.3333333333333333,1.0,0.3333333333333333,0.10000000000000003,0.0,0.8809523809523809,1.0,0.1111111111111111,0.0,1.0,0.0,1.0,1.0
0.7719298245614035,0.75,1.0,0.0,0.0,1.0,0.06896551724137931,0.3333333333333333,0.2222222222222222,0.6666666666666667,0.9142857142857141,0.0,0.5952380952380951,0.0,0.6666666666666666,0.0,0.0,0.0,0.0,0.3333333333333333
0.3508771929824561,0.25,0.2561649113793989,0.0,1.0,0.0,0.48275862068965514,0.0,0.4444444444444444,0.6666666666666667,0.11428571428571427,0.48275862068965514,0.3333333333333333,0.0,0.4444444444444444,0.0,0.0,1.0,0.0,1.0
0.14035087719298245,0.25,0.23368867197534038,0.0,0.0,0.0,0.0,0.0,0.0,0.6666666666666667,0.7,0.0,0.3333333333333333,0.0,0.8888888888888888,0.0,0.0,1.0,0.0,1.0
0.21052631578947367,0.25,0.3320703827382481,0.0,0.0,0.0,0.3448275862068966,0.0,0.3333333333333333,0.6666666666666667,0.02857142857142858,0.27586206896551724,0.16666666666666669,0.0,0.1111111111111111,0.0,0.0,0.0,1.0,0.6666666666666667
0.3508771929824561,0.25,0.2103776008219882,0.0,0.0,0.0,0.5517241379310345,0.0,0.5555555555555556,0.6666666666666667,0.24285714285714283,0.48275862068965514,0.4523809523809524,0.0,0.1111111111111111,0.0,0.0,0.0,1.0,0.0
0.3157894736842105,0.25,0.36109684048291807,1.0,0.0,0.0,0.48275862068965514,0.0,0.4444444444444444,0.0,0.2285714285714286,0.06896551724137931,0.6428571428571428,0.0,0.0,0.0,0.0,0.0,0.0,0.3333333333333333
0.21052631578947367,0.0,0.11494991009504238,0.0,1.0,0.0,0.13793103448275862,0.0,0.16666666666666666,0.3333333333333333,1.0,0.13793103448275862,0.35714285714285715,0.0,0.3333333333333333,0.0,0.0,0.0,0.0,0.6666666666666667
0.14035087719298245,0.0,0.19066272797328537,0.0,0.0,0.0,0.13793103448275862,0.3333333333333333,0.1111111111111111,1.0,0.45714285714285713,0.13793103448275862,0.3095238095238095,0.0,0.8888888888888888,1.0,0.0,0.0,1.0,0.0
0.2807017543859649,0.25,0.2117261751862317,0.0,0.0,0.0,0.0,0.6666666666666666,0.0,0.6666666666666667,0.21428571428571425,0.0,0.19047619047619052,0.0,0.5555555555555556,0.0,0.0,0.0,1.0,0.0
0.21052631578947367,0.25,0.44836886719753405,0.0,0.0,0.0,0.13793103448275862,0.0,0.1111111111111111,0.3333333333333333,0.9714285714285713,0.13793103448275862,0.6666666666666665,0.0,0.8888888888888888,0.0,1.0,0.0,0.0,0.3333333333333333
0.38596491228070173,0.5,0.40630619059851014,0.0,0.0,0.0,0.5517241379310345,0.3333333333333333,0.611111111111111,0.3333333333333333,0.21428571428571425,0.6896551724137931,0.2619047619047619,0.0,0.1111111111111111,0.0,0.0,0.0,0.0,1.0
0.0,0.0,0.014320575391728749,0.0,0.0,0.0,0.0,0.0,0.0,0.6666666666666667,0.9428571428571428,0.0,0.07142857142857145,0.0,0.1111111111111111,0.0,0.0,0.0,0.0,0.6666666666666667
1.0,1.0,1.0,0.0,0.0,0.0,0.9655172413793103,0.3333333333333333,1.0,0.0,0.38571428571428573,0.6206896551724138,0.8095238095238095,0.0,0.1111111111111111,0.0,0.0,0.0,0.0,0.0
0.5964912280701754,0.0,0.18693809401489853,0.0,0.0,0.0,0.06896551724137931,0.3333333333333333,0.16666666666666666,0.3333333333333333,0.7571428571428571,0.13793103448275862,0.4523809523809524,0.0,0.2222222222222222,0.0,0.0,0.0,1.0,0.6666666666666667
0.3508771929824561,0.25,0.265990238890316,0.0,0.0,0.0,0.0,0.3333333333333333,0.5555555555555556,0.6666666666666667,0.8142857142857143,0.6206896551724138,0.49999999999999994,0.0,0.1111111111111111,0.0,0.0,0.0,1.0,0.0
0.17543859649122806,0.0,0.09793218597482661,1.0,0.0,0.0,0.0,0.3333333333333333,0.05555555555555555,1.0,0.9714285714285713,0.0,0.21428571428571425,0.0,0.8888888888888888,0.0,0.0,0.0,1.0,0.6666666666666667
0.5964912280701754,0.25,0.35814282044695606,0.0,1.0,0.0,0.5517241379310345,0.3333333333333333,0.8888888888888888,0.6666666666666667,0.5428571428571429,0.7586206896551724,0.42857142857142855,1.0,0.0,0.0,0.0,0.0,0.0,0.6666666666666667
0.5614035087719298,0.25,0.35692268173645003,0.0,0.0,0.0,0.7586206896551724,0.0,0.8333333333333333,0.6666666666666667,0.9428571428571428,0.7586206896551724,0.7380952380952379,0.0,0.1111111111111111,0.0,0.0,0.0,1.0,0.6666666666666667
0.3157894736842105,0.25,0.1685075777035705,0.0,1.0,0.0,0.5517241379310345,0.3333333333333333,0.5,0.6666666666666667,0.17142857142857143,0.5517241379310345,0.6428571428571428,0.0,0.1111111111111111,1.0,1.0,0.0,0.0,1.0
0.7368421052631579,0.75,1.0,0.0,0.0,1.0,0.41379310344827586,0.0,1.0,0.3333333333333333,0.2571428571428572,0.41379310344827586,0.6428571428571428,0.0,0.1111111111111111,0.0,0.0,0.0,0.0,1.0
0.17543859649122806,0.0,0.18019522219368098,0.0,1.0,0.0,0.20689655172413793,0.3333333333333333,0.2777777777777778,0.6666666666666667,0.18571428571428567,0.0,0.380952380952381,0.0,0.1111111111111111,0.0,0.0,1.0,1.0,1.0
0.14035087719298245,0.25,0.2426791677369638,0.0,1.0,0.0,0.13793103448275862,0.0,0.16666666666666666,0.3333333333333333,0.2,0.13793103448275862,0.4047619047619047,0.0,0.0,0.0,0.0,0.0,0.0,1.0
0.17543859649122806,0.0,0.16638838941690212,0.0,0.0,0.0,0.27586206896551724,0.3333333333333333,0.2777777777777778,0.6666666666666667,0.9857142857142855,0.27586206896551724,0.35714285714285715,0.0,0.1111111111111111,0.0,0.0,0.0,0.0,0.3333333333333333
0.49122807017543857,0.5,0.6030696121243257,0.0,0.0,0.0,0.5517241379310345,0.0,0.7777777777777777,0.0,0.02857142857142858,0.5517241379310345,0.3333333333333333,0.0,0.1111111111111111,0.0,0.0,0.0,1.0,1.0
0.3508771929824561,0.25,0.275815566401233,0.0,0.0,0.0,0.48275862068965514,0.3333333333333333,0.4444444444444444,0.6666666666666667,0.9857142857142855,0.48275862068965514,0.28571428571428564,0.0,0.7777777777777777,0.0,0.0,0.0,0.0,0.6666666666666667
0.3157894736842105,0.5,0.4888260981248394,0.0,0.0,0.0,0.48275862068965514,0.0,0.4444444444444444,0.3333333333333333,0.2285714285714286,0.48275862068965514,0.380952380952381,1.0,0.1111111111111111,0.0,0.0,0.0,1.0,1.0
0.10526315789473684,0.0,0.084318006678654,1.0,0.0,0.0,0.0,0.3333333333333333,0.0,0.6666666666666667,0.45714285714285713,0.0,0.11904761904761901,0.0,0.3333333333333333,0.0,0.0,0.0,0.0,0.6666666666666667
0.38596491228070173,0.25,0.2846134086822502,0.0,1.0,0.0,0.48275862068965514,0.0,0.5555555555555556,0.6666666666666667,0.5857142857142856,0.0,0.7857142857142856,0.0,0.0,0.0,0.0,0.0,0.0,0.6666666666666667
0.17543859649122806,0.0,0.07352941176470587,0.0,1.0,0.0,0.13793103448275862,0.0,0.2222222222222222,0.6666666666666667,0.2,0.13793103448275862,0.23809523809523808,0.0,0.0,1.0,0.0,1.0,1.0,1.0
0.3508771929824561,0.25,0.31119958900590805,0.0,1.0,0.0,0.48275862068965514,0.6666666666666666,0.5,0.6666666666666667,0.1571428571428572,0.3448275862068966,0.3095238095238095,1.0,0.0,0.0,0.0,0.0,1.0,1.0
0.3157894736842105,0.5,0.4111867454405343,0.0,0.0,0.0,0.48275862068965514,0.0,0.5,0.6666666666666667,0.5428571428571429,0.48275862068965514,0.21428571428571425,0.0,0.1111111111111111,0.0,0.0,0.0,0.0,0.6666666666666667
0.21052631578947367,0.0,0.2521834061135371,0.0,0.0,0.0,0.06896551724137931,0.3333333333333333,0.2777777777777778,0.3333333333333333,0.4714285714285715,0.27586206896551724,0.23809523809523808,0.0,0.1111111111111111,0.0,0.0,0.0,1.0,0.3333333333333333
0.3508771929824561,0.25,0.2661828923709222,0.0,0.0,0.0,0.48275862068965514,0.6666666666666666,0.4444444444444444,0.6666666666666667,0.5285714285714285,0.48275862068965514,0.6428571428571428,0.0,0.4444444444444444,0.0,1.0,0.0,0.0,0.6666666666666667
0.3157894736842105,0.25,0.35082198818391985,0.0,1.0,0.0,0.5517241379310345,0.3333333333333333,0.5,0.6666666666666667,0.6714285714285713,0.5517241379310345,0.49999999999999994,0.0,0.1111111111111111,1.0,1.0,0.0,0.0,1.0
0.2807017543859649,0.0,0.09671204726432059,0.0,1.0,0.0,0.06896551724137931,0.0,0.1111111111111111,0.6666666666666667,0.07142857142857145,0.13793103448275862,0.5714285714285714,0.0,0.5555555555555556,0.0,0.0,1.0,1.0,0.3333333333333333
0.3157894736842105,0.25,0.23587207808887745,0.0,0.0,0.0,0.48275862068965514,0.0,0.38888888888888884,0.3333333333333333,0.2285714285714286,0.06896551724137931,0.35714285714285715,0.0,0.3333333333333333,0.0,0.0,1.0,0.0,0.3333333333333333
0.3508771929824561,0.5,0.4260852812740817,0.0,0.0,0.0,0.48275862068965514,0.6666666666666666,0.5,0.3333333333333333,0.9142857142857141,0.27586206896551724,0.42857142857142855,0.0,0.0,0.0,0.0,0.0,1.0,0.0
0.7017543859649122,0.25,0.2823015669149756,1.0,1.0,0.0,0.13793103448275862,0.6666666666666666,0.2222222222222222,0.0,0.6714285714285713,0.20689655172413793,0.4761904761904761,0.0,0.2222222222222222,0.0,0.0,0.0,0.0,0.3333333333333333
1.0,0.75,0.8166581042897507,0.0,1.0,0.0,0.20689655172413793,0.0,0.2777777777777778,0.3333333333333333,0.5571428571428572,0.20689655172413793,0.976190476190476,0.0,0.3333333333333333,0.0,0.0,0.0,0.0,0.6666666666666667
0.3508771929824561,0.25,0.38029797071667093,0.0,0.0,0.0,0.13793103448275862,0.3333333333333333,0.16666666666666666,0.6666666666666667,0.21428571428571425,0.13793103448275862,0.2619047619047619,0.0,0.2222222222222222,0.0,0.0,0.0,0.0,1.0
0.9824561403508771,1.0,1.0,0.0,0.0,1.0,0.27586206896551724,0.0,0.2777777777777778,0.6666666666666667,0.17142857142857143,0.20689655172413793,0.7380952380952379,0.0,0.3333333333333333,0.0,0.0,1.0,0.0,0.3333333333333333
0.6666666666666666,0.25,0.34279475982532753,0.0,0.0,0.0,0.48275862068965514,0.3333333333333333,1.0,0.6666666666666667,0.9285714285714286,0.896551724137931,0.7619047619047619,0.0,0.0,0.0,1.0,0.0,0.0,1.0
0.21052631578947367,0.25,0.34292319547906497,0.0,1.0,0.0,0.27586206896551724,0.3333333333333333,0.2777777777777778,0.6666666666666667,0.6142857142857143,0.27586206896551724,0.21428571428571425,0.0,0.0,0.0,1.0,0.0,0.0,0.6666666666666667
0.3508771929824561,0.0,0.12374775237605959,0.0,0.0,0.0,0.20689655172413793,0.6666666666666666,0.3333333333333333,0.6666666666666667,0.11428571428571427,0.20689655172413793,0.5714285714285714,0.0,0.3333333333333333,0.0,1.0,0.0,0.0,0.6666666666666667
0.2807017543859649,0.0,0.12927048548677114,0.0,0.0,0.0,0.0,0.0,0.05555555555555555,0.6666666666666667,0.6142857142857143,0.0,0.4523809523809524,0.0,0.4444444444444444,0.0,0.0,0.0,0.0,0.3333333333333333
0.42105263157894735,0.0,0.1722964294888261,0.0,0.0,0.0,0.6896551724137931,0.0,0.611111111111111,0.6666666666666667,0.2285714285714286,0.48275862068965514,0.42857142857142855,0.0,0.1111111111111111,0.0,0.0,1.0,0.0,0.6666666666666667
0.7017543859649122,0.25,0.2607885949139481,0.0,0.0,0.0,0.0,1.0,0.2777777777777778,0.6666666666666667,0.49999999999999994,0.27586206896551724,0.6904761904761905,0.0,0.5555555555555556,0.0,0.0,0.0,1.0,0.0
0.7368421052631579,0.75,0.7919342409452863,0.0,0.0,0.0,0.5517241379310345,0.0,1.0,0.6666666666666667,0.6714285714285713,0.6896551724137931,0.49999999999999994,0.0,0.0,0.0,0.0,0.0,0.0,0.3333333333333333
0.3508771929824561,0.25,0.3481248394554328,0.0,0.0,0.0,0.13793103448275862,0.3333333333333333,0.16666666666666666,0.0,0.42857142857142855,0.13793103448275862,0.5476190476190477,0.0,0.6666666666666666,0.0,1.0,0.0,0.0,0.6666666666666667
0.3157894736842105,0.5,0.42024145902902643,0.0,1.0,0.0,0.48275862068965514,0.0,0.4444444444444444,0.6666666666666667,0.7714285714285714,0.48275862068965514,0.2619047619047619,1.0,0.0,0.0,0.0,1.0,0.0,0.6666666666666667
0.6666666666666666,0.25,0.21243257128178783,0.0,1.0,0.0,0.13793103448275862,0.0,0.16666666666666666,0.6666666666666667,0.02857142857142858,0.13793103448275862,0.4761904761904761,0.0,0.3333333333333333,0.0,0.0,0.0,0.0,1.0
0.2807017543859649,0.0,0.08740046236835344,0.0,0.0,0.0,0.0,0.3333333333333333,0.4444444444444444,0.6666666666666667,0.6428571428571428,0.48275862068965514,0.3333333333333333,0.0,0.1111111111111111,1.0,0.0,0.0,1.0,0.6666666666666667
0.3508771929824561,0.5,0.4133701515540714,0.0,0.0,0.0,0.5517241379310345,0.0,0.5555555555555556,1.0,1.0,0.48275862068965514,0.3095238095238095,0.0,0.1111111111111111,0.0,0.0,1.0,0.0,0.6666666666666667
0.10526315789473684,0.0,0.13537117903930132,0.0,0.0,0.0,0.13793103448275862,0.0,0.1111111111111111,0.6666666666666667,0.9571428571428571,0.13793103448275862,0.07142857142857145,0.0,0.1111111111111111,0.0,0.0,0.0,1.0,0.6666666666666667
0.42105263157894735,0.25,0.2923837657333676,0.0,0.0,0.0,0.13793103448275862,0.3333333333333333,0.2777777777777778,0.6666666666666667,0.04285714285714287,0.13793103448275862,0.5952380952380951,1.0,0.4444444444444444,0.0,0.0,1.0,0.0,1.0
0.24561403508771928,0.0,0.14750834831749293,0.0,0.0,0.0,0.0,0.3333333333333333,0.0,0.6666666666666667,0.8142857142857143,0.0,0.4761904761904761,0.0,0.7777777777777777,1.0,0.0,0.0,1.0,1.0
0.6666666666666666,0.5,0.7873105574107373,0.0,0.0,1.0,0.7586206896551724,1.0,0.7777777777777777,0.3333333333333333,0.28571428571428575,0.7586206896551724,0.7619047619047619,0.0,0.5555555555555556,0.0,0.0,0.0,0.0,1.0
0.45614035087719296,0.5,0.6189956331877728,0.0,0.0,0.0,0.5517241379310345,0.3333333333333333,0.7222222222222222,0.6666666666666667,0.04285714285714287,0.5517241379310345,0.3095238095238095,0.0,0.1111111111111111,0.0,0.0,0.0,0.0,0.6666666666666667
0.3508771929824561,0.25,0.308502440277421,0.0,1.0,0.0,0.48275862068965514,0.0,0.5555555555555556,0.6666666666666667,0.7714285714285714,0.48275862068965514,0.4047619047619047,0.0,0.1111111111111111,0.0,0.0,0.0,0.0,0.6666666666666667
0.631578947368421,0.25,0.20472643205753915,0.0,1.0,0.0,0.0,0.0,0.05555555555555555,0.6666666666666667,0.2714285714285714,0.06896551724137931,0.4523809523809524,0.0,0.2222222222222222,0.0,0.0,0.0,0.0,0.6666666666666667
0.2807017543859649,0.25,0.33425378885178525,0.0,0.0,0.0,0.48275862068965514,0.3333333333333333,0.4444444444444444,0.6666666666666667,0.3714285714285714,0.48275862068965514,0.21428571428571425,0.0,0.1111111111111111,0.0,0.0,0.0,0.0,0.3333333333333333
0.9473684210526315,0.5,0.6415360904187002,0.0,0.0,0.0,0.7586206896551724,0.0,0.8333333333333333,0.3333333333333333,0.6857142857142857,0.5517241379310345,0.7142857142857142,1.0,0.7777777777777777,0.0,0.0,0.0,0.0,0.6666666666666667
0.7017543859649122,0.25,0.07218083740046238,0.0,1.0,0.0,0.7586206896551724,0.3333333333333333,1.0,0.3333333333333333,0.39999999999999997,0.48275862068965514,0.4761904761904761,0.0,0.1111111111111111,0.0,0.0,1.0,1.0,1.0
0.14035087719298245,0.25,0.21609298741330596,0.0,0.0,0.0,0.13793103448275862,0.0,0.16666666666666666,0.3333333333333333,0.04285714285714287,0.13793103448275862,0.42857142857142855,0.0,0.0,0.0,1.0,0.0,1.0,1.0
0.21052631578947367,0.0,0.06999743128692526,0.0,0.0,0.0,0.0,0.0,0.2777777777777778,0.6666666666666667,0.8714285714285714,0.27586206896551724,0.21428571428571425,0.0,0.0,1.0,0.0,0.0,0.0,0.3333333333333333
0.17543859649122806,0.0,0.06550218340611355,0.0,0.0,0.0,0.27586206896551724,1.0,0.2777777777777778,0.3333333333333333,0.8857142857142857,0.0,0.380952380952381,0.0,0.1111111111111111,0.0,1.0,0.0,0.0,0.0
0.9824561403508771,0.75,0.8194836886719754,0.0,1.0,0.0,0.13793103448275862,0.6666666666666666,1.0,0.6666666666666667,0.2714285714285714,0.896551724137931,0.6904761904761905,0.0,1.0,0.0,0.0,1.0,1.0,1.0
0.5964912280701754,0.0,0.10133573079886976,0.0,1.0,0.0,0.13793103448275862,0.3333333333333333,0.1111111111111111,0.6666666666666667,0.6285714285714286,0.13793103448275862,0.7380952380952379,0.0,0.4444444444444444,1.0,0.0,0.0,1.0,1.0
1.0,0.75,1.0,0.0,1.0,0.0,0.0,0.3333333333333333,0.05555555555555555,0.6666666666666667,0.5999999999999999,0.0,0.9523809523809523,0.0,0.4444444444444444,0.0,0.0,0.0,0.0,1.0
0.21052631578947367,0.0,0.1408296943231441,1.0,1.0,0.0,0.20689655172413793,0.0,0.2777777777777778,0.6666666666666667,0.45714285714285713,0.27586206896551724,0.14285714285714285,0.0,0.1111111111111111,0.0,0.0,0.0,0.0,0.0
0.14035087719298245,0.0,0.13941690213203187,0.0,0.0,0.0,0.13793103448275862,1.0,0.16666666666666666,0.6666666666666667,0.9571428571428571,0.13793103448275862,0.2619047619047619,0.0,0.0,1.0,0.0,1.0,0.0,1.0
0.5964912280701754,0.25,0.3619958900590804,0.0,0.0,0.0,0.7586206896551724,0.0,0.9444444444444444,0.0,0.7428571428571429,0.5517241379310345,0.4047619047619047,0.0,0.1111111111111111,0.0,0.0,0.0,0.0,0.3333333333333333
0.17543859649122806,0.0,0.08727202671461598,0.0,0.0,0.0,0.27586206896551724,0.0,0.2777777777777778,0.3333333333333333,0.2285714285714286,0.20689655172413793,0.19047619047619052,0.0,0.1111111111111111,0.0,0.0,0.0,0.0,0.6666666666666667
1.0,1.0,1.0,0.0,1.0,1.0,1.0,0.0,1.0,0.6666666666666667,0.01428571428571429,0.5517241379310345,0.9523809523809523,0.0,0.7777777777777777,0.0,0.0,0.0,0.0,1.0
0.7719298245614035,1.0,1.0,0.0,0.0,0.0,0.0,0.0,0.0,0.6666666666666667,0.7571428571428571,0.0,0.6428571428571428,0.0,0.3333333333333333,0.0,0.0,1.0,1.0,0.3333333333333333
0.6666666666666666,0.5,0.7097354225533008,0.0,0.0,1.0,0.5517241379310345,0.3333333333333333,0.5555555555555556,0.3333333333333333,0.7285714285714284,0.06896551724137931,0.4761904761904761,0.0,0.3333333333333333,0.0,0.0,0.0,0.0,0.0
0.07017543859649122,0.0,0.07930901618289238,0.0,0.0,0.0,0.06896551724137931,0.3333333333333333,0.1111111111111111,0.6666666666666667,0.18571428571428567,0.13793103448275862,0.09523809523809518,0.0,0.1111111111111111,0.0,0.0,0.0,1.0,0.0
0.17543859649122806,0.0,0.08374004623683534,0.0,1.0,0.0,0.13793103448275862,0.0,0.1111111111111111,0.3333333333333333,0.35714285714285715,0.13793103448275862,0.35714285714285715,0.0,0.4444444444444444,0.0,0.0,0.0,1.0,0.0
0.3508771929824561,0.5,0.4754045723092731,0.0,0.0,0.0,0.5517241379310345,0.0,0.5,0.6666666666666667,0.5571428571428572,0.5517241379310345,0.28571428571428564,0.0,0.0,0.0,1.0,0.0,0.0,0.6666666666666667
0.10526315789473684,0.0,0.12137169278191626,1.0,0.0,0.0,0.13793103448275862,0.3333333333333333,0.1111111111111111,0.3333333333333333,0.9714285714285713,0.13793103448275862,0.4761904761904761,0.0,0.0,0.0,0.0,0.0,0.0,0.3333333333333333
0.07017543859649122,0.0,0.08778576932956589,0.0,0.0,0.0,0.13793103448275862,0.3333333333333333,0.1111111111111111,0.3333333333333333,0.24285714285714283,0.13793103448275862,0.4047619047619047,0.0,0.1111111111111111,1.0,0.0,1.0,0.0,1.0
0.3508771929824561,0.25,0.23234009761109686,0.0,0.0,0.0,0.13793103448275862,0.3333333333333333,0.5,0.3333333333333333,0.2571428571428572,0.48275862068965514,0.28571428571428564,0.0,0.0,1.0,0.0,0.0,0.0,0.0
0.21052631578947367,0.25,0.2336244541484716,0.0,1.0,0.0,0.3448275862068966,0.6666666666666666,0.3333333333333333,1.0,0.5857142857142856,0.27586206896551724,0.21428571428571425,0.0,0.1111111111111111,0.0,0.0,1.0,1.0,1.0
0.17543859649122806,0.0,0.1051888004109941,0.0,0.0,0.0,0.13793103448275862,0.0,0.2777777777777778,0.6666666666666667,0.6857142857142857,0.27586206896551724,0.11904761904761901,0.0,0.1111111111111111,1.0,0.0,0.0,0.0,1.0
0.8421052631578947,1.0,1.0,0.0,1.0,1.0,0.06896551724137931,0.3333333333333333,0.1111111111111111,0.6666666666666667,0.2285714285714286,0.13793103448275862,0.6666666666666665,0.0,0.7777777777777777,0.0,0.0,0.0,1.0,0.6666666666666667
0.3157894736842105,0.25,0.3725918314924223,0.0,0.0,0.0,0.41379310344827586,0.0,0.38888888888888884,0.3333333333333333,0.35714285714285715,0.48275862068965514,0.21428571428571425,1.0,0.8888888888888888,0.0,0.0,0.0,1.0,1.0
0.2807017543859649,0.0,0.1540585666581043,0.0,0.0,0.0,0.20689655172413793,1.0,0.2222222222222222,0.0,0.11428571428571427,0.20689655172413793,0.35714285714285715,0.0,0.7777777777777777,1.0,0.0,0.0,1.0,0.0
0.631578947368421,0.25,0.34870279989725145,0.0,0.0,0.0,0.48275862068965514,0.3333333333333333,0.4444444444444444,0.6666666666666667,0.9428571428571428,0.48275862068965514,0.7142857142857142,0.0,0.8888888888888888,0.0,0.0,0.0,0.0,0.6666666666666667
0.5263157894736842,0.25,0.30837400462368353,0.0,1.0,0.0,0.0,0.3333333333333333,0.05555555555555555,0.0,0.42857142857142855,0.0,0.4761904761904761,1.0,0.3333333333333333,0.0,0.0,0.0,1.0,0.3333333333333333
0.21052631578947367,0.0,0.09915232468533264,0.0,0.0,0.0,0.13793103448275862,0.0,0.2777777777777778,0.3333333333333333,1.0,0.20689655172413793,0.380952380952381,0.0,0.1111111111111111,0.0,0.0,1.0,0.0,0.6666666666666667
0.17543859649122806,0.25,0.21403801695350627,0.0,0.0,0.0,0.13793103448275862,0.3333333333333333,0.2222222222222222,0.6666666666666667,0.7714285714285714,0.06896551724137931,0.21428571428571425,0.0,0.0,0.0,0.0,1.0,0.0,0.6666666666666667
0.03508771929824561,0.0,0.06896994605702544,0.0,0.0,0.0,0.0,0.3333333333333333,0.05555555555555555,0.6666666666666667,0.5857142857142856,0.0,0.28571428571428564,0.0,0.1111111111111111,0.0,0.0,1.0,1.0,0.6666666666666667
0.24561403508771928,0.25,0.27992550732083227,0.0,1.0,0.0,0.3448275862068966,0.3333333333333333,0.3333333333333333,0.6666666666666667,0.08571428571428569,0.13793103448275862,0.35714285714285715,0.0,0.1111111111111111,0.0,1.0,0.0,0.0,0.6666666666666667
0.03508771929824561,0.0,0.10191369124068841,0.0,0.0,0.0,0.0,0.6666666666666666,0.05555555555555555,0.3333333333333333,0.21428571428571425,0.0,0.23809523809523808,0.0,0.1111111111111111,1.0,0.0,1.0,1.0,0.0
0.03508771929824561,0.0,0.05015412278448497,1.0,0.0,0.0,0.0,0.3333333333333333,0.05555555555555555,0.6666666666666667,0.04285714285714287,0.0,0.11904761904761901,0.0,0.1111111111111111,0.0,0.0,1.0,0.0,1.0
0.7017543859649122,0.25,0.2605959414333419,0.0,1.0,0.0,0.6896551724137931,0.0,1.0,1.0,0.4857142857142857,0.48275862068965514,0.6904761904761905,0.0,0.1111111111111111,0.0,0.0,1.0,1.0,0.6666666666666667
0.3508771929824561,0.0,0.06845620344207554,0.0,0.0,0.0,0.13793103448275862,0.6666666666666666,0.2222222222222222,0.6666666666666667,0.9428571428571428,0.20689655172413793,0.7857142857142856,0.0,0.3333333333333333,1.0,0.0,0.0,0.0,1.0
0.3508771929824561,0.25,0.15399434883123556,0.0,0.0,0.0,0.6206896551724138,0.6666666666666666,0.5555555555555556,1.0,0.2285714285714286,0.5517241379310345,0.4047619047619047,0.0,0.1111111111111111,1.0,0.0,0.0,0.0,0.3333333333333333
0.2807017543859649,0.0,0.10583097867968147,0.0,1.0,0.0,0.13793103448275862,0.0,0.2777777777777778,0.6666666666666667,0.8285714285714285,0.27586206896551724,0.28571428571428564,0.0,0.5555555555555556,0.0,0.0,0.0,0.0,1.0
0.45614035087719296,0.25,0.3390059080400719,0.0,0.0,0.0,0.20689655172413793,0.3333333333333333,0.2222222222222222,0.3333333333333333,0.21428571428571425,0.13793103448275862,0.4761904761904761,1.0,0.2222222222222222,0.0,0.0,1.0,0.0,0.0
0.21052631578947367,0.0,0.19406627279732852,0.0,0.0,0.0,0.13793103448275862,0.3333333333333333,0.1111111111111111,0.6666666666666667,0.8714285714285714,0.13793103448275862,0.16666666666666669,0.0,0.5555555555555556,1.0,0.0,0.0,1.0,0.0
0.3157894736842105,0.25,0.20254302594400203,0.0,1.0,0.0,0.0,0.0,0.5,0.6666666666666667,0.7571428571428571,0.48275862068965514,0.6904761904761905,0.0,0.1111111111111111,0.0,0.0,0.0,0.0,1.0
1.0,1.0,1.0,0.0,0.0,1.0,0.6896551724137931,0.0,1.0,0.3333333333333333,0.8714285714285714,0.6206896551724138,0.7142857142857142,0.0,0.4444444444444444,0.0,0.0,0.0,0.0,1.0
0.5614035087719298,0.5,0.6353711790393013,0.0,0.0,0.0,0.6896551724137931,0.0,0.7222222222222222,0.3333333333333333,0.6857142857142857,0.5517241379310345,0.4047619047619047,0.0,0.3333333333333333,0.0,0.0,0.0,0.0,1.0
0.2807017543859649,0.0,0.11122527613665553,0.0,1.0,0.0,0.48275862068965514,0.3333333333333333,0.38888888888888884,0.6666666666666667,0.39999999999999997,0.0,0.19047619047619052,0.0,0.0,0.0,0.0,1.0,0.0,0.3333333333333333
0.3508771929824561,0.5,0.6518109427176983,0.0,0.0,1.0,0.48275862068965514,0.0,0.38888888888888884,0.6666666666666667,0.12857142857142861,0.48275862068965514,0.3333333333333333,0.0,0.3333333333333333,0.0,0.0,0.0,0.0,0.6666666666666667
0.21052631578947367,0.0,0.21281787824300025,0.0,0.0,0.0,0.27586206896551724,0.0,0.2777777777777778,0.6666666666666667,1.0,0.27586206896551724,0.4047619047619047,0.0,0.1111111111111111,0.0,0.0,0.0,0.0,0.6666666666666667
0.38596491228070173,0.0,0.1693424094528641,0.0,1.0,0.0,0.0,0.0,0.05555555555555555,0.3333333333333333,0.3428571428571428,0.0,0.49999999999999994,0.0,0.2222222222222222,1.0,1.0,0.0,0.0,0.0
0.2807017543859649,0.25,0.20774466992036988,0.0,0.0,0.0,0.48275862068965514,0.3333333333333333,0.4444444444444444,1.0,0.11428571428571427,0.48275862068965514,0.5238095238095237,1.0,0.1111111111111111,0.0,0.0,1.0,1.0,0.6666666666666667
0.42105263157894735,0.0,0.1650398150526586,0.0,1.0,0.0,0.6206896551724138,0.3333333333333333,0.611111111111111,0.6666666666666667,0.4714285714285715,0.48275862068965514,0.28571428571428564,0.0,0.0,0.0,0.0,0.0,1.0,1.0
0.24561403508771928,0.25,0.37522476239404057,0.0,0.0,0.0,0.06896551724137931,0.3333333333333333,0.2777777777777778,0.3333333333333333,0.7714285714285714,0.20689655172413793,0.5238095238095237,0.0,0.7777777777777777,0.0,0.0,0.0,0.0,0.3333333333333333
0.21052631578947367,0.0,0.18918571795530437,0.0,0.0,0.0,0.20689655172413793,0.6666666666666666,0.2777777777777778,0.3333333333333333,0.4142857142857143,0.20689655172413793,0.19047619047619052,0.0,0.1111111111111111,1.0,0.0,0.0,1.0,0.0
0.10526315789473684,0.0,0.10281274081685077,1.0,0.0,0.0,0.13793103448275862,0.0,0.16666666666666666,0.6666666666666667,0.12857142857142861,0.13793103448275862,0.07142857142857145,0.0,0.1111111111111111,0.0,1.0,0.0,1.0,0.0
0.45614035087719296,0.25,0.5033393269971744,0.0,1.0,0.0,0.13793103448275862,0.3333333333333333,0.16666666666666666,0.3333333333333333,0.2571428571428572,0.13793103448275862,0.42857142857142855,0.0,0.2222222222222222,0.0,0.0,0.0,1.0,0.3333333333333333
0.17543859649122806,0.0,0.0728872334960185,0.0,0.0,0.0,0.20689655172413793,0.0,0.2777777777777778,0.6666666666666667,0.2714285714285714,0.27586206896551724,0.23809523809523808,0.0,0.1111111111111111,0.0,1.0,0.0,1.0,0.6666666666666667
0.2807017543859649,0.0,0.09966606730028257,0.0,0.0,0.0,0.0,0.0,0.0,0.3333333333333333,0.11428571428571427,0.0,0.23809523809523808,0.0,0.7777777777777777,1.0,0.0,1.0,1.0,0.6666666666666667
0.03508771929824561,0.0,0.10724377087079373,1.0,0.0,0.0,0.0,0.0,0.05555555555555555,0.6666666666666667,0.01428571428571429,0.0,0.07142857142857145,0.0,0.1111111111111111,0.0,0.0,0.0,0.0,0.3333333333333333
0.7017543859649122,0.25,0.15662727973285384,0.0,0.0,0.0,0.0,0.3333333333333333,0.05555555555555555,0.3333333333333333,0.6857142857142857,0.0,0.5238095238095237,0.0,0.6666666666666666,1.0,0.0,0.0,1.0,0.3333333333333333
0.14035087719298245,0.25,0.21146930387875673,0.0,0.0,0.0,0.13793103448275862,0.3333333333333333,0.16666666666666666,0.6666666666666667,0.0,0.13793103448275862,0.35714285714285715,0.0,0.0,0.0,0.0,1.0,0.0,1.0
0.2807017543859649,0.0,0.19002054970459797,0.0,0.0,0.0,0.0,0.0,0.0,0.6666666666666667,0.7285714285714284,0.0,0.5714285714285714,0.0,0.4444444444444444,1.0,0.0,0.0,0.0,1.0
0.5614035087719298,0.5,0.5265219624967892,0.0,0.0,0.0,0.13793103448275862,0.0,0.1111111111111111,0.6666666666666667,0.6714285714285713,0.06896551724137931,0.7619047619047619,0.0,0.4444444444444444,0.0,0.0,1.0,0.0,0.6666666666666667
0.5964912280701754,0.5,0.5385949139481121,0.0,0.0,0.0,0.13793103448275862,0.3333333333333333,0.2222222222222222,0.6666666666666667,0.9571428571428571,0.20689655172413793,0.6666666666666665,1.0,0.7777777777777777,0.0,0.0,0.0,1.0,1.0
0.03508771929824561,0.0,0.0,0.0,1.0,0.0,0.0,0.0,0.05555555555555555,0.6666666666666667,0.02857142857142858,0.06896551724137931,0.047619047619047616,0.0,0.1111111111111111,0.0,0.0,0.0,1.0,1.0
0.2807017543859649,0.25,0.24666067300282557,0.0,0.0,0.0,0.20689655172413793,0.0,0.2777777777777778,0.6666666666666667,0.28571428571428575,0.06896551724137931,0.6428571428571428,0.0,0.8888888888888888,0.0,0.0,0.0,0.0,1.0
0.14035087719298245,0.0,0.0851528384279476,0.0,1.0,0.0,0.13793103448275862,1.0,0.1111111111111111,0.3333333333333333,0.3714285714285714,0.0,0.2619047619047619,0.0,0.4444444444444444,0.0,0.0,0.0,0.0,0.0
0.3508771929824561,0.25,0.259825327510917,0.0,0.0,0.0,0.48275862068965514,0.0,0.38888888888888884,1.0,0.6285714285714286,0.48275862068965514,0.3333333333333333,0.0,0.7777777777777777,0.0,0.0,0.0,1.0,0.0
0.5263157894736842,0.25,0.23811970202928334,0.0,0.0,0.0,0.6206896551724138,0.0,0.611111111111111,0.6666666666666667,0.7857142857142856,0.6206896551724138,0.4047619047619047,0.0,1.0,0.0,0.0,0.0,0.0,0.3333333333333333
0.3508771929824561,0.25,0.19779090675571537,0.0,0.0,0.0,0.13793103448275862,0.6666666666666666,0.5555555555555556,0.6666666666666667,0.7285714285714284,0.13793103448275862,0.5714285714285714,1.0,0.1111111111111111,0.0,0.0,0.0,0.0,0.6666666666666667
0.5964912280701754,0.5,0.5804649370665296,0.0,0.0,0.0,0.0,0.6666666666666666,0.05555555555555555,0.6666666666666667,0.4428571428571429,0.0,0.4523809523809524,0.0,0.6666666666666666,0.0,0.0,1.0,1.0,0.0
0.5263157894736842,0.25,0.22084510660159262,0.0,0.0,0.0,0.27586206896551724,0.3333333333333333,0.38888888888888884,0.6666666666666667,0.24285714285714283,0.48275862068965514,0.5238095238095237,1.0,0.2222222222222222,0.0,0.0,0.0,0.0,0.3333333333333333
0.17543859649122806,0.0,0.10133573079886976,0.0,0.0,0.0,0.13793103448275862,0.0,0.2222222222222222,0.6666666666666667,0.9571428571428571,0.0,0.9047619047619047,0.0,0.1111111111111111,1.0,0.0,0.0,0.0,0.0
0.3508771929824561,0.25,0.5482918058052915,0.0,0.0,0.0,0.6206896551724138,0.0,0.5555555555555556,0.3333333333333333,0.21428571428571425,0.6206896551724138,0.380952380952381,0.0,0.1111111111111111,0.0,0.0,1.0,0.0,1.0
0.45614035087719296,0.25,0.2117261751862317,0.0,0.0,0.0,0.6896551724137931,0.3333333333333333,0.7222222222222222,0.6666666666666667,0.01428571428571429,0.8275862068965517,0.3095238095238095,0.0,0.1111111111111111,0.0,0.0,0.0,1.0,0.3333333333333333
0.7368421052631579,1.0,1.0,0.0,1.0,0.0,0.5517241379310345,0.3333333333333333,1.0,0.6666666666666667,0.31428571428571433,0.41379310344827586,0.49999999999999994,0.0,0.1111111111111111,0.0,0.0,1.0,0.0,0.3333333333333333
0.03508771929824561,0.0,0.1260595941433342,0.0,0.0,0.0,0.0,0.0,0.05555555555555555,0.6666666666666667,0.07142857142857145,0.0,0.380952380952381,0.0,0.1111111111111111,0.0,0.0,0.0,1.0,0.0
0.3157894736842105,0.5,0.6683149242229642,0.0,1.0,1.0,0.48275862068965514,1.0,0.4444444444444444,1.0,0.6142857142857143,0.48275862068965514,0.28571428571428564,0.0,0.0,0.0,0.0,0.0,0.0,0.3333333333333333
0.8421052631578947,0.75,0.7858977652196251,0.0,1.0,0.0,0.20689655172413793,0.3333333333333333,0.2777777777777778,1.0,0.4142857142857143,0.13793103448275862,0.8095238095238095,0.0,0.2222222222222222,0.0,0.0,1.0,1.0,1.0
0.3508771929824561,0.5,0.541035191369124,0.0,0.0,0.0,0.48275862068965514,0.3333333333333333,0.5555555555555556,0.6666666666666667,0.08571428571428569,0.5517241379310345,0.4523809523809524,0.0,0.1111111111111111,0.0,0.0,0.0,0.0,0.6666666666666667
0.3157894736842105,0.25,0.2675314667351657,0.0,0.0,0.0,0.20689655172413793,0.3333333333333333,0.2777777777777778,1.0,0.8714285714285714,0.20689655172413793,0.3333333333333333,0.0,0.5555555555555556,0.0,0.0,0.0,1.0,0.6666666666666667
0.21052631578947367,0.25,0.2887233496018495,0.0,0.0,0.0,0.13793103448275862,0.6666666666666666,0.3333333333333333,0.6666666666666667,0.8999999999999999,0.27586206896551724,0.35714285714285715,0.0,0.1111111111111111,0.0,0.0,0.0,1.0,1.0
0.0,0.0,0.05747495504752119,0.0,0.0,0.0,0.0,0.0,0.0,0.6666666666666667,0.7142857142857142,0.0,0.0,0.0,0.1111111111111111,1.0,1.0,0.0,1.0,0.6666666666666667
0.45614035087719296,0.0,0.10904187002311841,0.0,0.0,0.0,0.48275862068965514,0.0,0.5,0.6666666666666667,0.12857142857142861,0.48275862068965514,0.35714285714285715,0.0,0.7777777777777777,1.0,0.0,0.0,0.0,0.0
0.03508771929824561,0.0,0.06415360904187004,0.0,0.0,0.0,0.06896551724137931,1.0,0.05555555555555555,0.3333333333333333,0.4142857142857143,0.0,0.35714285714285715,0.0,0.1111111111111111,1.0,1.0,0.0,1.0,0.3333333333333333
0.3508771929824561,0.0,0.17672745954276908,0.0,0.0,0.0,0.27586206896551724,0.3333333333333333,0.2777777777777778,0.3333333333333333,0.6428571428571428,0.20689655172413793,0.28571428571428564,0.0,1.0,0.0,0.0,1.0,0.0,0.3333333333333333
0.3508771929824561,0.5,0.42300282558438224,0.0,0.0,0.0,0.6206896551724138,0.6666666666666666,0.5555555555555556,0.3333333333333333,0.4428571428571429,0.0,0.42857142857142855,0.0,0.1111111111111111,0.0,0.0,0.0,1.0,0.3333333333333333
0.3508771929824561,0.25,0.34125353198047775,0.0,0.0,0.0,0.6206896551724138,0.3333333333333333,0.5555555555555556,0.6666666666666667,0.6142857142857143,0.27586206896551724,0.5238095238095237,0.0,0.1111111111111111,1.0,0.0,1.0,0.0,1.0
0.21052631578947367,0.0,0.06518109427176985,0.0,0.0,0.0,0.13793103448275862,0.3333333333333333,0.1111111111111111,0.6666666666666667,0.38571428571428573,0.13793103448275862,0.21428571428571425,0.0,0.6666666666666666,0.0,1.0,0.0,1.0,1.0
0.8771929824561403,1.0,1.0,0.0,0.0,1.0,0.0,0.0,0.05555555555555555,0.3333333333333333,0.657142857142857,0.0,0.7142857142857142,0.0,0.6666666666666666,0.0,0.0,0.0,0.0,1.0
0.17543859649122806,0.25,0.20421268944258925,0.0,0.0,0.0,0.13793103448275862,0.6666666666666666,0.2777777777777778,0.3333333333333333,0.2285714285714286,0.20689655172413793,0.4523809523809524,0.0,0.1111111111111111,0.0,0.0,0.0,0.0,0.3333333333333333
0.17543859649122806,0.0,0.17216799383508863,0.0,0.0,0.0,0.13793103448275862,0.3333333333333333,0.16666666666666666,0.3333333333333333,0.7999999999999998,0.13793103448275862,0.7619047619047619,0.0,0.2222222222222222,1.0,0.0,0.0,1.0,0.6666666666666667
0.10526315789473684,0.0,0.10595941433341896,0.0,1.0,0.0,0.13793103448275862,0.3333333333333333,0.16666666666666666,0.6666666666666667,0.5857142857142856,0.13793103448275862,0.19047619047619052,0.0,0.1111111111111111,1.0,0.0,0.0,0.0,0.6666666666666667
0.2807017543859649,0.0,0.10062933470331364,0.0,0.0,0.0,0.13793103448275862,0.3333333333333333,0.2777777777777778,0.6666666666666667,0.9285714285714286,0.13793103448275862,0.5714285714285714,0.0,0.3333333333333333,1.0,0.0,0.0,0.0,0.3333333333333333
0.2807017543859649,0.25,0.28660416131518107,0.0,0.0,0.0,0.48275862068965514,0.0,0.4444444444444444,1.0,0.02857142857142858,0.20689655172413793,0.19047619047619052,0.0,0.1111111111111111,0.0,0.0,0.0,1.0,1.0
0.07017543859649122,0.0,0.12072951451322889,0.0,0.0,0.0,0.13793103448275862,0.6666666666666666,0.1111111111111111,0.3333333333333333,0.4857142857142857,0.06896551724137931,0.16666666666666669,0.0,0.1111111111111111,0.0,0.0,0.0,1.0,1.0
0.631578947368421,0.25,0.3716285640893912,0.0,1.0,0.0,0.20689655172413793,0.3333333333333333,0.2222222222222222,0.6666666666666667,0.28571428571428575,0.20689655172413793,0.7619047619047619,0.0,0.3333333333333333,0.0,0.0,1.0,0.0,0.3333333333333333
0.10526315789473684,0.0,0.16748009247367068,0.0,1.0,0.0,0.06896551724137931,0.3333333333333333,0.05555555555555555,0.6666666666666667,0.07142857142857145,0.0,0.5238095238095237,0.0,0.8888888888888888,0.0,0.0,1.0,1.0,1.0
0.7368421052631579,0.75,0.9907526329309018,0.0,1.0,0.0,0.48275862068965514,0.0,1.0,0.6666666666666667,0.11428571428571427,0.48275862068965514,0.5238095238095237,0.0,0.1111111111111111,0.0,0.0,0.0,1.0,0.6666666666666667
0.8070175438596491,0.5,0.41581042897508347,0.0,0.0,0.0,0.8275862068965517,0.0,0.7222222222222222,0.3333333333333333,0.0,0.5517241379310345,0.7857142857142856,1.0,0.3333333333333333,0.0,0.0,1.0,1.0,0.0
0.3508771929824561,0.0,0.0775109170305677,0.0,1.0,0.0,0.48275862068965514,0.0,0.38888888888888884,0.0,0.5285714285714285,0.48275862068965514,0.23809523809523808,0.0,0.7777777777777777,0.0,0.0,0.0,0.0,0.0
0.17543859649122806,0.25,0.21307474955047523,0.0,0.0,0.0,0.0,1.0,0.0,0.6666666666666667,0.45714285714285713,0.0,0.5238095238095237,0.0,0.5555555555555556,0.0,0.0,1.0,1.0,0.3333333333333333
0.6666666666666666,0.25,0.23156948368867197,0.0,1.0,0.0,0.896551724137931,1.0,0.8888888888888888,0.3333333333333333,0.6285714285714286,0.48275862068965514,0.6666666666666665,0.0,0.8888888888888888,0.0,0.0,0.0,0.0,1.0
0.3157894736842105,0.25,0.23452350372463393,0.0,0.0,0.0,0.5517241379310345,0.0,0.5,0.6666666666666667,0.9714285714285713,0.5517241379310345,0.5238095238095237,0.0,0.1111111111111111,0.0,0.0,0.0,0.0,0.6666666666666667
0.21052631578947367,0.25,0.38145389160030824,0.0,0.0,0.0,0.0,0.0,0.2777777777777778,0.3333333333333333,0.17142857142857143,0.27586206896551724,0.35714285714285715,1.0,0.0,0.0,0.0,0.0,0.0,0.3333333333333333
1.0,0.75,0.9258926277934754,0.0,0.0,0.0,0.5517241379310345,0.0,1.0,0.3333333333333333,0.6857142857142857,0.48275862068965514,0.8333333333333333,0.0,0.2222222222222222,0.0,0.0,0.0,0.0,0.0
0.03508771929824561,0.0,0.09420755201643977,1.0,0.0,0.0,0.0,0.3333333333333333,0.05555555555555555,0.6666666666666667,0.5999999999999999,0.0,0.28571428571428564,0.0,0.1111111111111111,0.0,0.0,0.0,0.0,0.6666666666666667
0.3157894736842105,0.25,0.28666837914204985,0.0,0.0,0.0,0.27586206896551724,0.0,0.4444444444444444,0.6666666666666667,0.24285714285714283,0.06896551724137931,0.5238095238095237,0.0,0.0,0.0,0.0,0.0,1.0,0.0
0.7017543859649122,0.5,0.6376188029797072,0.0,0.0,0.0,0.41379310344827586,0.0,1.0,0.6666666666666667,0.4857142857142857,0.5517241379310345,0.49999999999999994,1.0,0.0,0.0,0.0,1.0,0.0,0.6666666666666667
0.2807017543859649,0.0,0.11931672232211663,0.0,0.0,0.0,0.48275862068965514,0.0,0.38888888888888884,0.6666666666666667,0.9285714285714286,0.41379310344827586,0.19047619047619052,0.0,0.0,1.0,0.0,0.0,1.0,0.6666666666666667
0.21052631578947367,0.0,0.1414718725918315,0.0,0.0,0.0,0.13793103448275862,0.0,0.1111111111111111,0.3333333333333333,0.8428571428571427,0.13793103448275862,0.8095238095238095,0.0,0.7777777777777777,1.0,0.0,0.0,0.0,0.6666666666666667
0.45614035087719296,0.5,0.6435910608784998,0.0,0.0,1.0,0.48275862068965514,0.3333333333333333,0.611111111111111,0.6666666666666667,0.14285714285714285,0.5517241379310345,0.3095238095238095,0.0,0.4444444444444444,0.0,1.0,0.0,1.0,0.6666666666666667
0.5964912280701754,0.25,0.2715129720010275,0.0,0.0,0.0,0.48275862068965514,0.6666666666666666,0.38888888888888884,0.6666666666666667,0.9142857142857141,0.48275862068965514,0.42857142857142855,1.0,0.6666666666666666,0.0,0.0,0.0,1.0,0.6666666666666667
0.14035087719298245,0.0,0.10281274081685077,0.0,0.0,0.0,0.13793103448275862,1.0,0.2222222222222222,1.0,0.38571428571428573,0.20689655172413793,0.4761904761904761,0.0,0.1111111111111111,0.0,0.0,1.0,0.0,1.0
0.7368421052631579,0.75,1.0,0.0,1.0,0.0,0.5517241379310345,0.0,1.0,0.6666666666666667,0.10000000000000003,0.6896551724137931,0.5714285714285714,0.0,0.0,0.0,1.0,0.0,0.0,0.6666666666666667
0.24561403508771928,0.0,0.11783971230413562,0.0,0.0,0.0,0.41379310344827586,0.3333333333333333,0.38888888888888884,1.0,0.10000000000000003,0.0,0.4761904761904761,0.0,0.1111111111111111,0.0,0.0,0.0,0.0,0.6666666666666667
0.45614035087719296,0.25,0.2693937837143591,0.0,0.0,0.0,0.27586206896551724,0.6666666666666666,0.2777777777777778,0.3333333333333333,0.17142857142857143,0.27586206896551724,0.49999999999999994,0.0,0.8888888888888888,0.0,0.0,0.0,0.0,1.0
0.03508771929824561,0.0,0.09395068070896481,0.0,1.0,0.0,0.0,0.0,0.05555555555555555,0.6666666666666667,0.6428571428571428,0.0,0.09523809523809518,0.0,0.1111111111111111,0.0,0.0,0.0,0.0,1.0
0.03508771929824561,0.0,0.03506293347033136,0.0,0.0,0.0,0.0,0.3333333333333333,0.05555555555555555,0.0,0.39999999999999997,0.0,0.14285714285714285,0.0,0.1111111111111111,0.0,0.0,0.0,0.0,1.0
0.9122807017543859,0.75,1.0,0.0,1.0,0.0,0.9655172413793103,0.3333333333333333,1.0,0.6666666666666667,0.04285714285714287,0.0,0.6904761904761905,0.0,0.1111111111111111,0.0,0.0,0.0,0.0,0.6666666666666667
0.2807017543859649,0.0,0.09953763164654508,0.0,1.0,0.0,0.48275862068965514,0.0,0.4444444444444444,0.6666666666666667,0.4428571428571429,0.06896551724137931,0.6190476190476188,0.0,0.1111111111111111,0.0,0.0,0.0,0.0,0.3333333333333333
0.45614035087719296,0.5,0.6316465450809146,0.0,0.0,0.0,0.48275862068965514,0.3333333333333333,0.4444444444444444,0.6666666666666667,0.6428571428571428,0.48275862068965514,0.6666666666666665,0.0,0.6666666666666666,0.0,0.0,0.0,1.0,1.0
0.38596491228070173,0.5,0.5741715900333932,0.0,1.0,0.0,0.13793103448275862,1.0,0.16666666666666666,0.6666666666666667,0.18571428571428567,0.13793103448275862,0.380952380952381,0.0,1.0,0.0,0.0,1.0,0.0,0.3333333333333333
0.7719298245614035,0.75,0.7824942203955818,0.0,1.0,0.0,0.0,0.0,0.05555555555555555,1.0,1.0,0.0,0.5238095238095237,0.0,0.4444444444444444,0.0,1.0,0.0,0.0,0.3333333333333333
0.3157894736842105,0.5,0.5292191112252762,0.0,0.0,0.0,0.13793103448275862,0.3333333333333333,0.2222222222222222,0.6666666666666667,0.04285714285714287,0.20689655172413793,0.28571428571428564,0.0,0.3333333333333333,0.0,0.0,0.0,0.0,0.6666666666666667
1.0,0.5,0.4106087849987156,0.0,0.0,0.0,0.6206896551724138,0.3333333333333333,1.0,0.6666666666666667,0.3,0.48275862068965514,0.7380952380952379,0.0,0.4444444444444444,1.0,0.0,0.0,0.0,0.0
1.0,1.0,1.0,0.0,0.0,0.0,0.41379310344827586,0.3333333333333333,1.0,0.3333333333333333,0.42857142857142855,0.896551724137931,0.8809523809523809,0.0,0.1111111111111111,0.0,0.0,0.0,0.0,0.6666666666666667
0.3157894736842105,0.25,0.36520678140251733,0.0,0.0,0.0,0.20689655172413793,0.0,0.3333333333333333,0.3333333333333333,0.31428571428571433,0.06896551724137931,0.28571428571428564,0.0,0.5555555555555556,0.0,0.0,1.0,0.0,0.6666666666666667
0.7017543859649122,0.25,0.29514513228872336,0.0,0.0,0.0,0.48275862068965514,0.3333333333333333,1.0,0.6666666666666667,0.3428571428571428,0.896551724137931,0.5238095238095237,0.0,0.1111111111111111,0.0,0.0,1.0,1.0,0.3333333333333333
0.03508771929824561,0.0,0.09998715643462625,0.0,1.0,0.0,0.06896551724137931,0.3333333333333333,0.05555555555555555,0.3333333333333333,0.7,0.06896551724137931,0.21428571428571425,0.0,0.1111111111111111,0.0,1.0,0.0,1.0,0.6666666666666667
0.3508771929824561,0.25,0.33463909581299767,0.0,0.0,0.0,0.27586206896551724,0.6666666666666666,0.5555555555555556,0.6666666666666667,0.5142857142857142,0.6206896551724138,0.3333333333333333,0.0,0.1111111111111111,0.0,0.0,0.0,0.0,0.3333333333333333
1.0,0.5,0.6373619316722321,0.0,1.0,0.0,0.13793103448275862,0.3333333333333333,0.2777777777777778,0.3333333333333333,0.6857142857142857,0.27586206896551724,0.8333333333333333,0.0,0.7777777777777777,0.0,0.0,0.0,0.0,0.0
0.21052631578947367,0.0,0.07815309529925507,0.0,0.0,0.0,0.20689655172413793,0.3333333333333333,0.2777777777777778,0.6666666666666667,0.1571428571428572,0.13793103448275862,0.21428571428571425,0.0,0.1111111111111111,0.0,0.0,0.0,0.0,0.3333333333333333
0.3508771929824561,0.25,0.35788594913948113,0.0,1.0,0.0,0.3448275862068966,0.0,0.3333333333333333,0.6666666666666667,0.6714285714285713,0.3448275862068966,0.3095238095238095,0.0,0.4444444444444444,0.0,0.0,0.0,0.0,0.3333333333333333
0.3508771929824561,0.5,0.39076547649627535,0.0,0.0,0.0,0.48275862068965514,0.0,0.38888888888888884,0.6666666666666667,0.4714285714285715,0.48275862068965514,0.42857142857142855,1.0,0.3333333333333333,0.0,0.0,0.0,0.0,1.0
0.24561403508771928,0.25,0.28454919085538144,0.0,1.0,0.0,0.13793103448275862,0.6666666666666666,0.1111111111111111,0.0,0.4142857142857143,0.13793103448275862,0.4047619047619047,0.0,0.6666666666666666,0.0,0.0,0.0,1.0,0.0
0.3157894736842105,0.25,0.2826226560493193,0.0,1.0,0.0,0.20689655172413793,0.3333333333333333,0.2222222222222222,0.6666666666666667,0.07142857142857145,0.13793103448275862,0.5714285714285714,0.0,0.6666666666666666,0.0,0.0,0.0,0.0,1.0
0.3508771929824561,0.5,0.5286411507834574,0.0,0.0,0.0,0.5517241379310345,0.0,0.5555555555555556,0.6666666666666667,0.07142857142857145,0.48275862068965514,0.5476190476190477,0.0,0.1111111111111111,0.0,0.0,0.0,0.0,1.0
0.17543859649122806,0.25,0.21044181864885692,0.0,0.0,0.0,0.06896551724137931,0.6666666666666666,0.05555555555555555,0.6666666666666667,1.0,0.0,0.6428571428571428,0.0,0.2222222222222222,0.0,0.0,1.0,0.0,0.0
0.3508771929824561,0.25,0.32545594657076804,0.0,0.0,0.0,0.20689655172413793,0.0,0.3333333333333333,0.6666666666666667,0.5857142857142856,0.13793103448275862,0.4761904761904761,0.0,0.3333333333333333,0.0,0.0,1.0,0.0,0.6666666666666667
0.3508771929824561,0.25,0.3541613151810943,0.0,0.0,0.0,0.5517241379310345,0.3333333333333333,0.5555555555555556,0.6666666666666667,0.2571428571428572,0.20689655172413793,0.3333333333333333,0.0,0.1111111111111111,0.0,0.0,1.0,0.0,0.3333333333333333
0.17543859649122806,0.0,0.1729386077575135,0.0,0.0,0.0,0.27586206896551724,0.3333333333333333,0.2777777777777778,0.3333333333333333,0.14285714285714285,0.27586206896551724,0.4761904761904761,0.0,0.1111111111111111,1.0,0.0,0.0,0.0,1.0
0.17543859649122806,0.25,0.23600051374261494,0.0,0.0,0.0,0.20689655172413793,0.0,0.2777777777777778,0.6666666666666667,0.2285714285714286,0.13793103448275862,0.19047619047619052,0.0,0.1111111111111111,0.0,0.0,0.0,1.0,0.6666666666666667
0.2807017543859649,0.25,0.320061649113794,0.0,1.0,0.0,0.27586206896551724,0.0,0.3333333333333333,0.6666666666666667,0.9142857142857141,0.3448275862068966,0.5476190476190477,0.0,0.8888888888888888,0.0,0.0,0.0,0.0,0.3333333333333333
0.3157894736842105,0.25,0.3419599280760339,0.0,0.0,0.0,0.0,0.6666666666666666,0.05555555555555555,0.3333333333333333,0.5142857142857142,0.0,0.4523809523809524,0.0,0.4444444444444444,0.0,0.0,0.0,0.0,1.0
0.3508771929824561,0.5,0.4481762137169278,0.0,0.0,0.0,0.6206896551724138,0.0,0.5555555555555556,0.3333333333333333,0.3,0.6206896551724138,0.2619047619047619,0.0,0.1111111111111111,0.0,0.0,0.0,0.0,0.3333333333333333
0.9122807017543859,1.0,1.0,0.0,1.0,0.0,0.13793103448275862,0.3333333333333333,0.1111111111111111,0.6666666666666667,0.07142857142857145,0.06896551724137931,0.6190476190476188,0.0,0.4444444444444444,0.0,0.0,0.0,0.0,1.0
0.3508771929824561,0.5,0.4592858977652196,0.0,0.0,0.0,0.0,1.0,0.05555555555555555,0.6666666666666667,0.5714285714285714,0.0,0.3095238095238095,0.0,0.2222222222222222,0.0,0.0,0.0,0.0,0.0
0.8070175438596491,0.5,0.2807603390701259,0.0,1.0,0.0,0.0,0.0,0.05555555555555555,0.3333333333333333,0.9714285714285713,0.0,0.7142857142857142,0.0,1.0,1.0,0.0,0.0,0.0,0.0
0.3508771929824561,0.25,0.281723606473157,0.0,0.0,0.0,0.48275862068965514,0.0,0.5555555555555556,0.6666666666666667,0.35714285714285715,0.5517241379310345,0.3333333333333333,0.0,0.1111111111111111,0.0,0.0,0.0,0.0,1.0
0.45614035087719296,0.25,0.3401618289237092,0.0,0.0,0.0,0.8275862068965517,0.3333333333333333,0.7222222222222222,0.6666666666666667,0.38571428571428573,0.6206896551724138,0.9047619047619047,1.0,0.1111111111111111,0.0,1.0,0.0,0.0,0.6666666666666667
0.5964912280701754,0.5,0.5935653737477524,0.0,1.0,0.0,0.48275862068965514,0.3333333333333333,0.38888888888888884,0.0,0.6714285714285713,0.48275862068965514,0.42857142857142855,0.0,0.2222222222222222,0.0,0.0,0.0,0.0,0.6666666666666667
0.03508771929824561,0.0,0.05458515283842795,0.0,1.0,0.0,0.06896551724137931,0.0,0.05555555555555555,0.3333333333333333,0.9428571428571428,0.0,0.02380952380952378,0.0,0.1111111111111111,0.0,1.0,0.0,1.0,0.0
0.17543859649122806,0.0,0.2178268687387619,0.0,0.0,0.0,0.20689655172413793,0.3333333333333333,0.2777777777777778,1.0,0.45714285714285713,0.27586206896551724,0.14285714285714285,0.0,0.1111111111111111,0.0,0.0,0.0,1.0,0.6666666666666667
0.3508771929824561,0.5,0.42242486514256355,0.0,0.0,0.0,0.48275862068965514,0.0,0.5555555555555556,0.3333333333333333,0.657142857142857,0.6206896551724138,0.42857142857142855,0.0,0.1111111111111111,0.0,1.0,0.0,0.0,0.0
0.21052631578947367,0.25,0.33540970973542256,0.0,0.0,0.0,0.13793103448275862,0.0,0.16666666666666666,1.0,0.8999999999999999,0.13793103448275862,0.16666666666666669,0.0,0.2222222222222222,0.0,0.0,0.0,0.0,0.0
0.03508771929824561,0.0,0.11527099922938608,0.0,0.0,0.0,0.0,0.0,0.05555555555555555,0.3333333333333333,0.8142857142857143,0.0,0.2619047619047619,0.0,0.1111111111111111,0.0,0.0,0.0,1.0,1.0
0.17543859649122806,0.0,0.13029797071667096,0.0,0.0,0.0,0.0,0.0,0.05555555555555555,1.0,0.35714285714285715,0.0,0.42857142857142855,0.0,0.3333333333333333,1.0,0.0,0.0,0.0,0.3333333333333333
0.07017543859649122,0.0,0.08271256100693553,1.0,0.0,0.0,0.13793103448275862,0.6666666666666666,0.1111111111111111,0.6666666666666667,0.7571428571428571,0.13793103448275862,0.2619047619047619,0.0,0.1111111111111111,0.0,0.0,0.0,0.0,1.0
0.14035087719298245,0.25,0.25622912920626767,0.0,0.0,0.0,0.13793103448275862,0.3333333333333333,0.16666666666666666,0.6666666666666667,0.04285714285714287,0.13793103448275862,0.14285714285714285,0.0,0.0,0.0,0.0,0.0,0.0,0.0
0.21052631578947367,0.0,0.11739018751605446,0.0,0.0,0.0,0.13793103448275862,0.0,0.3333333333333333,0.3333333333333333,0.2714285714285714,0.06896551724137931,0.3333333333333333,0.0,0.1111111111111111,1.0,0.0,0.0,0.0,0.6666666666666667
0.7368421052631579,1.0,1.0,0.0,0.0,0.0,0.0,0.0,0.3333333333333333,0.6666666666666667,0.8142857142857143,0.20689655172413793,0.49999999999999994,0.0,0.2222222222222222,0.0,1.0,0.0,0.0,1.0
0.7368421052631579,0.5,0.3899948625738505,0.0,1.0,0.0,0.0,0.0,0.1111111111111111,0.6666666666666667,0.7142857142857142,0.13793103448275862,0.5476190476190477,0.0,0.3333333333333333,0.0,0.0,0.0,0.0,1.0
0.8771929824561403,1.0,1.0,0.0,0.0,1.0,0.13793103448275862,0.3333333333333333,0.2222222222222222,0.6666666666666667,0.31428571428571433,0.20689655172413793,0.6666666666666665,0.0,0.5555555555555556,0.0,0.0,0.0,0.0,1.0
0.24561403508771928,0.0,0.07128178782430003,0.0,1.0,0.0,0.48275862068965514,0.0,0.38888888888888884,0.0,0.6714285714285713,0.48275862068965514,0.2619047619047619,0.0,0.1111111111111111,1.0,0.0,0.0,0.0,0.3333333333333333
0.42105263157894735,0.5,0.5660801438479321,0.0,0.0,0.0,0.0,0.0,0.05555555555555555,0.6666666666666667,0.5142857142857142,0.0,0.3095238095238095,1.0,0.3333333333333333,0.0,0.0,1.0,0.0,0.0
0.38596491228070173,0.25,0.23002825584382225,0.0,1.0,0.0,0.27586206896551724,0.3333333333333333,0.2777777777777778,0.6666666666666667,0.6857142857142857,0.13793103448275862,0.6904761904761905,0.0,0.3333333333333333,0.0,0.0,0.0,1.0,0.6666666666666667
0.17543859649122806,0.0,0.21660673002825587,0.0,0.0,0.0,0.13793103448275862,0.0,0.1111111111111111,0.6666666666666667,0.2285714285714286,0.06896551724137931,0.23809523809523808,0.0,0.6666666666666666,0.0,0.0,0.0,1.0,0.6666666666666667
0.5964912280701754,0.25,0.06633701515540713,0.0,0.0,0.0,0.13793103448275862,0.3333333333333333,0.16666666666666666,0.6666666666666667,0.5285714285714285,0.13793103448275862,0.6190476190476188,0.0,0.4444444444444444,1.0,1.0,0.0,1.0,0.3333333333333333
0.2807017543859649,0.0,0.08958386848189057,0.0,1.0,0.0,0.13793103448275862,0.0,0.1111111111111111,0.6666666666666667,0.5714285714285714,0.13793103448275862,0.49999999999999994,0.0,0.7777777777777777,1.0,0.0,0.0,1.0,1.0
0.42105263157894735,0.5,0.4793860775751349,0.0,0.0,0.0,0.5517241379310345,0.0,0.611111111111111,0.3333333333333333,0.8285714285714285,0.5517241379310345,0.28571428571428564,0.0,0.1111111111111111,0.0,1.0,0.0,0.0,0.6666666666666667
0.24561403508771928,0.0,0.08078602620087336,0.0,0.0,0.0,0.13793103448275862,0.0,0.1111111111111111,0.6666666666666667,0.31428571428571433,0.13793103448275862,0.976190476190476,0.0,0.8888888888888888,0.0,0.0,0.0,1.0,0.3333333333333333
0.14035087719298245,0.0,0.07693295658874905,0.0,0.0,0.0,0.13793103448275862,0.3333333333333333,0.2222222222222222,0.6666666666666667,0.28571428571428575,0.13793103448275862,0.23809523809523808,0.0,0.1111111111111111,1.0,0.0,0.0,0.0,0.0
0.3157894736842105,0.25,0.3707295145132289,0.0,0.0,0.0,0.27586206896551724,0.0,0.2777777777777778,0.6666666666666667,0.5714285714285714,0.20689655172413793,0.49999999999999994,0.0,1.0,1.0,1.0,0.0,0.0,0.6666666666666667
0.14035087719298245,0.0,0.1840482918058053,1.0,0.0,0.0,0.13793103448275862,0.3333333333333333,0.1111111111111111,0.6666666666666667,0.3428571428571428,0.13793103448275862,0.7619047619047619,0.0,0.7777777777777777,0.0,0.0,0.0,0.0,1.0
0.8070175438596491,0.75,0.7905856665810429,0.0,1.0,0.0,0.7586206896551724,0.3333333333333333,0.6666666666666666,1.0,0.32857142857142857,0.7586206896551724,0.6190476190476188,0.0,0.3333333333333333,0.0,0.0,0.0,1.0,1.0
0.49122807017543857,0.25,0.2246981762137169,0.0,0.0,0.0,0.48275862068965514,0.0,0.7222222222222222,0.3333333333333333,0.3428571428571428,0.5517241379310345,0.35714285714285715,0.0,0.1111111111111111,0.0,0.0,1.0,1.0,0.0
0.7368421052631579,1.0,1.0,0.0,0.0,0.0,0.27586206896551724,0.0,0.2777777777777778,0.6666666666666667,0.32857142857142857,0.27586206896551724,0.7619047619047619,0.0,0.3333333333333333,0.0,0.0,0.0,0.0,0.6666666666666667
0.03508771929824561,0.0,0.0845106601592602,1.0,0.0,0.0,0.0,0.0,0.0,0.0,1.0,0.0,0.02380952380952378,0.0,0.0,0.0,0.0,1.0,0.0,0.6666666666666667
0.3508771929824561,0.5,0.4108014384793219,0.0,1.0,0.0,0.6206896551724138,0.3333333333333333,0.5555555555555556,0.6666666666666667,0.3714285714285714,0.5517241379310345,0.5714285714285714,0.0,0.1111111111111111,0.0,0.0,0.0,1.0,1.0
0.3508771929824561,0.25,0.5725019265348061,0.0,0.0,0.0,0.5517241379310345,0.3333333333333333,0.5,0.6666666666666667,0.7142857142857142,0.48275862068965514,0.4761904761904761,0.0,0.0,0.0,0.0,0.0,0.0,0.6666666666666667
1.0,1.0,1.0,0.0,0.0,0.0,0.0,0.3333333333333333,0.38888888888888884,0.6666666666666667,0.5428571428571429,0.41379310344827586,0.7619047619047619,0.0,0.3333333333333333,0.0,0.0,0.0,1.0,1.0
0.17543859649122806,0.0,0.09574877986128949,0.0,0.0,0.0,0.20689655172413793,0.3333333333333333,0.2222222222222222,0.6666666666666667,0.10000000000000003,0.13793103448275862,0.11904761904761901,0.0,0.1111111111111111,1.0,0.0,0.0,1.0,0.3333333333333333
0.21052631578947367,0.25,0.29231954790649883,0.0,0.0,0.0,0.0,0.3333333333333333,0.3333333333333333,0.6666666666666667,0.45714285714285713,0.13793103448275862,0.2619047619047619,0.0,0.1111111111111111,0.0,0.0,0.0,1.0,0.3333333333333333
0.10526315789473684,0.0,0.13216028769586438,1.0,0.0,0.0,0.13793103448275862,0.3333333333333333,0.1111111111111111,0.6666666666666667,0.3428571428571428,0.13793103448275862,0.3095238095238095,0.0,0.0,0.0,0.0,0.0,0.0,0.0
0.24561403508771928,0.0,0.09549190855381454,0.0,0.0,0.0,0.06896551724137931,0.0,0.05555555555555555,0.6666666666666667,0.6857142857142857,0.0,0.35714285714285715,0.0,0.4444444444444444,1.0,0.0,0.0,1.0,0.6666666666666667
0.38596491228070173,0.0,0.18000256871307474,0.0,0.0,0.0,0.5517241379310345,0.0,0.611111111111111,0.6666666666666667,0.14285714285714285,0.6896551724137931,0.2619047619047619,0.0,0.1111111111111111,1.0,0.0,1.0,1.0,1.0
0.2807017543859649,0.25,0.3120986385820704,0.0,0.0,0.0,0.13793103448275862,0.0,0.2777777777777778,0.3333333333333333,0.17142857142857143,0.27586206896551724,0.2619047619047619,0.0,1.0,0.0,0.0,0.0,1.0,0.6666666666666667
0.3157894736842105,0.0,0.1568841510403288,0.0,0.0,0.0,0.3448275862068966,0.0,0.3333333333333333,0.6666666666666667,0.7571428571428571,0.20689655172413793,0.6428571428571428,0.0,0.5555555555555556,0.0,0.0,0.0,1.0,0.6666666666666667
0.8771929824561403,1.0,1.0,0.0,0.0,0.0,0.0,0.3333333333333333,1.0,1.0,0.5714285714285714,0.48275862068965514,0.6428571428571428,0.0,0.0,0.0,0.0,0.0,0.0,0.6666666666666667
0.3157894736842105,0.25,0.2923837657333676,0.0,1.0,0.0,0.13793103448275862,0.3333333333333333,0.16666666666666666,1.0,0.7142857142857142,0.13793103448275862,0.42857142857142855,0.0,0.3333333333333333,1.0,0.0,1.0,0.0,0.0
0.24561403508771928,0.25,0.320061649113794,0.0,0.0,0.0,0.3448275862068966,0.3333333333333333,0.38888888888888884,0.3333333333333333,0.3,0.48275862068965514,0.4523809523809524,0.0,0.1111111111111111,0.0,0.0,0.0,0.0,0.0
0.03508771929824561,0.0,0.024659645517595682,0.0,0.0,0.0,0.0,0.0,0.05555555555555555,0.6666666666666667,0.9285714285714286,0.0,0.3333333333333333,0.0,0.1111111111111111,1.0,0.0,0.0,0.0,1.0
0.14035087719298245,0.0,0.13890315951708193,0.0,1.0,0.0,0.0,0.0,0.0,0.6666666666666667,0.8428571428571427,0.0,0.14285714285714285,0.0,0.2222222222222222,1.0,0.0,1.0,1.0,0.3333333333333333
0.17543859649122806,0.0,0.1477652196249679,0.0,0.0,0.0,0.20689655172413793,0.0,0.2777777777777778,0.6666666666666667,0.5142857142857142,0.13793103448275862,0.23809523809523808,0.0,0.1111111111111111,0.0,0.0,0.0,0.0,1.0
0.17543859649122806,0.0,0.08335473927562292,0.0,1.0,0.0,0.13793103448275862,0.3333333333333333,0.2777777777777778,0.0,0.7857142857142856,0.0,0.380952380952381,0.0,0.1111111111111111,0.0,1.0,0.0,0.0,1.0
0.17543859649122806,0.0,0.0926021063447213,0.0,0.0,0.0,0.0,0.6666666666666666,0.05555555555555555,1.0,0.8714285714285714,0.0,0.2619047619047619,0.0,0.6666666666666666,0.0,0.0,0.0,0.0,0.6666666666666667
0.21052631578947367,0.0,0.07500642178268688,0.0,0.0,0.0,0.20689655172413793,0.0,0.3333333333333333,0.6666666666666667,0.08571428571428569,0.27586206896551724,0.6428571428571428,0.0,0.1111111111111111,0.0,0.0,0.0,1.0,0.3333333333333333
0.3508771929824561,0.25,0.23670690983817105,0.0,1.0,0.0,0.27586206896551724,0.0,0.4444444444444444,0.6666666666666667,0.5999999999999999,0.48275862068965514,0.28571428571428564,0.0,0.7777777777777777,0.0,1.0,0.0,1.0,0.6666666666666667
0.21052631578947367,0.0,0.08245568969946057,0.0,1.0,0.0,0.0,0.3333333333333333,0.1111111111111111,0.6666666666666667,0.4428571428571429,0.0,0.14285714285714285,0.0,0.2222222222222222,0.0,0.0,0.0,1.0,0.3333333333333333
0.10526315789473684,0.0,0.10583097867968147,0.0,1.0,0.0,0.13793103448275862,0.0,0.1111111111111111,0.3333333333333333,0.17142857142857143,0.13793103448275862,0.3095238095238095,0.0,0.0,0.0,0.0,0.0,0.0,0.6666666666666667
0.5614035087719298,0.25,0.31665810428975083,0.0,0.0,0.0,0.13793103448275862,0.3333333333333333,0.3333333333333333,0.6666666666666667,0.31428571428571433,0.3448275862068966,0.857142857142857,0.0,0.2222222222222222,0.0,0.0,0.0,0.0,1.0
0.24561403508771928,0.25,0.352748522989982,0.0,0.0,0.0,0.27586206896551724,0.3333333333333333,0.2777777777777778,0.6666666666666667,0.9714285714285713,0.06896551724137931,0.4523809523809524,0.0,0.4444444444444444,0.0,0.0,0.0,1.0,0.6666666666666667
0.03508771929824561,0.0,0.060493192910351906,0.0,0.0,0.0,0.0,0.3333333333333333,0.05555555555555555,0.6666666666666667,0.6428571428571428,0.0,0.4047619047619047,0.0,0.1111111111111111,1.0,0.0,0.0,0.0,0.6666666666666667
0.6666666666666666,0.5,0.6340868225019265,0.0,0.0,0.0,0.0,0.3333333333333333,0.05555555555555555,0.0,0.8857142857142857,0.0,0.9999999999999998,1.0,0.3333333333333333,0.0,0.0,0.0,1.0,0.6666666666666667
0.24561403508771928,0.0,0.11122527613665553,0.0,0.0,0.0,0.48275862068965514,0.3333333333333333,0.38888888888888884,0.0,0.42857142857142855,0.48275862068965514,0.42857142857142855,0.0,0.1111111111111111,1.0,0.0,0.0,0.0,0.6666666666666667
0.7368421052631579,0.75,0.7078088877472386,0.0,0.0,0.0,0.6206896551724138,0.3333333333333333,1.0,0.3333333333333333,0.42857142857142855,0.41379310344827586,0.49999999999999994,0.0,0.0,0.0,0.0,0.0,0.0,0.3333333333333333
0.3508771929824561,0.25,0.20446956075006423,0.0,1.0,0.0,0.3448275862068966,0.0,0.5,0.3333333333333333,0.2714285714285714,0.5517241379310345,0.2619047619047619,0.0,0.0,1.0,0.0,0.0,0.0,1.0
0.17543859649122806,0.0,0.06652966863601337,0.0,0.0,0.0,0.13793103448275862,0.0,0.2222222222222222,0.3333333333333333,0.3428571428571428,0.06896551724137931,0.21428571428571425,0.0,0.0,0.0,0.0,0.0,1.0,0.0
0.3157894736842105,0.5,0.49646801952221936,0.0,1.0,0.0,0.48275862068965514,0.6666666666666666,0.4444444444444444,0.3333333333333333,0.6142857142857143,0.48275862068965514,0.4761904761904761,0.0,0.0,0.0,0.0,0.0,0.0,0.6666666666666667
0.7017543859649122,0.5,0.7823015669149755,0.0,1.0,1.0,0.0,0.0,0.05555555555555555,0.6666666666666667,0.42857142857142855,0.0,0.5714285714285714,0.0,0.3333333333333333,0.0,0.0,1.0,1.0,0.0
0.42105263157894735,0.0,0.10666581042897508,0.0,1.0,0.0,0.0,1.0,0.05555555555555555,1.0,0.7285714285714284,0.0,0.976190476190476,0.0,0.4444444444444444,1.0,0.0,0.0,1.0,0.6666666666666667
0.8070175438596491,0.75,1.0,0.0,0.0,0.0,0.41379310344827586,0.3333333333333333,1.0,0.6666666666666667,0.07142857142857145,0.48275862068965514,0.5714285714285714,0.0,0.0,0.0,0.0,0.0,1.0,1.0
0.03508771929824561,0.0,0.08784998715643463,0.0,0.0,0.0,0.06896551724137931,0.3333333333333333,0.05555555555555555,0.6666666666666667,0.10000000000000003,0.0,0.19047619047619052,0.0,0.1111111111111111,1.0,0.0,0.0,1.0,0.0
0.2807017543859649,0.25,0.3225661443616748,0.0,1.0,0.0,0.27586206896551724,0.0,0.2777777777777778,0.3333333333333333,0.9285714285714286,0.13793103448275862,0.5476190476190477,0.0,0.6666666666666666,0.0,0.0,0.0,1.0,1.0
0.21052631578947367,0.0,0.20684562034420756,0.0,0.0,0.0,0.27586206896551724,0.0,0.2777777777777778,0.0,0.2285714285714286,0.20689655172413793,0.4047619047619047,0.0,0.0,1.0,0.0,0.0,0.0,1.0
0.5263157894736842,0.25,0.3689956331877729,0.0,0.0,0.0,0.13793103448275862,0.0,0.16666666666666666,0.6666666666666667,0.8285714285714285,0.13793103448275862,0.9285714285714284,1.0,0.2222222222222222,0.0,0.0,0.0,1.0,1.0
0.3508771929824561,0.25,0.372656049319291,0.0,0.0,0.0,0.6206896551724138,0.0,0.5555555555555556,0.3333333333333333,0.9428571428571428,0.5517241379310345,0.3095238095238095,1.0,0.1111111111111111,0.0,0.0,0.0,1.0,0.6666666666666667
1.0,1.0,1.0,0.0,0.0,0.0,0.13793103448275862,0.3333333333333333,0.16666666666666666,0.3333333333333333,0.02857142857142858,0.13793103448275862,0.976190476190476,0.0,1.0,0.0,1.0,0.0,0.0,0.6666666666666667
0.3508771929824561,0.5,0.481055741073722,0.0,0.0,0.0,0.48275862068965514,0.3333333333333333,0.5,0.6666666666666667,0.7999999999999998,0.41379310344827586,0.380952380952381,1.0,0.0,0.0,0.0,0.0,0.0,1.0
0.5263157894736842,0.25,0.11122527613665553,0.0,1.0,0.0,0.13793103448275862,0.3333333333333333,0.38888888888888884,0.6666666666666667,0.9857142857142855,0.48275862068965514,0.5238095238095237,0.0,0.8888888888888888,1.0,0.0,0.0,1.0,0.6666666666666667
0.24561403508771928,0.25,0.4332776778833804,0.0,0.0,0.0,0.13793103448275862,0.0,0.3333333333333333,0.6666666666666667,0.21428571428571425,0.27586206896551724,0.380952380952381,1.0,0.0,0.0,0.0,1.0,0.0,0.0
0.7368421052631579,1.0,1.0,0.0,0.0,1.0,1.0,0.3333333333333333,1.0,0.6666666666666667,0.4857142857142857,0.7586206896551724,0.5476190476190477,0.0,0.2222222222222222,0.0,0.0,1.0,1.0,0.0
0.3157894736842105,0.5,0.5505394297456974,0.0,1.0,0.0,0.48275862068965514,0.0,0.4444444444444444,0.6666666666666667,0.7999999999999998,0.48275862068965514,0.4047619047619047,0.0,0.0,0.0,0.0,0.0,0.0,1.0
0.3508771929824561,0.5,0.7055612638068327,0.0,0.0,0.0,0.48275862068965514,0.3333333333333333,0.38888888888888884,1.0,0.5857142857142856,0.13793103448275862,0.4047619047619047,0.0,0.7777777777777777,0.0,0.0,0.0,0.0,0.3333333333333333
0.17543859649122806,0.25,0.23067043411250965,0.0,0.0,0.0,0.13793103448275862,0.0,0.2777777777777778,0.6666666666666667,0.7999999999999998,0.0,0.4047619047619047,0.0,0.1111111111111111,0.0,0.0,0.0,1.0,0.6666666666666667
0.21052631578947367,0.25,0.19207552016439766,0.0,0.0,0.0,0.20689655172413793,0.6666666666666666,0.3333333333333333,1.0,0.7857142857142856,0.3448275862068966,0.16666666666666669,1.0,0.1111111111111111,0.0,1.0,0.0,0.0,0.3333333333333333
0.7017543859649122,0.25,0.3623169791934241,0.0,0.0,0.0,0.13793103448275862,0.3333333333333333,0.16666666666666666,0.6666666666666667,0.9428571428571428,0.13793103448275862,0.7380952380952379,1.0,0.2222222222222222,0.0,0.0,0.0,0.0,0.0
0.3508771929824561,0.25,0.2995119445157976,0.0,1.0,0.0,0.6206896551724138,0.3333333333333333,0.5555555555555556,0.3333333333333333,0.4714285714285715,0.48275862068965514,0.42857142857142855,0.0,0.1111111111111111,0.0,0.0,0.0,0.0,0.3333333333333333
0.03508771929824561,0.0,0.0854739275622913,0.0,1.0,0.0,0.0,0.0,0.05555555555555555,0.0,0.5142857142857142,0.0,0.19047619047619052,0.0,0.1111111111111111,1.0,0.0,0.0,0.0,0.6666666666666667
1.0,0.75,0.8260339070125866,0.0,0.0,0.0,0.6896551724137931,0.0,1.0,0.6666666666666667,0.10000000000000003,0.5517241379310345,0.9523809523809523,0.0,0.0,0.0,0.0,0.0,1.0,1.0
0.24561403508771928,0.25,0.5761623426663243,0.0,0.0,0.0,0.48275862068965514,0.0,0.38888888888888884,0.6666666666666667,0.857142857142857,0.48275862068965514,0.21428571428571425,0.0,0.1111111111111111,0.0,0.0,1.0,0.0,1.0
0.631578947368421,0.25,0.08752889802209093,0.0,1.0,0.0,0.0,0.0,0.05555555555555555,1.0,0.6857142857142857,0.0,0.5714285714285714,0.0,0.6666666666666666,0.0,0.0,0.0,1.0,0.3333333333333333
0.3508771929824561,0.25,0.3618674544053429,0.0,0.0,0.0,0.0,0.6666666666666666,0.0,0.3333333333333333,0.6857142857142857,0.0,0.2619047619047619,0.0,0.2222222222222222,0.0,0.0,0.0,1.0,0.0
0.14035087719298245,0.25,0.20665296686360135,0.0,0.0,0.0,0.13793103448275862,0.3333333333333333,0.16666666666666666,0.6666666666666667,0.24285714285714283,0.13793103448275862,0.21428571428571425,0.0,0.0,0.0,0.0,0.0,0.0,0.0
0.3508771929824561,0.25,0.2908425378885178,0.0,0.0,0.0,0.0,0.6666666666666666,0.0,1.0,0.9285714285714286,0.0,0.5714285714285714,1.0,0.5555555555555556,0.0,0.0,0.0,1.0,0.3333333333333333
0.14035087719298245,0.0,0.12676599023889032,1.0,0.0,0.0,0.13793103448275862,0.0,0.16666666666666666,0.6666666666666667,0.38571428571428573,0.13793103448275862,0.28571428571428564,0.0,0.0,0.0,0.0,0.0,0.0,1.0
0.03508771929824561,0.0,0.11732596968918571,0.0,0.0,0.0,0.0,0.0,0.05555555555555555,0.3333333333333333,0.7571428571428571,0.0,0.047619047619047616,0.0,0.1111111111111111,0.0,0.0,0.0,0.0,1.0
0.2807017543859649,0.0,0.1322245055227331,0.0,0.0,0.0,0.48275862068965514,0.0,0.38888888888888884,0.6666666666666667,0.7,0.41379310344827586,0.3333333333333333,0.0,0.0,1.0,0.0,1.0,0.0,1.0
0.07017543859649122,0.0,0.10377600821988184,0.0,0.0,0.0,0.13793103448275862,0.0,0.1111111111111111,0.3333333333333333,0.21428571428571425,0.13793103448275862,0.07142857142857145,0.0,0.1111111111111111,1.0,0.0,1.0,0.0,0.0
0.2807017543859649,0.25,0.26085281274081684,0.0,0.0,0.0,0.13793103448275862,0.0,0.3333333333333333,0.0,0.18571428571428567,0.0,0.21428571428571425,0.0,0.3333333333333333,0.0,0.0,1.0,0.0,1.0
0.0,0.0,0.05580529154893399,1.0,1.0,0.0,0.0,0.0,0.0,0.6666666666666667,0.5571428571428572,0.0,0.0,0.0,0.1111111111111111,0.0,0.0,1.0,0.0,0.3333333333333333
0.0,0.0,0.02639352684305163,0.0,0.0,0.0,0.0,0.0,0.0,0.6666666666666667,0.3428571428571428,0.0,0.0,0.0,0.1111111111111111,1.0,0.0,0.0,0.0,0.6666666666666667
0.38596491228070173,0.25,0.2697148728487028,0.0,1.0,0.0,0.5517241379310345,1.0,0.611111111111111,0.3333333333333333,0.4714285714285715,0.48275862068965514,0.28571428571428564,0.0,0.1111111111111111,0.0,0.0,0.0,1.0,0.6666666666666667
0.17543859649122806,0.0,0.08219881839198562,0.0,0.0,0.0,0.20689655172413793,0.6666666666666666,0.2777777777777778,0.6666666666666667,0.9142857142857141,0.27586206896551724,0.5476190476190477,0.0,0.1111111111111111,1.0,0.0,0.0,0.0,0.6666666666666667
0.17543859649122806,0.0,0.12201387105060366,1.0,0.0,0.0,0.13793103448275862,0.3333333333333333,0.16666666666666666,0.6666666666666667,0.8857142857142857,0.13793103448275862,0.23809523809523808,0.0,0.3333333333333333,0.0,0.0,1.0,0.0,0.0
0.3508771929824561,0.25,0.2643847932185975,0.0,1.0,0.0,0.5517241379310345,0.6666666666666666,0.5555555555555556,0.3333333333333333,0.35714285714285715,0.0,0.28571428571428564,0.0,0.1111111111111111,1.0,0.0,0.0,0.0,1.0
0.03508771929824561,0.0,0.026136655535576675,0.0,0.0,0.0,0.0,0.0,0.05555555555555555,0.3333333333333333,0.08571428571428569,0.0,0.07142857142857145,0.0,0.1111111111111111,1.0,0.0,0.0,0.0,0.6666666666666667
0.3157894736842105,0.25,0.24563318777292575,0.0,0.0,0.0,0.0,0.3333333333333333,0.05555555555555555,0.6666666666666667,0.7285714285714284,0.0,0.42857142857142855,0.0,0.7777777777777777,1.0,0.0,0.0,0.0,0.0
0.3157894736842105,0.5,0.513036218854354,0.0,0.0,0.0,0.5517241379310345,0.0,0.5,0.6666666666666667,0.18571428571428567,0.48275862068965514,0.3333333333333333,0.0,0.1111111111111111,0.0,0.0,1.0,0.0,0.3333333333333333
0.10526315789473684,0.0,0.10756486000513743,0.0,0.0,0.0,0.06896551724137931,0.3333333333333333,0.1111111111111111,0.6666666666666667,0.5142857142857142,0.13793103448275862,0.4761904761904761,0.0,0.0,0.0,0.0,1.0,1.0,0.6666666666666667
0.49122807017543857,0.5,0.604482404315438,0.0,0.0,0.0,0.6896551724137931,0.6666666666666666,0.7777777777777777,0.6666666666666667,0.2571428571428572,0.48275862068965514,0.3333333333333333,0.0,0.1111111111111111,0.0,0.0,0.0,0.0,0.6666666666666667
0.21052631578947367,0.0,0.0879784228101721,0.0,1.0,0.0,0.27586206896551724,0.0,0.2777777777777778,0.6666666666666667,0.32857142857142857,0.13793103448275862,0.21428571428571425,0.0,0.0,1.0,0.0,1.0,0.0,1.0
0.24561403508771928,0.25,0.4661572052401746,0.0,1.0,0.0,0.48275862068965514,0.6666666666666666,0.38888888888888884,0.3333333333333333,0.12857142857142861,0.48275862068965514,0.2619047619047619,0.0,0.1111111111111111,0.0,0.0,0.0,0.0,1.0
0.21052631578947367,0.0,0.10878499871564346,0.0,0.0,0.0,0.27586206896551724,0.3333333333333333,0.2777777777777778,0.6666666666666667,0.657142857142857,0.27586206896551724,0.2619047619047619,0.0,0.0,0.0,0.0,0.0,0.0,0.6666666666666667
0.49122807017543857,0.5,0.6859748266118675,0.0,0.0,1.0,0.6206896551724138,0.0,0.7222222222222222,0.6666666666666667,0.2714285714285714,0.48275862068965514,0.35714285714285715,0.0,0.0,0.0,0.0,0.0,1.0,0.6666666666666667
0.9473684210526315,1.0,1.0,0.0,1.0,0.0,0.0,0.3333333333333333,0.05555555555555555,0.6666666666666667,0.4142857142857143,0.0,0.7619047619047619,0.0,0.4444444444444444,0.0,0.0,0.0,0.0,0.6666666666666667
0.3157894736842105,0.25,0.3309144618546108,0.0,1.0,0.0,0.5517241379310345,0.3333333333333333,0.5,0.6666666666666667,0.04285714285714287,0.5517241379310345,0.3333333333333333,0.0,0.1111111111111111,0.0,0.0,0.0,1.0,0.0
0.5263157894736842,0.5,0.46956075006421777,0.0,1.0,0.0,0.5517241379310345,0.3333333333333333,0.6666666666666666,0.6666666666666667,0.857142857142857,0.48275862068965514,0.42857142857142855,1.0,0.7777777777777777,0.0,0.0,0.0,0.0,1.0
0.3508771929824561,0.25,0.27857693295658875,0.0,0.0,0.0,0.13793103448275862,0.6666666666666666,0.16666666666666666,0.6666666666666667,0.7142857142857142,0.13793103448275862,0.42857142857142855,1.0,0.6666666666666666,0.0,0.0,0.0,0.0,0.0
0.2807017543859649,0.25,0.29514513228872336,0.0,1.0,0.0,0.0,0.3333333333333333,0.4444444444444444,1.0,0.2,0.48275862068965514,0.4761904761904761,0.0,0.1111111111111111,0.0,0.0,0.0,1.0,0.0
0.8421052631578947,0.75,0.8146673516568199,0.0,1.0,0.0,0.48275862068965514,0.0,1.0,1.0,0.7857142857142856,0.5517241379310345,0.8809523809523809,0.0,0.6666666666666666,0.0,0.0,0.0,0.0,0.0
0.2807017543859649,0.0,0.1409581299768816,0.0,0.0,0.0,0.13793103448275862,0.3333333333333333,0.16666666666666666,0.6666666666666667,0.7714285714285714,0.13793103448275862,0.28571428571428564,0.0,0.5555555555555556,0.0,0.0,0.0,0.0,1.0
0.7719298245614035,0.75,1.0,0.0,0.0,0.0,0.5517241379310345,0.3333333333333333,1.0,0.3333333333333333,0.49999999999999994,0.5517241379310345,0.6428571428571428,0.0,1.0,0.0,1.0,0.0,1.0,0.0
0.631578947368421,0.0,0.130041099409196,0.0,0.0,0.0,0.48275862068965514,0.3333333333333333,1.0,0.6666666666666667,0.9285714285714286,1.0,0.4523809523809524,0.0,0.1111111111111111,1.0,0.0,0.0,0.0,1.0
0.45614035087719296,0.25,0.28724633958386847,0.0,0.0,0.0,0.06896551724137931,0.3333333333333333,0.2222222222222222,0.0,0.7714285714285714,0.13793103448275862,0.7857142857142856,0.0,0.5555555555555556,0.0,0.0,0.0,1.0,1.0
0.2807017543859649,0.25,0.19946057025430258,0.0,0.0,0.0,0.20689655172413793,1.0,0.2222222222222222,0.6666666666666667,0.4428571428571429,0.20689655172413793,0.28571428571428564,0.0,0.8888888888888888,0.0,0.0,0.0,0.0,0.6666666666666667
0.3508771929824561,0.5,0.425764192139738,0.0,0.0,0.0,0.27586206896551724,1.0,0.5555555555555556,0.6666666666666667,0.07142857142857145,0.6206896551724138,0.2619047619047619,0.0,0.1111111111111111,0.0,0.0,0.0,0.0,0.3333333333333333
0.14035087719298245,0.25,0.19708451066015925,0.0,1.0,0.0,0.13793103448275862,1.0,0.16666666666666666,0.6666666666666667,0.08571428571428569,0.13793103448275862,0.3333333333333333,0.0,0.0,0.0,0.0,0.0,0.0,0.6666666666666667
0.24561403508771928,0.25,0.18578217313126122,0.0,0.0,0.0,0.13793103448275862,1.0,0.1111111111111111,0.6666666666666667,0.1571428571428572,0.13793103448275862,0.49999999999999994,0.0,0.8888888888888888,0.0,0.0,0.0,0.0,1.0
0.2807017543859649,0.0,0.12760082198818393,0.0,1.0,0.0,0.27586206896551724,0.0,0.3333333333333333,0.6666666666666667,0.3428571428571428,0.20689655172413793,0.4523809523809524,0.0,0.7777777777777777,0.0,0.0,0.0,0.0,0.6666666666666667
0.2807017543859649,0.0,0.23561520678140252,0.0,0.0,0.0,0.13793103448275862,0.0,0.3333333333333333,0.6666666666666667,0.49999999999999994,0.06896551724137931,0.42857142857142855,0.0,0.2222222222222222,0.0,0.0,0.0,0.0,0.3333333333333333
0.5263157894736842,0.5,0.8074107372206525,0.0,0.0,1.0,0.8275862068965517,0.3333333333333333,0.8333333333333333,0.6666666666666667,0.7142857142857142,0.7586206896551724,0.4761904761904761,0.0,0.1111111111111111,0.0,0.0,0.0,0.0,1.0
0.5263157894736842,0.25,0.28750321089134345,0.0,0.0,0.0,0.13793103448275862,1.0,0.1111111111111111,0.6666666666666667,0.9428571428571428,0.13793103448275862,0.7142857142857142,0.0,0.4444444444444444,0.0,0.0,0.0,0.0,0.6666666666666667
0.17543859649122806,0.0,0.21545080914461856,0.0,0.0,0.0,0.13793103448275862,0.3333333333333333,0.1111111111111111,0.0,0.5857142857142856,0.0,0.19047619047619052,0.0,0.3333333333333333,1.0,0.0,1.0,0.0,0.0
0.2807017543859649,0.0,0.11218854353968663,0.0,0.0,0.0,0.48275862068965514,0.3333333333333333,0.4444444444444444,0.6666666666666667,0.5999999999999999,0.41379310344827586,0.35714285714285715,0.0,0.1111111111111111,0.0,0.0,0.0,1.0,1.0
0.42105263157894735,0.5,0.5413562805034677,0.0,1.0,0.0,0.20689655172413793,0.3333333333333333,0.2777777777777778,1.0,0.7571428571428571,0.27586206896551724,0.9285714285714284,1.0,0.3333333333333333,0.0,0.0,0.0,0.0,0.6666666666666667
0.14035087719298245,0.0,0.09189571024916518,0.0,0.0,0.0,0.20689655172413793,0.0,0.2222222222222222,0.3333333333333333,0.17142857142857143,0.20689655172413793,0.4761904761904761,0.0,0.1111111111111111,1.0,0.0,1.0,1.0,1.0
0.7368421052631579,0.75,1.0,0.0,0.0,0.0,0.48275862068965514,0.3333333333333333,1.0,0.6666666666666667,0.01428571428571429,0.6206896551724138,0.5714285714285714,0.0,0.0,0.0,0.0,0.0,0.0,0.6666666666666667
0.5614035087719298,0.5,0.5580529154893399,0.0,0.0,0.0,0.6206896551724138,0.3333333333333333,0.7222222222222222,0.3333333333333333,0.2571428571428572,0.8275862068965517,0.42857142857142855,0.0,0.4444444444444444,0.0,0.0,1.0,1.0,0.0
1.0,1.0,1.0,0.0,1.0,0.0,0.6896551724137931,0.3333333333333333,1.0,0.6666666666666667,0.7571428571428571,0.6896551724137931,0.7857142857142856,0.0,0.4444444444444444,0.0,0.0,1.0,0.0,1.0
0.8421052631578947,0.5,0.26977909067557154,0.0,0.0,0.0,0.6206896551724138,0.3333333333333333,1.0,0.6666666666666667,0.9571428571428571,0.7586206896551724,0.6428571428571428,0.0,0.1111111111111111,1.0,0.0,1.0,0.0,0.0
0.2807017543859649,0.0,0.11559208836372978,0.0,0.0,0.0,0.13793103448275862,0.0,0.1111111111111111,0.3333333333333333,0.31428571428571433,0.13793103448275862,0.5238095238095237,0.0,0.2222222222222222,0.0,0.0,0.0,0.0,0.6666666666666667
0.24561403508771928,0.25,0.27851271512972003,0.0,0.0,0.0,0.20689655172413793,0.0,0.2222222222222222,0.0,0.7857142857142856,0.20689655172413793,0.5952380952380951,0.0,0.8888888888888888,0.0,0.0,0.0,0.0,0.0
0.14035087719298245,0.0,0.19297456974056,0.0,1.0,0.0,0.13793103448275862,0.3333333333333333,0.1111111111111111,0.6666666666666667,0.0,0.13793103448275862,0.4047619047619047,0.0,0.3333333333333333,1.0,0.0,0.0,1.0,0.6666666666666667
0.2807017543859649,0.0,0.11983046493706653,0.0,1.0,0.0,0.3448275862068966,0.0,0.4444444444444444,0.6666666666666667,0.32857142857142857,0.13793103448275862,0.19047619047619052,0.0,0.1111111111111111,0.0,0.0,0.0,0.0,0.6666666666666667
0.3157894736842105,0.25,0.27157718982789625,0.0,0.0,0.0,0.27586206896551724,0.0,0.2777777777777778,0.6666666666666667,0.0,0.27586206896551724,0.3095238095238095,0.0,0.2222222222222222,0.0,0.0,1.0,0.0,1.0
0.5614035087719298,0.5,0.8178140251733881,0.0,1.0,1.0,0.7586206896551724,0.3333333333333333,0.8888888888888888,1.0,0.17142857142857143,0.5517241379310345,0.4523809523809524,0.0,0.1111111111111111,0.0,0.0,0.0,0.0,0.6666666666666667
0.3508771929824561,0.25,0.3285384022604675,0.0,0.0,0.0,0.5517241379310345,0.0,0.5555555555555556,0.6666666666666667,0.5142857142857142,0.41379310344827586,0.380952380952381,0.0,0.1111111111111111,0.0,0.0,0.0,1.0,0.6666666666666667
1.0,0.75,0.8865270999229387,0.0,0.0,1.0,0.06896551724137931,0.0,0.2777777777777778,1.0,0.4142857142857143,0.20689655172413793,0.8333333333333333,0.0,0.3333333333333333,0.0,0.0,0.0,0.0,0.6666666666666667
0.7368421052631579,1.0,1.0,0.0,0.0,0.0,0.5517241379310345,0.0,1.0,0.6666666666666667,0.8285714285714285,0.5517241379310345,0.5238095238095237,0.0,0.1111111111111111,0.0,0.0,0.0,1.0,0.3333333333333333
0.8771929824561403,0.75,0.7659260210634473,0.0,0.0,0.0,0.3448275862068966,0.0,1.0,0.0,0.7428571428571429,0.6896551724137931,0.6904761904761905,0.0,0.7777777777777777,0.0,0.0,1.0,0.0,0.6666666666666667
0.14035087719298245,0.25,0.23933984073978937,0.0,1.0,0.0,0.13793103448275862,0.3333333333333333,0.1111111111111111,0.6666666666666667,0.7857142857142856,0.13793103448275862,0.28571428571428564,0.0,0.7777777777777777,0.0,1.0,0.0,0.0,1.0
0.45614035087719296,0.0,0.08476753146673516,1.0,0.0,0.0,0.48275862068965514,0.0,0.38888888888888884,0.3333333333333333,0.1571428571428572,0.13793103448275862,0.3095238095238095,0.0,0.3333333333333333,0.0,0.0,0.0,0.0,0.3333333333333333
1.0,0.75,1.0,0.0,0.0,0.0,0.41379310344827586,0.0,1.0,0.3333333333333333,0.01428571428571429,1.0,0.8095238095238095,0.0,0.1111111111111111,0.0,0.0,0.0,0.0,0.6666666666666667
0.21052631578947367,0.25,0.34600565116876447,0.0,0.0,0.0,0.3448275862068966,0.3333333333333333,0.3333333333333333,0.6666666666666667,0.7714285714285714,0.27586206896551724,0.19047619047619052,0.0,0.1111111111111111,0.0,0.0,1.0,0.0,0.6666666666666667
0.49122807017543857,0.25,0.3040071923966093,0.0,1.0,0.0,0.48275862068965514,0.0,0.5555555555555556,0.6666666666666667,0.10000000000000003,0.13793103448275862,0.6190476190476188,0.0,0.4444444444444444,0.0,0.0,1.0,0.0,0.0
0.631578947368421,0.5,0.6262522476239405,0.0,1.0,0.0,0.27586206896551724,0.3333333333333333,0.2777777777777778,0.6666666666666667,0.6285714285714286,0.13793103448275862,0.6428571428571428,0.0,0.4444444444444444,0.0,0.0,0.0,0.0,1.0
0.03508771929824561,0.0,0.10217056254816337,0.0,1.0,0.0,0.0,0.0,0.05555555555555555,0.3333333333333333,0.9714285714285713,0.0,0.047619047619047616,0.0,0.1111111111111111,0.0,0.0,0.0,1.0,1.0
0.17543859649122806,0.0,0.10942717698433085,0.0,0.0,0.0,0.13793103448275862,0.3333333333333333,0.2777777777777778,0.6666666666666667,0.17142857142857143,0.13793103448275862,0.23809523809523808,0.0,0.1111111111111111,0.0,0.0,0.0,1.0,0.6666666666666667
0.2807017543859649,0.25,0.3282173131261238,0.0,1.0,0.0,0.27586206896551724,0.6666666666666666,0.2777777777777778,0.3333333333333333,0.2,0.27586206896551724,0.49999999999999994,0.0,0.3333333333333333,0.0,0.0,0.0,0.0,0.0
0.3157894736842105,0.25,0.3056126380683278,0.0,0.0,0.0,0.20689655172413793,1.0,0.2222222222222222,0.6666666666666667,0.7857142857142856,0.13793103448275862,0.4523809523809524,0.0,0.3333333333333333,0.0,0.0,0.0,0.0,0.6666666666666667
0.3508771929824561,0.25,0.28686103262265605,0.0,0.0,0.0,0.0,0.6666666666666666,0.5555555555555556,0.6666666666666667,0.5285714285714285,0.13793103448275862,0.3095238095238095,0.0,0.1111111111111111,0.0,0.0,0.0,0.0,0.0
0.21052631578947367,0.0,0.2165425122013871,0.0,0.0,0.0,0.3448275862068966,0.0,0.3333333333333333,0.3333333333333333,0.7999999999999998,0.20689655172413793,0.380952380952381,0.0,0.1111111111111111,0.0,0.0,0.0,1.0,0.6666666666666667
0.2807017543859649,0.25,0.3492165425122014,0.0,0.0,0.0,0.3448275862068966,0.3333333333333333,0.3333333333333333,0.6666666666666667,0.49999999999999994,0.20689655172413793,0.4523809523809524,0.0,0.6666666666666666,0.0,0.0,0.0,0.0,0.3333333333333333
0.17543859649122806,0.0,0.06877729257641921,0.0,0.0,0.0,0.13793103448275862,0.0,0.16666666666666666,0.6666666666666667,0.7714285714285714,0.13793103448275862,0.23809523809523808,0.0,0.2222222222222222,0.0,0.0,0.0,0.0,1.0
0.21052631578947367,0.0,0.24479835602363215,0.0,1.0,0.0,0.13793103448275862,0.3333333333333333,0.2777777777777778,0.6666666666666667,0.7999999999999998,0.20689655172413793,0.3095238095238095,0.0,0.0,0.0,0.0,0.0,0.0,0.6666666666666667
0.8771929824561403,0.75,1.0,0.0,1.0,1.0,0.13793103448275862,0.0,0.16666666666666666,0.6666666666666667,0.18571428571428567,0.13793103448275862,0.7619047619047619,0.0,0.4444444444444444,0.0,0.0,0.0,0.0,1.0
0.21052631578947367,0.0,0.09170305676855894,0.0,1.0,0.0,0.0,0.3333333333333333,0.05555555555555555,0.3333333333333333,0.11428571428571427,0.0,0.5952380952380951,0.0,1.0,0.0,0.0,1.0,0.0,0.6666666666666667
0.17543859649122806,0.0,0.13049062419727717,1.0,0.0,0.0,0.20689655172413793,0.3333333333333333,0.2222222222222222,0.6666666666666667,0.7857142857142856,0.13793103448275862,0.21428571428571425,0.0,0.0,0.0,0.0,0.0,0.0,0.6666666666666667
0.3157894736842105,0.25,0.2566786539943488,0.0,1.0,0.0,0.27586206896551724,0.3333333333333333,0.2777777777777778,0.6666666666666667,0.0,0.20689655172413793,0.6428571428571428,0.0,0.4444444444444444,0.0,0.0,0.0,0.0,0.6666666666666667
0.8070175438596491,0.75,1.0,0.0,1.0,0.0,0.20689655172413793,0.0,0.2777777777777778,1.0,0.0,0.27586206896551724,0.857142857142857,0.0,0.2222222222222222,0.0,1.0,0.0,0.0,1.0
0.17543859649122806,0.0,0.1060236321602877,0.0,1.0,0.0,0.13793103448275862,0.3333333333333333,0.1111111111111111,0.6666666666666667,0.18571428571428567,0.13793103448275862,0.4047619047619047,0.0,0.7777777777777777,1.0,0.0,0.0,1.0,1.0
0.3508771929824561,0.5,0.40168250706396097,0.0,0.0,0.0,0.27586206896551724,0.3333333333333333,0.4444444444444444,0.6666666666666667,0.45714285714285713,0.48275862068965514,0.28571428571428564,0.0,0.5555555555555556,0.0,0.0,0.0,0.0,0.6666666666666667
0.14035087719298245,0.0,0.11591317749807348,0.0,1.0,0.0,0.13793103448275862,0.0,0.2222222222222222,0.3333333333333333,0.7857142857142856,0.20689655172413793,0.09523809523809518,0.0,0.1111111111111111,0.0,1.0,0.0,0.0,0.3333333333333333
1.0,1.0,1.0,0.0,1.0,0.0,0.6206896551724138,0.3333333333333333,0.5555555555555556,1.0,0.5857142857142856,0.27586206896551724,0.8809523809523809,0.0,0.4444444444444444,0.0,0.0,0.0,0.0,0.6666666666666667
0.49122807017543857,0.25,0.37535319804777806,0.0,0.0,0.0,0.06896551724137931,0.3333333333333333,0.38888888888888884,0.6666666666666667,0.5428571428571429,0.48275862068965514,0.857142857142857,0.0,0.4444444444444444,0.0,0.0,0.0,1.0,1.0
0.21052631578947367,0.25,0.21423067043411254,0.0,0.0,0.0,0.27586206896551724,0.3333333333333333,0.2777777777777778,0.0,0.857142857142857,0.27586206896551724,0.3095238095238095,0.0,0.0,0.0,1.0,0.0,1.0,0.6666666666666667
0.07017543859649122,0.0,0.06646545080914462,1.0,0.0,0.0,0.13793103448275862,0.0,0.1111111111111111,0.3333333333333333,0.2714285714285714,0.13793103448275862,0.047619047619047616,0.0,0.1111111111111111,0.0,0.0,0.0,1.0,0.6666666666666667
0.3508771929824561,0.25,0.26464166452607246,0.0,0.0,0.0,0.48275862068965514,0.3333333333333333,0.5555555555555556,0.3333333333333333,0.4428571428571429,0.48275862068965514,0.7380952380952379,0.0,0.1111111111111111,0.0,0.0,1.0,0.0,0.6666666666666667
0.5263157894736842,0.25,0.22090932442846134,0.0,1.0,0.0,0.7586206896551724,0.6666666666666666,0.7222222222222222,0.6666666666666667,0.5999999999999999,0.48275862068965514,0.4523809523809524,0.0,0.3333333333333333,0.0,1.0,0.0,1.0,0.3333333333333333
0.24561403508771928,0.0,0.19059851014641666,0.0,1.0,0.0,0.13793103448275862,0.3333333333333333,0.1111111111111111,0.6666666666666667,0.38571428571428573,0.13793103448275862,0.16666666666666669,0.0,0.6666666666666666,1.0,0.0,0.0,0.0,1.0
0.3508771929824561,0.0,0.23850500899049576,0.0,1.0,0.0,0.6206896551724138,0.0,0.5555555555555556,0.6666666666666667,0.8142857142857143,0.3448275862068966,0.2619047619047619,0.0,0.1111111111111111,1.0,0.0,0.0,1.0,0.3333333333333333
0.03508771929824561,0.0,0.11861032622656048,1.0,0.0,0.0,0.0,0.3333333333333333,0.05555555555555555,0.6666666666666667,0.6857142857142857,0.0,0.23809523809523808,0.0,0.1111111111111111,0.0,0.0,0.0,1.0,0.3333333333333333
0.45614035087719296,0.0,0.0926021063447213,0.0,0.0,0.0,0.5517241379310345,0.3333333333333333,0.5,0.6666666666666667,0.3714285714285714,0.5517241379310345,0.5476190476190477,0.0,0.4444444444444444,0.0,0.0,0.0,0.0,0.0
0.3157894736842105,0.25,0.3803621885435397,0.0,0.0,0.0,0.5517241379310345,0.3333333333333333,0.5,0.6666666666666667,0.21428571428571425,0.0,0.3095238095238095,0.0,0.1111111111111111,0.0,1.0,0.0,0.0,1.0
0.14035087719298245,0.25,0.27562291292062674,0.0,0.0,0.0,0.06896551724137931,0.6666666666666666,0.1111111111111111,0.6666666666666667,0.9428571428571428,0.13793103448275862,0.28571428571428564,0.0,0.8888888888888888,0.0,0.0,0.0,0.0,1.0
0.2807017543859649,0.0,0.07346519393783715,0.0,0.0,0.0,0.06896551724137931,0.0,0.4444444444444444,0.6666666666666667,0.6142857142857143,0.48275862068965514,0.42857142857142855,0.0,0.1111111111111111,1.0,0.0,1.0,1.0,0.3333333333333333
1.0,0.75,1.0,0.0,0.0,1.0,0.6206896551724138,0.0,0.5555555555555556,0.6666666666666667,0.7857142857142856,0.6206896551724138,0.857142857142857,0.0,0.3333333333333333,0.0,0.0,0.0,0.0,1.0
0.3508771929824561,0.5,0.40726945800154124,0.0,0.0,0.0,0.0,0.0,0.05555555555555555,0.6666666666666667,0.02857142857142858,0.0,0.4761904761904761,0.0,0.7777777777777777,0.0,0.0,0.0,0.0,1.0
0.49122807017543857,0.25,0.3560236321602877,0.0,0.0,0.0,0.0,0.0,0.05555555555555555,0.6666666666666667,0.8285714285714285,0.0,0.4761904761904761,0.0,1.0,0.0,0.0,0.0,0.0,1.0
0.3508771929824561,0.5,0.5469432314410481,0.0,0.0,0.0,0.48275862068965514,0.0,0.5,0.3333333333333333,0.2,0.5517241379310345,0.4761904761904761,0.0,0.0,0.0,0.0,1.0,0.0,1.0
0.21052631578947367,0.0,0.14044438736193168,0.0,0.0,0.0,0.3448275862068966,1.0,0.3333333333333333,0.3333333333333333,0.6857142857142857,0.20689655172413793,0.23809523809523808,0.0,0.1111111111111111,1.0,0.0,0.0,1.0,1.0
0.5614035087719298,0.25,0.559722578987927,0.0,0.0,0.0,0.06896551724137931,0.3333333333333333,0.8333333333333333,1.0,0.6428571428571428,0.6206896551724138,0.380952380952381,0.0,0.0,0.0,0.0,0.0,0.0,0.3333333333333333
0.24561403508771928,0.25,0.3624454148471616,0.0,0.0,0.0,0.0,0.0,0.05555555555555555,0.6666666666666667,0.21428571428571425,0.0,0.42857142857142855,0.0,0.4444444444444444,0.0,1.0,0.0,1.0,1.0
0.03508771929824561,0.0,0.09183149242229643,0.0,1.0,0.0,0.0,0.0,0.05555555555555555,0.3333333333333333,0.6142857142857143,0.0,0.2619047619047619,0.0,0.1111111111111111,0.0,0.0,1.0,0.0,1.0
0.7017543859649122,0.25,0.2478808117133316,0.0,0.0,0.0,0.20689655172413793,0.0,0.2222222222222222,0.6666666666666667,0.01428571428571429,0.20689655172413793,0.857142857142857,0.0,0.3333333333333333,0.0,0.0,1.0,0.0,1.0
0.14035087719298245,0.0,0.17203955818135114,0.0,0.0,0.0,0.0,0.6666666666666666,0.05555555555555555,1.0,0.7285714285714284,0.0,0.42857142857142855,0.0,0.4444444444444444,1.0,0.0,1.0,0.0,0.6666666666666667
0.2807017543859649,0.25,0.3623811970202928,0.0,0.0,0.0,0.20689655172413793,0.3333333333333333,0.3333333333333333,0.3333333333333333,1.0,0.0,0.42857142857142855,0.0,0.4444444444444444,0.0,0.0,0.0,0.0,0.3333333333333333
0.3157894736842105,0.25,0.19766247110197793,0.0,0.0,0.0,0.3448275862068966,0.3333333333333333,0.3333333333333333,0.6666666666666667,0.45714285714285713,0.13793103448275862,0.3333333333333333,0.0,0.4444444444444444,0.0,1.0,0.0,0.0,1.0
0.3508771929824561,0.25,0.2823015669149756,0.0,0.0,0.0,0.13793103448275862,0.0,0.1111111111111111,0.6666666666666667,0.7714285714285714,0.13793103448275862,0.9999999999999998,0.0,0.8888888888888888,0.0,0.0,0.0,0.0,0.0
0.49122807017543857,0.0,0.1370408425378885,0.0,0.0,0.0,0.5517241379310345,0.3333333333333333,0.5555555555555556,1.0,0.857142857142857,0.41379310344827586,0.35714285714285715,0.0,0.6666666666666666,0.0,0.0,0.0,0.0,1.0
0.6666666666666666,0.25,0.23927562291292065,0.0,0.0,0.0,0.7586206896551724,0.6666666666666666,0.7222222222222222,0.6666666666666667,0.857142857142857,0.6206896551724138,0.4761904761904761,0.0,0.7777777777777777,0.0,0.0,1.0,0.0,1.0
0.21052631578947367,0.0,0.07442846134086822,0.0,1.0,0.0,0.27586206896551724,0.3333333333333333,0.2777777777777778,0.0,0.5571428571428572,0.20689655172413793,0.2619047619047619,0.0,0.0,0.0,0.0,0.0,0.0,0.3333333333333333
0.631578947368421,0.25,0.47341381967634216,0.0,0.0,0.0,0.48275862068965514,0.0,0.7777777777777777,0.6666666666666667,0.05714285714285716,0.6896551724137931,0.8333333333333333,0.0,0.7777777777777777,0.0,0.0,0.0,1.0,1.0
0.42105263157894735,0.25,0.282943745183663,0.0,1.0,0.0,0.48275862068965514,0.3333333333333333,0.5555555555555556,0.6666666666666667,0.10000000000000003,0.5517241379310345,0.8809523809523809,0.0,0.3333333333333333,1.0,0.0,0.0,0.0,0.3333333333333333
0.7017543859649122,0.5,0.6092345235037246,0.0,0.0,0.0,0.20689655172413793,0.0,0.2222222222222222,0.3333333333333333,1.0,0.20689655172413793,0.7619047619047619,1.0,0.6666666666666666,0.0,0.0,0.0,0.0,1.0
0.03508771929824561,0.0,0.08091446185461085,0.0,0.0,0.0,0.0,0.0,0.05555555555555555,1.0,0.08571428571428569,0.06896551724137931,0.4047619047619047,0.0,0.1111111111111111,1.0,0.0,0.0,0.0,1.0
0.49122807017543857,0.5,0.4048933984073979,0.0,0.0,0.0,0.48275862068965514,1.0,0.4444444444444444,0.6666666666666667,0.4857142857142857,0.48275862068965514,0.6666666666666665,0.0,0.5555555555555556,0.0,0.0,0.0,0.0,0.6666666666666667
0.17543859649122806,0.0,0.1913691240688415,0.0,1.0,0.0,0.27586206896551724,0.0,0.2777777777777778,0.3333333333333333,0.8999999999999999,0.13793103448275862,0.11904761904761901,0.0,0.1111111111111111,1.0,0.0,0.0,1.0,1.0
0.5614035087719298,0.5,0.805291548933984,0.0,0.0,1.0,0.20689655172413793,0.3333333333333333,0.2222222222222222,0.6666666666666667,0.42857142857142855,0.20689655172413793,0.857142857142857,0.0,1.0,0.0,0.0,0.0,0.0,0.0
0.03508771929824561,0.0,0.09016182892370922,1.0,1.0,0.0,0.0,1.0,0.05555555555555555,0.3333333333333333,0.08571428571428569,0.0,0.16666666666666669,0.0,0.1111111111111111,0.0,0.0,0.0,0.0,0.6666666666666667
0.17543859649122806,0.0,0.06813511430773184,0.0,0.0,0.0,0.13793103448275862,0.3333333333333333,0.2777777777777778,0.6666666666666667,0.9142857142857141,0.27586206896551724,0.23809523809523808,0.0,0.1111111111111111,0.0,0.0,0.0,1.0,1.0
1.0,0.5,0.401425635756486,0.0,0.0,0.0,0.27586206896551724,0.0,0.3333333333333333,0.0,0.2714285714285714,0.13793103448275862,0.9047619047619047,0.0,0.4444444444444444,0.0,0.0,0.0,0.0,1.0
0.21052631578947367,0.0,0.12374775237605959,0.0,1.0,0.0,0.27586206896551724,0.0,0.3333333333333333,0.6666666666666667,0.9428571428571428,0.13793103448275862,0.6190476190476188,0.0,0.1111111111111111,0.0,0.0,0.0,0.0,0.6666666666666667
0.3157894736842105,0.25,0.3483817107629078,0.0,0.0,0.0,0.13793103448275862,0.3333333333333333,0.16666666666666666,1.0,0.6714285714285713,0.13793103448275862,0.6428571428571428,0.0,0.4444444444444444,0.0,0.0,1.0,0.0,0.0
0.21052631578947367,0.25,0.2990624197277164,0.0,1.0,0.0,0.20689655172413793,0.0,0.2777777777777778,0.6666666666666667,0.7857142857142856,0.20689655172413793,0.4761904761904761,0.0,0.1111111111111111,0.0,1.0,0.0,0.0,0.6666666666666667
0.3508771929824561,0.0,0.08720780888774723,0.0,0.0,0.0,0.13793103448275862,0.3333333333333333,0.4444444444444444,0.6666666666666667,0.49999999999999994,0.41379310344827586,0.7142857142857142,0.0,0.8888888888888888,0.0,0.0,0.0,0.0,0.6666666666666667
0.21052631578947367,0.25,0.39140765476496275,0.0,0.0,0.0,0.0,0.0,0.2777777777777778,0.6666666666666667,0.12857142857142861,0.13793103448275862,0.35714285714285715,0.0,0.0,0.0,0.0,0.0,0.0,0.6666666666666667
0.7017543859649122,0.5,0.607885949139481,0.0,1.0,0.0,0.896551724137931,0.3333333333333333,1.0,0.3333333333333333,0.2571428571428572,0.8275862068965517,0.5238095238095237,0.0,0.5555555555555556,0.0,0.0,1.0,0.0,1.0
0.5964912280701754,0.25,0.3637297713845363,0.0,1.0,0.0,0.0,0.0,0.05555555555555555,0.6666666666666667,0.5714285714285714,0.0,0.4761904761904761,1.0,0.7777777777777777,0.0,0.0,0.0,1.0,0.3333333333333333
0.49122807017543857,0.25,0.5091831492422296,0.0,0.0,0.0,0.27586206896551724,0.3333333333333333,0.2777777777777778,0.3333333333333333,0.38571428571428573,0.27586206896551724,0.5476190476190477,0.0,0.2222222222222222,0.0,0.0,0.0,0.0,0.6666666666666667
0.38596491228070173,0.25,0.13228872334960184,0.0,0.0,0.0,0.5517241379310345,0.3333333333333333,0.5555555555555556,0.3333333333333333,0.657142857142857,0.48275862068965514,0.49999999999999994,0.0,0.0,1.0,0.0,0.0,1.0,0.6666666666666667
0.6666666666666666,0.25,0.3302080657590547,0.0,0.0,0.0,0.13793103448275862,0.0,1.0,0.0,0.14285714285714285,0.6206896551724138,0.5476190476190477,0.0,0.1111111111111111,0.0,1.0,0.0,1.0,0.6666666666666667
0.3508771929824561,0.75,1.0,0.0,0.0,0.0,0.5517241379310345,0.0,0.5555555555555556,0.6666666666666667,0.11428571428571427,0.0,0.35714285714285715,0.0,0.1111111111111111,0.0,1.0,0.0,0.0,1.0
0.21052631578947367,0.0,0.12053686103262265,0.0,1.0,0.0,0.20689655172413793,0.3333333333333333,0.3333333333333333,0.6666666666666667,0.35714285714285715,0.13793103448275862,0.14285714285714285,0.0,0.1111111111111111,1.0,0.0,1.0,0.0,0.0
0.3508771929824561,0.5,0.440020549704598,0.0,1.0,0.0,0.0,0.0,0.05555555555555555,0.6666666666666667,0.7285714285714284,0.0,0.4761904761904761,0.0,0.4444444444444444,0.0,0.0,0.0,0.0,0.6666666666666667
0.21052631578947367,0.0,0.08560236321602877,0.0,0.0,0.0,0.27586206896551724,0.0,0.2777777777777778,0.3333333333333333,0.6714285714285713,0.20689655172413793,0.42857142857142855,0.0,0.0,0.0,0.0,0.0,0.0,0.0
0.38596491228070173,0.5,0.4436809658361161,0.0,0.0,0.0,0.6896551724137931,0.3333333333333333,0.611111111111111,0.6666666666666667,0.17142857142857143,0.06896551724137931,0.2619047619047619,0.0,0.1111111111111111,0.0,0.0,1.0,1.0,0.3333333333333333
0.17543859649122806,0.0,0.1568841510403288,0.0,0.0,0.0,0.13793103448275862,0.0,0.16666666666666666,0.6666666666666667,0.32857142857142857,0.13793103448275862,0.35714285714285715,0.0,0.3333333333333333,0.0,0.0,0.0,0.0,0.3333333333333333
0.3508771929824561,0.5,0.7016439763678397,0.0,0.0,1.0,0.13793103448275862,0.0,0.5555555555555556,0.3333333333333333,0.8999999999999999,0.48275862068965514,0.2619047619047619,0.0,0.1111111111111111,0.0,0.0,0.0,1.0,0.3333333333333333
0.24561403508771928,0.0,0.06832776778833805,0.0,1.0,0.0,0.13793103448275862,0.0,0.16666666666666666,0.6666666666666667,0.4714285714285715,0.13793103448275862,0.4523809523809524,0.0,0.4444444444444444,0.0,0.0,0.0,0.0,0.6666666666666667
0.42105263157894735,0.5,0.6743513999486257,0.0,1.0,1.0,0.6896551724137931,0.3333333333333333,0.611111111111111,0.3333333333333333,0.8857142857142857,0.6206896551724138,0.4761904761904761,0.0,0.0,0.0,0.0,0.0,0.0,0.6666666666666667
0.8771929824561403,0.5,0.6254174158746468,0.0,0.0,0.0,1.0,0.3333333333333333,1.0,0.3333333333333333,0.6285714285714286,0.27586206896551724,0.6428571428571428,1.0,0.3333333333333333,0.0,1.0,0.0,0.0,0.6666666666666667
0.03508771929824561,0.0,0.1082070382738248,0.0,0.0,0.0,0.0,1.0,0.05555555555555555,0.3333333333333333,0.42857142857142855,0.0,0.14285714285714285,0.0,0.1111111111111111,1.0,1.0,0.0,0.0,0.6666666666666667
0.5614035087719298,0.0,0.09696891857179554,0.0,0.0,0.0,0.5517241379310345,0.0,0.611111111111111,0.6666666666666667,0.7,0.6206896551724138,0.42857142857142855,0.0,0.4444444444444444,1.0,0.0,0.0,1.0,0.6666666666666667
0.17543859649122806,0.25,0.19278191625995378,0.0,0.0,0.0,0.13793103448275862,0.3333333333333333,0.2222222222222222,1.0,0.9428571428571428,0.20689655172413793,0.14285714285714285,0.0,0.0,0.0,1.0,0.0,0.0,0.0
0.5964912280701754,0.5,0.6213716927819162,0.0,1.0,0.0,0.9655172413793103,0.3333333333333333,0.9444444444444444,0.3333333333333333,0.5142857142857142,1.0,0.4047619047619047,0.0,0.1111111111111111,0.0,0.0,0.0,0.0,1.0
1.0,0.75,0.8230798869766247,0.0,0.0,0.0,0.5517241379310345,0.0,0.5,0.3333333333333333,0.7285714285714284,0.0,0.8095238095238095,0.0,0.3333333333333333,0.0,0.0,1.0,1.0,0.6666666666666667
0.3157894736842105,0.25,0.2874389930644747,0.0,1.0,0.0,0.20689655172413793,0.6666666666666666,0.2777777777777778,0.6666666666666667,0.9285714285714286,0.27586206896551724,0.857142857142857,0.0,1.0,0.0,0.0,0.0,1.0,1.0
0.8771929824561403,0.5,0.5596583611610584,0.0,0.0,0.0,0.0,0.3333333333333333,0.05555555555555555,0.6666666666666667,0.4142857142857143,0.0,0.6428571428571428,0.0,0.2222222222222222,0.0,0.0,0.0,0.0,0.3333333333333333
0.3508771929824561,0.25,0.2805034677626509,0.0,0.0,0.0,0.48275862068965514,1.0,0.38888888888888884,0.6666666666666667,0.657142857142857,0.48275862068965514,0.49999999999999994,0.0,0.2222222222222222,0.0,0.0,0.0,1.0,0.3333333333333333
0.3157894736842105,0.25,0.24377087079373233,0.0,0.0,0.0,0.48275862068965514,0.3333333333333333,0.4444444444444444,0.6666666666666667,0.4428571428571429,0.48275862068965514,0.6428571428571428,0.0,0.0,0.0,0.0,0.0,0.0,1.0
0.3508771929824561,0.0,0.06505265861803236,0.0,1.0,0.0,0.13793103448275862,0.3333333333333333,0.5555555555555556,0.6666666666666667,0.9428571428571428,0.5517241379310345,0.4047619047619047,0.0,0.1111111111111111,0.0,0.0,1.0,0.0,1.0
0.7368421052631579,0.75,1.0,0.0,1.0,0.0,0.6206896551724138,0.0,1.0,0.6666666666666667,0.9857142857142855,0.6896551724137931,0.49999999999999994,0.0,0.1111111111111111,0.0,0.0,0.0,1.0,0.6666666666666667
0.21052631578947367,0.0,0.16780118160801438,0.0,1.0,0.0,0.3448275862068966,0.3333333333333333,0.3333333333333333,0.3333333333333333,0.7571428571428571,0.20689655172413793,0.380952380952381,0.0,0.1111111111111111,0.0,0.0,0.0,0.0,0.3333333333333333
0.8070175438596491,0.5,0.5044952478808118,0.0,0.0,0.0,0.48275862068965514,0.0,1.0,0.3333333333333333,0.38571428571428573,0.5517241379310345,0.6428571428571428,0.0,0.6666666666666666,0.0,1.0,0.0,1.0,1.0
0.21052631578947367,0.0,0.07564860005137428,0.0,0.0,0.0,0.0,0.0,0.1111111111111111,0.6666666666666667,0.7428571428571429,0.13793103448275862,0.16666666666666669,0.0,0.4444444444444444,0.0,0.0,0.0,0.0,0.6666666666666667
0.5263157894736842,0.5,0.8087593115848959,0.0,1.0,1.0,0.13793103448275862,0.6666666666666666,0.2777777777777778,0.6666666666666667,0.7142857142857142,0.13793103448275862,0.4523809523809524,0.0,0.2222222222222222,0.0,1.0,0.0,1.0,0.0
0.03508771929824561,0.0,0.08919856152067815,0.0,1.0,0.0,0.0,0.0,0.05555555555555555,0.6666666666666667,0.7,0.0,0.09523809523809518,0.0,0.1111111111111111,1.0,0.0,0.0,1.0,0.6666666666666667
0.3508771929824561,0.25,0.3056768558951965,0.0,1.0,0.0,0.48275862068965514,0.0,0.5555555555555556,0.0,0.28571428571428575,0.27586206896551724,0.6428571428571428,0.0,0.1111111111111111,1.0,0.0,0.0,1.0,0.6666666666666667
0.8421052631578947,0.5,0.5853454919085539,0.0,1.0,0.0,0.5517241379310345,0.3333333333333333,1.0,0.6666666666666667,0.14285714285714285,0.6206896551724138,0.5714285714285714,1.0,0.2222222222222222,0.0,0.0,1.0,0.0,1.0
0.3157894736842105,0.0,0.08361161058309788,0.0,0.0,0.0,0.13793103448275862,0.0,0.16666666666666666,0.6666666666666667,0.9285714285714286,0.13793103448275862,0.380952380952381,0.0,0.2222222222222222,0.0,0.0,0.0,1.0,1.0
0.24561403508771928,0.25,0.2640637040842538,0.0,0.0,0.0,0.0,0.3333333333333333,0.0,0.6666666666666667,0.02857142857142858,0.0,0.380952380952381,0.0,0.3333333333333333,0.0,0.0,0.0,0.0,0.3333333333333333
0.8070175438596491,0.75,0.922810172103776,0.0,0.0,0.0,0.48275862068965514,0.0,0.4444444444444444,0.6666666666666667,0.08571428571428569,0.0,0.7380952380952379,0.0,0.4444444444444444,0.0,0.0,0.0,0.0,0.6666666666666667
0.5964912280701754,0.5,0.5835473927562291,0.0,0.0,0.0,0.9655172413793103,1.0,0.9444444444444444,0.6666666666666667,0.4142857142857143,0.5517241379310345,0.42857142857142855,1.0,0.1111111111111111,0.0,0.0,0.0,0.0,0.6666666666666667
0.21052631578947367,0.0,0.0854739275622913,0.0,0.0,0.0,0.3448275862068966,0.0,0.3333333333333333,0.6666666666666667,0.42857142857142855,0.3448275862068966,0.2619047619047619,0.0,0.1111111111111111,0.0,0.0,0.0,0.0,0.6666666666666667
0.14035087719298245,0.0,0.09825327510917031,0.0,0.0,0.0,0.13793103448275862,0.3333333333333333,0.2222222222222222,0.3333333333333333,0.35714285714285715,0.13793103448275862,0.21428571428571425,0.0,0.1111111111111111,0.0,0.0,0.0,0.0,1.0
0.3508771929824561,0.25,0.18475468790136143,0.0,0.0,0.0,0.06896551724137931,0.0,0.5555555555555556,0.3333333333333333,0.9142857142857141,0.5517241379310345,0.42857142857142855,0.0,0.1111111111111111,0.0,0.0,1.0,0.0,0.3333333333333333
0.03508771929824561,0.0,0.08958386848189057,1.0,0.0,0.0,0.0,0.3333333333333333,0.05555555555555555,0.6666666666666667,0.657142857142857,0.0,0.4047619047619047,0.0,0.1111111111111111,0.0,0.0,0.0,0.0,1.0
0.2807017543859649,0.0,0.0802080657590547,0.0,0.0,0.0,0.13793103448275862,0.3333333333333333,0.16666666666666666,0.6666666666666667,0.4428571428571429,0.13793103448275862,0.5952380952380951,0.0,0.7777777777777777,1.0,0.0,1.0,1.0,1.0
0.10526315789473684,0.0,0.09253788851785255,0.0,0.0,0.0,0.0,0.0,0.16666666666666666,0.3333333333333333,0.5428571428571429,0.13793103448275862,0.4047619047619047,0.0,0.1111111111111111,1.0,0.0,0.0,1.0,1.0
1.0,0.5,0.4184433598767018,0.0,0.0,0.0,0.48275862068965514,0.3333333333333333,0.8333333333333333,0.3333333333333333,0.11428571428571427,0.8275862068965517,0.8333333333333333,0.0,0.2222222222222222,0.0,0.0,1.0,0.0,0.6666666666666667
0.45614035087719296,0.25,0.28583354739275624,0.0,0.0,0.0,0.48275862068965514,0.6666666666666666,0.38888888888888884,1.0,0.5142857142857142,0.48275862068965514,0.3095238095238095,0.0,0.4444444444444444,0.0,0.0,0.0,1.0,0.0
1.0,0.75,0.8606473156948369,0.0,1.0,1.0,0.41379310344827586,0.0,1.0,0.0,0.8285714285714285,0.6206896551724138,0.7619047619047619,0.0,0.1111111111111111,0.0,0.0,1.0,1.0,0.6666666666666667
0.24561403508771928,0.0,0.14256357564860006,0.0,0.0,0.0,0.13793103448275862,0.3333333333333333,0.16666666666666666,0.6666666666666667,0.7285714285714284,0.13793103448275862,0.16666666666666669,0.0,0.4444444444444444,1.0,0.0,0.0,0.0,0.0
0.3157894736842105,0.5,0.5768045209350114,0.0,0.0,0.0,0.48275862068965514,0.3333333333333333,0.38888888888888884,0.3333333333333333,0.17142857142857143,0.48275862068965514,0.49999999999999994,1.0,0.4444444444444444,0.0,0.0,0.0,1.0,1.0
0.45614035087719296,0.5,0.7054328281530953,0.0,0.0,1.0,0.41379310344827586,0.0,0.6666666666666666,0.6666666666666667,0.32857142857142857,0.7586206896551724,0.380952380952381,0.0,0.0,0.0,0.0,0.0,0.0,0.0
0.5964912280701754,0.5,0.5915746211148214,0.0,0.0,0.0,0.3448275862068966,0.0,0.4444444444444444,0.6666666666666667,0.4142857142857143,0.41379310344827586,0.4047619047619047,0.0,0.3333333333333333,0.0,0.0,0.0,0.0,0.6666666666666667
0.07017543859649122,0.0,0.12997688158232726,0.0,0.0,0.0,0.13793103448275862,0.0,0.1111111111111111,0.3333333333333333,0.8142857142857143,0.13793103448275862,0.047619047619047616,0.0,0.1111111111111111,1.0,0.0,0.0,0.0,0.0
0.21052631578947367,0.0,0.1579116362702286,0.0,0.0,0.0,0.13793103448275862,0.3333333333333333,0.1111111111111111,0.6666666666666667,0.14285714285714285,0.13793103448275862,0.21428571428571425,0.0,1.0,1.0,0.0,0.0,1.0,0.0
0.17543859649122806,0.25,0.22277164140765476,0.0,1.0,0.0,0.27586206896551724,0.0,0.2777777777777778,0.6666666666666667,0.6285714285714286,0.27586206896551724,0.21428571428571425,0.0,0.1111111111111111,0.0,0.0,0.0,0.0,1.0
0.9122807017543859,0.75,1.0,0.0,0.0,0.0,0.5517241379310345,0.3333333333333333,0.5,0.6666666666666667,0.5714285714285714,0.5517241379310345,0.8095238095238095,0.0,0.2222222222222222,0.0,0.0,0.0,0.0,1.0
0.07017543859649122,0.0,0.11135371179039302,0.0,0.0,0.0,0.13793103448275862,0.3333333333333333,0.1111111111111111,0.3333333333333333,0.6714285714285713,0.13793103448275862,0.3333333333333333,0.0,0.1111111111111111,1.0,0.0,1.0,0.0,0.6666666666666667
0.9824561403508771,0.75,1.0,0.0,0.0,0.0,0.6896551724137931,0.3333333333333333,1.0,0.3333333333333333,0.8285714285714285,0.48275862068965514,0.7619047619047619,0.0,0.0,0.0,0.0,0.0,0.0,0.3333333333333333
0.7719298245614035,1.0,1.0,0.0,1.0,1.0,0.13793103448275862,0.0,0.16666666666666666,0.6666666666666667,0.07142857142857145,0.13793103448275862,0.7380952380952379,0.0,1.0,0.0,0.0,1.0,0.0,0.6666666666666667
0.03508771929824561,0.0,0.11469303878756743,0.0,1.0,0.0,0.0,0.0,0.05555555555555555,0.6666666666666667,0.8142857142857143,0.06896551724137931,0.3333333333333333,0.0,0.1111111111111111,1.0,0.0,0.0,0.0,0.0
0.5263157894736842,0.25,0.22058823529411764,0.0,0.0,0.0,0.5517241379310345,0.6666666666666666,0.611111111111111,0.6666666666666667,0.2285714285714286,0.6896551724137931,0.380952380952381,0.0,0.4444444444444444,1.0,0.0,1.0,1.0,0.6666666666666667
0.24561403508771928,0.0,0.11726175186231699,0.0,0.0,0.0,0.0,0.3333333333333333,0.05555555555555555,0.6666666666666667,0.12857142857142861,0.0,0.42857142857142855,0.0,0.5555555555555556,1.0,0.0,0.0,0.0,0.0
0.631578947368421,0.5,0.605959414333419,0.0,0.0,0.0,0.41379310344827586,0.0,0.4444444444444444,0.6666666666666667,0.8142857142857143,0.0,0.8095238095238095,1.0,0.7777777777777777,0.0,0.0,0.0,0.0,0.3333333333333333
0.21052631578947367,0.0,0.10987670177241202,0.0,0.0,0.0,0.20689655172413793,0.0,0.2777777777777778,0.3333333333333333,0.07142857142857145,0.13793103448275862,0.28571428571428564,0.0,0.0,1.0,0.0,0.0,1.0,0.3333333333333333
1.0,0.75,0.9813768302080659,0.0,0.0,0.0,0.6206896551724138,0.3333333333333333,0.8888888888888888,0.6666666666666667,0.31428571428571433,0.9655172413793103,0.9523809523809523,0.0,0.4444444444444444,0.0,1.0,0.0,1.0,0.3333333333333333
0.8421052631578947,1.0,1.0,0.0,0.0,0.0,0.48275862068965514,0.3333333333333333,1.0,0.6666666666666667,0.5142857142857142,0.6206896551724138,0.5714285714285714,0.0,0.1111111111111111,0.0,0.0,1.0,0.0,0.3333333333333333
0.2807017543859649,0.25,0.2246339583868482,0.0,0.0,0.0,0.06896551724137931,0.0,0.2777777777777778,0.6666666666666667,0.7142857142857142,0.27586206896551724,0.7380952380952379,0.0,0.3333333333333333,0.0,0.0,0.0,0.0,1.0
0.631578947368421,0.5,0.6286283072180838,0.0,0.0,0.0,0.0,0.3333333333333333,0.05555555555555555,0.3333333333333333,0.7,0.0,0.5952380952380951,0.0,0.5555555555555556,0.0,0.0,0.0,1.0,0.6666666666666667
0.2807017543859649,0.0,0.085795016696635,0.0,0.0,0.0,0.06896551724137931,0.3333333333333333,0.16666666666666666,0.6666666666666667,0.5428571428571429,0.13793103448275862,0.5238095238095237,0.0,0.2222222222222222,0.0,0.0,0.0,1.0,0.6666666666666667
1.0,1.0,1.0,0.0,1.0,0.0,0.6896551724137931,0.0,1.0,0.6666666666666667,0.7285714285714284,0.896551724137931,0.8809523809523809,0.0,0.0,0.0,0.0,0.0,1.0,1.0
0.17543859649122806,0.0,0.11462882096069868,0.0,0.0,0.0,0.06896551724137931,0.0,0.2777777777777778,1.0,1.0,0.20689655172413793,0.3333333333333333,0.0,0.1111111111111111,1.0,0.0,1.0,0.0,0.3333333333333333
1.0,0.75,1.0,0.0,0.0,0.0,0.48275862068965514,0.0,0.5,0.3333333333333333,0.14285714285714285,0.13793103448275862,0.8809523809523809,0.0,0.7777777777777777,0.0,1.0,0.0,1.0,0.6666666666666667
0.10526315789473684,0.0,0.10827125610069355,0.0,1.0,0.0,0.13793103448275862,0.3333333333333333,0.1111111111111111,0.6666666666666667,0.02857142857142858,0.13793103448275862,0.3095238095238095,0.0,0.0,0.0,0.0,0.0,0.0,0.6666666666666667
0.2807017543859649,0.0,0.24833033650141279,0.0,0.0,0.0,0.27586206896551724,0.3333333333333333,0.3333333333333333,1.0,0.8142857142857143,0.13793103448275862,0.5952380952380951,0.0,0.5555555555555556,1.0,0.0,0.0,0.0,1.0
0.49122807017543857,0.25,0.3646288209606987,0.0,0.0,0.0,0.7586206896551724,0.0,0.7777777777777777,0.6666666666666667,0.9714285714285713,0.7586206896551724,0.380952380952381,1.0,0.1111111111111111,0.0,0.0,0.0,0.0,0.6666666666666667
0.17543859649122806,0.0,0.08560236321602877,0.0,1.0,0.0,0.13793103448275862,0.0,0.2222222222222222,0.3333333333333333,0.7999999999999998,0.20689655172413793,0.5238095238095237,0.0,0.0,0.0,0.0,0.0,1.0,1.0
0.7017543859649122,0.25,0.21339583868481893,0.0,0.0,0.0,0.6206896551724138,0.0,1.0,0.3333333333333333,0.10000000000000003,0.48275862068965514,0.5714285714285714,0.0,0.1111111111111111,0.0,1.0,0.0,0.0,1.0
0.21052631578947367,0.25,0.2483945543282815,0.0,0.0,0.0,0.20689655172413793,0.3333333333333333,0.2777777777777778,0.0,0.12857142857142861,0.0,0.23809523809523808,0.0,0.0,0.0,0.0,0.0,1.0,0.3333333333333333
0.3508771929824561,0.25,0.26232982275879785,0.0,0.0,0.0,0.0,0.0,0.05555555555555555,0.3333333333333333,0.3,0.0,0.5238095238095237,0.0,0.6666666666666666,1.0,0.0,1.0,1.0,0.0
0.21052631578947367,0.0,0.09953763164654508,0.0,0.0,0.0,0.3448275862068966,0.0,0.3333333333333333,0.3333333333333333,0.32857142857142857,0.06896551724137931,0.4047619047619047,0.0,0.1111111111111111,0.0,0.0,0.0,1.0,0.6666666666666667
0.3508771929824561,0.25,0.24877986128949398,0.0,0.0,0.0,0.27586206896551724,0.3333333333333333,0.5555555555555556,0.6666666666666667,0.7,0.06896551724137931,0.3333333333333333,0.0,0.1111111111111111,1.0,0.0,0.0,0.0,1.0
0.17543859649122806,0.25,0.21294631389673774,0.0,0.0,0.0,0.13793103448275862,0.0,0.2777777777777778,0.6666666666666667,0.9142857142857141,0.20689655172413793,0.380952380952381,0.0,0.1111111111111111,0.0,0.0,0.0,1.0,0.0
0.03508771929824561,0.0,0.06839198561520679,0.0,1.0,0.0,0.0,0.3333333333333333,0.05555555555555555,0.6666666666666667,0.5571428571428572,0.0,0.4047619047619047,0.0,0.1111111111111111,1.0,0.0,0.0,0.0,0.0
0.07017543859649122,0.0,0.11392242486514256,1.0,0.0,0.0,0.13793103448275862,0.0,0.1111111111111111,0.6666666666666667,0.01428571428571429,0.13793103448275862,0.047619047619047616,0.0,0.1111111111111111,0.0,0.0,0.0,1.0,0.6666666666666667
1.0,0.75,0.9983303365014129,0.0,0.0,0.0,0.13793103448275862,0.0,0.2777777777777778,0.6666666666666667,0.0,0.27586206896551724,0.8095238095238095,0.0,0.2222222222222222,0.0,0.0,0.0,0.0,1.0
0.3508771929824561,0.25,0.24274338556383251,0.0,0.0,0.0,0.13793103448275862,0.3333333333333333,0.16666666666666666,0.3333333333333333,0.18571428571428567,0.13793103448275862,0.7380952380952379,0.0,0.4444444444444444,1.0,0.0,0.0,1.0,0.6666666666666667
0.24561403508771928,0.0,0.13826098124839456,0.0,0.0,0.0,0.13793103448275862,0.0,0.2777777777777778,0.3333333333333333,0.857142857142857,0.20689655172413793,0.6190476190476188,0.0,0.3333333333333333,1.0,1.0,0.0,0.0,0.6666666666666667
0.42105263157894735,0.25,0.26136655535576675,0.0,0.0,0.0,0.48275862068965514,0.6666666666666666,0.38888888888888884,0.6666666666666667,0.7714285714285714,0.48275862068965514,0.42857142857142855,0.0,0.4444444444444444,0.0,1.0,0.0,0.0,0.0
0.21052631578947367,0.0,0.14789365527870538,0.0,0.0,0.0,0.13793103448275862,0.6666666666666666,0.16666666666666666,1.0,0.07142857142857145,0.13793103448275862,0.3333333333333333,0.0,0.3333333333333333,0.0,0.0,0.0,0.0,0.3333333333333333
0.14035087719298245,0.0,0.15193937837143592,0.0,0.0,0.0,0.13793103448275862,0.0,0.16666666666666666,0.6666666666666667,0.4714285714285715,0.13793103448275862,0.09523809523809518,0.0,0.0,0.0,0.0,0.0,0.0,1.0
0.3157894736842105,0.25,0.30323657847418445,0.0,0.0,0.0,0.13793103448275862,0.6666666666666666,0.3333333333333333,0.3333333333333333,0.31428571428571433,0.20689655172413793,0.4523809523809524,1.0,0.7777777777777777,0.0,0.0,0.0,1.0,0.6666666666666667
0.42105263157894735,0.0,0.09985872078088878,0.0,0.0,0.0,0.48275862068965514,0.0,0.611111111111111,0.6666666666666667,0.2714285714285714,0.48275862068965514,0.28571428571428564,0.0,0.0,1.0,1.0,0.0,1.0,0.6666666666666667
0.5263157894736842,0.25,0.26958643719496533,0.0,1.0,0.0,0.9655172413793103,0.3333333333333333,0.8333333333333333,0.6666666666666667,0.7,0.48275862068965514,0.35714285714285715,0.0,0.1111111111111111,1.0,0.0,0.0,0.0,0.3333333333333333
0.49122807017543857,0.25,0.21731312612381198,0.0,0.0,0.0,0.27586206896551724,0.3333333333333333,0.2777777777777778,0.6666666666666667,0.3428571428571428,0.27586206896551724,0.5476190476190477,0.0,0.5555555555555556,0.0,0.0,0.0,0.0,0.6666666666666667
0.7368421052631579,0.75,0.8066401232982277,0.0,0.0,0.0,0.48275862068965514,0.3333333333333333,1.0,0.3333333333333333,0.42857142857142855,0.6896551724137931,0.5476190476190477,0.0,0.0,0.0,0.0,0.0,0.0,0.0
0.2807017543859649,0.0,0.14654508091446186,0.0,0.0,0.0,0.3448275862068966,0.6666666666666666,0.38888888888888884,0.6666666666666667,0.4428571428571429,0.06896551724137931,0.2619047619047619,0.0,0.0,0.0,0.0,1.0,0.0,1.0
0.631578947368421,0.25,0.2521834061135371,0.0,0.0,0.0,0.48275862068965514,0.3333333333333333,0.38888888888888884,0.6666666666666667,0.8142857142857143,0.48275862068965514,0.7857142857142856,0.0,0.4444444444444444,0.0,0.0,0.0,0.0,0.6666666666666667
0.5263157894736842,0.5,0.6061520678140251,0.0,1.0,0.0,0.13793103448275862,0.0,0.1111111111111111,0.6666666666666667,0.5142857142857142,0.13793103448275862,0.8333333333333333,0.0,0.6666666666666666,0.0,0.0,0.0,0.0,0.0
0.14035087719298245,0.25,0.2412021577189828,0.0,0.0,0.0,0.0,0.3333333333333333,0.05555555555555555,0.6666666666666667,0.35714285714285715,0.0,0.5952380952380951,0.0,0.4444444444444444,0.0,0.0,0.0,0.0,0.0
0.03508771929824561,0.0,0.005265861803236585,1.0,0.0,0.0,0.0,0.0,0.05555555555555555,1.0,0.21428571428571425,0.0,0.2619047619047619,0.0,0.1111111111111111,0.0,0.0,1.0,0.0,0.6666666666666667
0.3508771929824561,0.25,0.2761366555355767,0.0,0.0,0.0,0.5517241379310345,0.6666666666666666,0.5555555555555556,0.6666666666666667,0.7142857142857142,0.48275862068965514,0.3333333333333333,0.0,0.1111111111111111,1.0,0.0,1.0,0.0,0.0
0.07017543859649122,0.0,0.15617775494477268,0.0,1.0,0.0,0.13793103448275862,0.0,0.1111111111111111,0.6666666666666667,0.28571428571428575,0.13793103448275862,0.23809523809523808,0.0,0.1111111111111111,1.0,0.0,0.0,0.0,0.6666666666666667
0.2807017543859649,0.0,0.0889416902132032,0.0,1.0,0.0,0.13793103448275862,0.0,0.4444444444444444,0.6666666666666667,0.3,0.48275862068965514,0.21428571428571425,0.0,0.1111111111111111,0.0,0.0,0.0,0.0,1.0
0.3508771929824561,0.5,0.4996146930387875,0.0,0.0,0.0,0.48275862068965514,0.0,0.5555555555555556,0.6666666666666667,0.8857142857142857,0.5517241379310345,0.4047619047619047,0.0,0.1111111111111111,0.0,0.0,1.0,0.0,0.6666666666666667
0.2807017543859649,0.25,0.32449267916773694,0.0,1.0,0.0,0.20689655172413793,0.3333333333333333,0.2222222222222222,0.3333333333333333,0.18571428571428567,0.13793103448275862,0.5714285714285714,0.0,1.0,0.0,0.0,0.0,0.0,1.0
0.49122807017543857,0.5,0.6821217569997431,0.0,0.0,0.0,0.6896551724137931,0.0,0.611111111111111,0.3333333333333333,0.21428571428571425,0.5517241379310345,0.380952380952381,0.0,0.2222222222222222,0.0,0.0,0.0,1.0,0.6666666666666667
0.17543859649122806,0.25,0.20453377857693295,0.0,1.0,0.0,0.20689655172413793,0.0,0.2777777777777778,0.6666666666666667,0.9714285714285713,0.20689655172413793,0.16666666666666669,0.0,0.1111111111111111,0.0,0.0,0.0,0.0,0.6666666666666667
0.10526315789473684,0.0,0.10608784998715642,0.0,0.0,0.0,0.13793103448275862,0.3333333333333333,0.1111111111111111,0.6666666666666667,0.8999999999999999,0.13793103448275862,0.380952380952381,0.0,0.0,1.0,0.0,0.0,1.0,0.3333333333333333
0.21052631578947367,0.0,0.07564860005137428,0.0,0.0,0.0,0.20689655172413793,0.6666666666666666,0.2777777777777778,0.3333333333333333,0.5142857142857142,0.20689655172413793,0.21428571428571425,0.0,0.0,0.0,0.0,0.0,1.0,0.0
0.38596491228070173,0.25,0.27851271512972003,0.0,0.0,0.0,0.06896551724137931,0.3333333333333333,0.38888888888888884,0.6666666666666667,0.8999999999999999,0.48275862068965514,0.380952380952381,0.0,0.4444444444444444,1.0,0.0,1.0,0.0,1.0
0.2807017543859649,0.0,0.09163883894169023,0.0,1.0,0.0,0.27586206896551724,0.3333333333333333,0.2777777777777778,0.6666666666666667,0.39999999999999997,0.27586206896551724,0.35714285714285715,0.0,0.5555555555555556,1.0,0.0,0.0,1.0,0.6666666666666667
0.24561403508771928,0.0,0.19631389673773442,0.0,0.0,0.0,0.48275862068965514,0.6666666666666666,0.38888888888888884,0.3333333333333333,0.5285714285714285,0.48275862068965514,0.21428571428571425,0.0,0.1111111111111111,1.0,0.0,0.0,0.0,1.0
0.3508771929824561,0.0,0.0802080657590547,0.0,0.0,0.0,0.0,0.3333333333333333,0.4444444444444444,0.3333333333333333,0.39999999999999997,0.48275862068965514,0.4047619047619047,0.0,0.6666666666666666,1.0,0.0,0.0,1.0,1.0
0.3508771929824561,0.5,0.40367325969689183,0.0,0.0,0.0,0.5517241379310345,0.6666666666666666,0.5555555555555556,0.6666666666666667,0.9142857142857141,0.41379310344827586,0.4047619047619047,0.0,0.1111111111111111,0.0,0.0,0.0,0.0,0.6666666666666667
0.14035087719298245,0.0,0.06832776778833805,0.0,0.0,0.0,0.13793103448275862,0.3333333333333333,0.1111111111111111,1.0,0.21428571428571425,0.13793103448275862,0.11904761904761901,0.0,0.2222222222222222,0.0,0.0,0.0,0.0,1.0
0.3508771929824561,0.5,0.4130490624197277,0.0,0.0,0.0,0.5517241379310345,1.0,0.5555555555555556,0.6666666666666667,0.5142857142857142,0.48275862068965514,0.6428571428571428,1.0,0.1111111111111111,0.0,0.0,0.0,0.0,0.0
0.21052631578947367,0.0,0.15861803236578476,0.0,0.0,0.0,0.27586206896551724,0.0,0.2777777777777778,0.3333333333333333,0.5857142857142856,0.27586206896551724,0.3095238095238095,0.0,0.0,1.0,0.0,1.0,1.0,0.6666666666666667
0.49122807017543857,0.5,0.7030567685589519,0.0,0.0,1.0,0.5517241379310345,0.6666666666666666,0.7222222222222222,0.6666666666666667,0.9714285714285713,0.8275862068965517,0.6904761904761905,0.0,0.0,0.0,1.0,0.0,1.0,0.6666666666666667
0.9824561403508771,0.75,1.0,0.0,1.0,0.0,0.48275862068965514,0.3333333333333333,0.38888888888888884,0.0,0.6428571428571428,0.48275862068965514,0.6666666666666665,0.0,0.3333333333333333,0.0,0.0,0.0,0.0,0.6666666666666667
0.3508771929824561,0.25,0.3555098895453378,0.0,1.0,0.0,0.13793103448275862,0.0,0.16666666666666666,1.0,0.7428571428571429,0.13793103448275862,0.5714285714285714,0.0,0.3333333333333333,0.0,0.0,0.0,0.0,1.0
0.17543859649122806,0.25,0.23150526586180326,0.0,1.0,0.0,0.13793103448275862,0.3333333333333333,0.2222222222222222,0.6666666666666667,0.5285714285714285,0.13793103448275862,0.4047619047619047,0.0,0.0,0.0,0.0,1.0,0.0,1.0
1.0,0.75,1.0,0.0,1.0,0.0,0.27586206896551724,0.0,0.2777777777777778,0.6666666666666667,0.9571428571428571,0.13793103448275862,0.8809523809523809,0.0,0.2222222222222222,0.0,0.0,0.0,0.0,0.6666666666666667
0.49122807017543857,0.25,0.22354225533007965,0.0,0.0,0.0,0.6206896551724138,0.6666666666666666,0.5555555555555556,0.3333333333333333,0.3714285714285714,0.5517241379310345,0.380952380952381,0.0,0.4444444444444444,0.0,0.0,1.0,0.0,0.6666666666666667
0.5964912280701754,0.5,0.7857693295658874,0.0,1.0,1.0,0.0,0.0,0.0,0.6666666666666667,0.31428571428571433,0.0,0.6428571428571428,0.0,0.4444444444444444,0.0,0.0,0.0,0.0,1.0
0.3157894736842105,0.25,0.3633444644233239,0.0,0.0,0.0,0.06896551724137931,0.3333333333333333,0.2777777777777778,0.6666666666666667,0.05714285714285716,0.13793103448275862,0.3333333333333333,1.0,0.5555555555555556,0.0,1.0,0.0,1.0,0.6666666666666667
1.0,0.75,0.8359234523503725,0.0,1.0,0.0,0.6206896551724138,0.3333333333333333,1.0,0.6666666666666667,0.7714285714285714,0.6896551724137931,0.7857142857142856,0.0,0.1111111111111111,0.0,0.0,0.0,0.0,0.6666666666666667
0.3157894736842105,0.0,0.06986899563318777,0.0,0.0,0.0,0.20689655172413793,0.3333333333333333,0.2777777777777778,0.6666666666666667,0.32857142857142857,0.27586206896551724,0.28571428571428564,0.0,0.4444444444444444,1.0,1.0,0.0,0.0,0.6666666666666667
0.3508771929824561,0.5,0.4259568456203442,0.0,1.0,0.0,0.0,0.0,0.5555555555555556,0.6666666666666667,0.02857142857142858,0.6206896551724138,0.4523809523809524,0.0,0.1111111111111111,0.0,1.0,0.0,1.0,0.0
0.17543859649122806,0.25,0.194194708451066,0.0,0.0,0.0,0.13793103448275862,0.0,0.16666666666666666,0.6666666666666667,0.9285714285714286,0.13793103448275862,0.380952380952381,0.0,0.2222222222222222,0.0,0.0,1.0,0.0,1.0
0.3157894736842105,0.25,0.22033136398664271,0.0,1.0,0.0,0.13793103448275862,0.0,0.2777777777777778,0.6666666666666667,0.6714285714285713,0.27586206896551724,0.857142857142857,0.0,0.6666666666666666,0.0,0.0,0.0,1.0,0.6666666666666667
0.7017543859649122,0.25,0.21031338299511942,0.0,0.0,0.0,0.20689655172413793,0.0,0.2222222222222222,0.3333333333333333,0.9571428571428571,0.20689655172413793,0.7380952380952379,0.0,0.3333333333333333,1.0,0.0,1.0,0.0,0.0
0.10526315789473684,0.0,0.10878499871564346,0.0,1.0,0.0,0.06896551724137931,0.3333333333333333,0.16666666666666666,0.3333333333333333,0.12857142857142861,0.13793103448275862,0.23809523809523808,0.0,0.1111111111111111,0.0,0.0,1.0,0.0,0.6666666666666667
0.2807017543859649,0.25,0.20479064988440793,0.0,0.0,0.0,0.13793103448275862,0.0,0.16666666666666666,0.6666666666666667,0.857142857142857,0.13793103448275862,0.4761904761904761,0.0,0.2222222222222222,0.0,0.0,0.0,0.0,0.3333333333333333
0.03508771929824561,0.0,0.08245568969946057,0.0,0.0,0.0,0.0,0.0,0.05555555555555555,0.0,0.2571428571428572,0.06896551724137931,0.19047619047619052,0.0,0.1111111111111111,1.0,0.0,0.0,0.0,0.0
0.24561403508771928,0.0,0.1002440277421012,0.0,0.0,0.0,0.48275862068965514,0.0,0.38888888888888884,0.6666666666666667,0.657142857142857,0.48275862068965514,0.19047619047619052,0.0,0.1111111111111111,1.0,1.0,0.0,1.0,1.0
0.24561403508771928,0.0,0.19746981762137167,0.0,0.0,0.0,0.13793103448275862,0.0,0.38888888888888884,0.6666666666666667,0.04285714285714287,0.48275862068965514,0.3095238095238095,0.0,0.1111111111111111,0.0,0.0,1.0,0.0,1.0
0.3508771929824561,0.5,0.6572694580015412,0.0,0.0,0.0,0.13793103448275862,0.0,0.2777777777777778,0.6666666666666667,0.4857142857142857,0.0,0.3333333333333333,0.0,0.2222222222222222,0.0,0.0,0.0,1.0,0.6666666666666667
0.2807017543859649,0.25,0.30220909324428463,0.0,0.0,0.0,0.27586206896551724,0.6666666666666666,0.2777777777777778,0.6666666666666667,0.2285714285714286,0.20689655172413793,0.5238095238095237,0.0,0.7777777777777777,0.0,0.0,0.0,0.0,1.0
0.07017543859649122,0.0,0.08752889802209093,0.0,0.0,0.0,0.13793103448275862,0.6666666666666666,0.1111111111111111,0.6666666666666667,0.8285714285714285,0.13793103448275862,0.9523809523809523,0.0,0.1111111111111111,0.0,0.0,0.0,0.0,0.0
0.5614035087719298,0.75,0.962175699974313,0.0,0.0,1.0,0.0,0.0,0.05555555555555555,0.6666666666666667,0.2,0.0,0.5714285714285714,0.0,0.2222222222222222,0.0,0.0,0.0,0.0,0.0
0.07017543859649122,0.0,0.11128949396352428,0.0,0.0,0.0,0.13793103448275862,0.0,0.1111111111111111,0.6666666666666667,0.31428571428571433,0.13793103448275862,0.380952380952381,0.0,0.1111111111111111,0.0,0.0,0.0,0.0,0.0
0.5263157894736842,0.5,0.6322887233496017,0.0,0.0,0.0,0.7586206896551724,0.3333333333333333,0.6666666666666666,0.3333333333333333,0.5285714285714285,0.7586206896551724,0.5238095238095237,0.0,0.7777777777777777,0.0,0.0,0.0,0.0,0.6666666666666667
0.21052631578947367,0.25,0.3223734908810686,0.0,0.0,0.0,0.13793103448275862,0.0,0.1111111111111111,0.0,0.02857142857142858,0.13793103448275862,0.380952380952381,0.0,0.5555555555555556,0.0,0.0,0.0,0.0,1.0
0.10526315789473684,0.0,0.10897765219624969,0.0,0.0,0.0,0.13793103448275862,0.3333333333333333,0.16666666666666666,0.6666666666666667,0.18571428571428567,0.13793103448275862,0.23809523809523808,0.0,0.1111111111111111,0.0,1.0,0.0,0.0,0.6666666666666667
0.7719298245614035,0.75,0.8023375288980221,0.0,0.0,0.0,0.20689655172413793,0.3333333333333333,1.0,0.3333333333333333,0.6857142857142857,0.7586206896551724,0.5238095238095237,1.0,0.1111111111111111,0.0,0.0,1.0,0.0,0.6666666666666667
0.45614035087719296,0.25,0.27093501155920885,0.0,1.0,0.0,0.8275862068965517,0.0,0.7222222222222222,0.3333333333333333,0.49999999999999994,0.6206896551724138,0.3333333333333333,0.0,0.1111111111111111,0.0,0.0,0.0,0.0,0.6666666666666667
0.7368421052631579,0.75,0.9242871821217571,0.0,0.0,0.0,0.13793103448275862,0.3333333333333333,0.16666666666666666,0.3333333333333333,0.14285714285714285,0.13793103448275862,0.7142857142857142,0.0,0.7777777777777777,0.0,0.0,0.0,0.0,1.0
0.5964912280701754,0.25,0.2331107115335217,0.0,0.0,0.0,0.48275862068965514,0.3333333333333333,0.8333333333333333,1.0,0.7571428571428571,0.896551724137931,0.42857142857142855,0.0,0.2222222222222222,0.0,0.0,1.0,0.0,0.0
0.38596491228070173,0.25,0.2733110711533522,0.0,0.0,0.0,0.20689655172413793,0.3333333333333333,0.2777777777777778,0.6666666666666667,0.08571428571428569,0.13793103448275862,0.5714285714285714,0.0,0.2222222222222222,0.0,1.0,0.0,1.0,0.6666666666666667
0.10526315789473684,0.0,0.08804264063704084,0.0,1.0,0.0,0.0,0.3333333333333333,0.05555555555555555,0.3333333333333333,0.38571428571428573,0.0,0.9523809523809523,0.0,1.0,1.0,0.0,1.0,0.0,1.0
0.21052631578947367,0.25,0.3550603647572566,0.0,0.0,0.0,0.13793103448275862,0.3333333333333333,0.16666666666666666,0.6666666666666667,0.5999999999999999,0.13793103448275862,0.380952380952381,0.0,1.0,0.0,1.0,0.0,0.0,0.6666666666666667
0.5263157894736842,0.25,0.19117647058823528,0.0,0.0,0.0,0.6896551724137931,0.3333333333333333,0.8333333333333333,0.3333333333333333,0.38571428571428573,0.896551724137931,0.380952380952381,0.0,0.1111111111111111,1.0,0.0,0.0,1.0,0.3333333333333333
0.42105263157894735,0.0,0.11385820703827382,0.0,0.0,0.0,0.20689655172413793,0.3333333333333333,0.2777777777777778,0.6666666666666667,0.657142857142857,0.0,0.5476190476190477,0.0,0.3333333333333333,0.0,0.0,0.0,0.0,1.0
0.14035087719298245,0.0,0.1603519136912407,0.0,1.0,0.0,0.13793103448275862,0.0,0.16666666666666666,0.6666666666666667,0.5142857142857142,0.13793103448275862,0.4047619047619047,0.0,0.0,0.0,0.0,0.0,0.0,0.6666666666666667
0.38596491228070173,0.25,0.3060621628564089,0.0,0.0,0.0,0.5517241379310345,0.6666666666666666,0.5555555555555556,0.6666666666666667,0.4857142857142857,0.6206896551724138,0.28571428571428564,0.0,0.1111111111111111,0.0,0.0,0.0,1.0,1.0
0.2807017543859649,0.0,0.1649755972257899,0.0,0.0,0.0,0.48275862068965514,0.0,0.38888888888888884,1.0,1.0,0.48275862068965514,0.19047619047619052,0.0,0.0,1.0,0.0,0.0,0.0,0.6666666666666667
0.38596491228070173,0.0,0.09664782943745184,0.0,0.0,0.0,0.3448275862068966,0.3333333333333333,0.38888888888888884,0.6666666666666667,0.8999999999999999,0.48275862068965514,0.2619047619047619,0.0,0.4444444444444444,0.0,0.0,0.0,0.0,0.6666666666666667
0.3508771929824561,0.0,0.15200359619830464,0.0,0.0,0.0,0.41379310344827586,0.0,0.5555555555555556,1.0,0.18571428571428567,0.5517241379310345,0.5476190476190477,0.0,0.1111111111111111,0.0,0.0,0.0,0.0,0.3333333333333333
0.6666666666666666,0.0,0.10615206781402517,0.0,0.0,0.0,0.13793103448275862,0.3333333333333333,0.2777777777777778,0.3333333333333333,0.9714285714285713,0.27586206896551724,0.8809523809523809,0.0,0.8888888888888888,0.0,0.0,0.0,0.0,0.3333333333333333
0.8421052631578947,1.0,1.0,0.0,0.0,1.0,0.13793103448275862,0.3333333333333333,0.2222222222222222,0.6666666666666667,0.7999999999999998,0.13793103448275862,0.857142857142857,0.0,0.4444444444444444,0.0,0.0,0.0,1.0,0.0
0.7368421052631579,0.75,0.7534677626509119,0.0,0.0,0.0,0.41379310344827586,0.3333333333333333,1.0,0.3333333333333333,0.49999999999999994,0.5517241379310345,0.49999999999999994,0.0,0.1111111111111111,0.0,0.0,0.0,0.0,1.0
0.24561403508771928,0.0,0.17422296429488826,0.0,1.0,0.0,0.13793103448275862,0.3333333333333333,0.1111111111111111,0.6666666666666667,0.9142857142857141,0.13793103448275862,0.3095238095238095,0.0,0.6666666666666666,1.0,0.0,1.0,0.0,0.3333333333333333
0.3157894736842105,0.5,0.44117647058823534,0.0,1.0,0.0,0.48275862068965514,0.3333333333333333,0.4444444444444444,1.0,0.9428571428571428,0.48275862068965514,0.6190476190476188,1.0,0.1111111111111111,0.0,0.0,0.0,0.0,0.6666666666666667
0.5614035087719298,0.5,0.5982532751091703,0.0,1.0,0.0,0.48275862068965514,0.3333333333333333,0.8888888888888888,0.3333333333333333,0.3,0.48275862068965514,0.42857142857142855,0.0,0.1111111111111111,0.0,0.0,0.0,0.0,0.6666666666666667
0.3508771929824561,0.0,0.13627022861546365,0.0,0.0,0.0,0.5517241379310345,0.3333333333333333,0.5555555555555556,0.6666666666666667,0.3428571428571428,0.5517241379310345,0.2619047619047619,0.0,0.1111111111111111,1.0,0.0,0.0,1.0,0.3333333333333333
0.42105263157894735,0.5,0.46108399691754426,0.0,1.0,0.0,0.48275862068965514,0.3333333333333333,0.5,0.6666666666666667,0.9428571428571428,0.48275862068965514,0.5476190476190477,0.0,0.3333333333333333,0.0,0.0,0.0,0.0,0.6666666666666667
0.631578947368421,0.25,0.29334703313639865,0.0,1.0,0.0,0.6206896551724138,0.6666666666666666,0.5555555555555556,0.6666666666666667,0.6857142857142857,0.6206896551724138,0.8095238095238095,0.0,0.3333333333333333,0.0,0.0,0.0,0.0,1.0
0.21052631578947367,0.0,0.0654379655792448,0.0,1.0,0.0,0.13793103448275862,0.0,0.2222222222222222,0.3333333333333333,0.28571428571428575,0.20689655172413793,0.23809523809523808,0.0,0.5555555555555556,1.0,0.0,0.0,0.0,0.6666666666666667
0.5263157894736842,0.0,0.0647957873105574,0.0,0.0,0.0,0.27586206896551724,0.0,0.2777777777777778,0.6666666666666667,0.7999999999999998,0.0,0.5238095238095237,0.0,0.3333333333333333,1.0,0.0,0.0,0.0,1.0
0.9824561403508771,0.5,0.4256357564860005,0.0,0.0,0.0,1.0,0.0,1.0,0.6666666666666667,0.9857142857142855,0.6206896551724138,0.976190476190476,0.0,0.7777777777777777,0.0,0.0,0.0,0.0,0.0
0.2807017543859649,0.0,0.10563832519907526,0.0,0.0,0.0,0.13793103448275862,0.6666666666666666,0.1111111111111111,0.6666666666666667,0.5571428571428572,0.13793103448275862,0.6428571428571428,0.0,0.3333333333333333,0.0,0.0,0.0,0.0,0.0
0.45614035087719296,0.25,0.08329052144875418,1.0,1.0,0.0,0.48275862068965514,0.3333333333333333,0.38888888888888884,0.6666666666666667,0.05714285714285716,0.3448275862068966,0.8333333333333333,0.0,0.2222222222222222,0.0,0.0,0.0,0.0,0.3333333333333333
0.9824561403508771,0.5,0.5835473927562291,0.0,0.0,0.0,0.48275862068965514,0.3333333333333333,0.38888888888888884,0.6666666666666667,0.31428571428571433,0.20689655172413793,0.6666666666666665,0.0,0.4444444444444444,0.0,0.0,0.0,0.0,0.0
0.3508771929824561,0.0,0.07731826354996146,0.0,1.0,0.0,0.48275862068965514,0.3333333333333333,0.38888888888888884,1.0,0.2285714285714286,0.48275862068965514,0.5238095238095237,0.0,0.3333333333333333,1.0,0.0,0.0,0.0,1.0
0.3157894736842105,0.75,0.9897893655278707,0.0,0.0,1.0,0.13793103448275862,0.0,0.16666666666666666,0.6666666666666667,0.8999999999999999,0.0,0.3095238095238095,0.0,0.3333333333333333,0.0,0.0,0.0,0.0,0.0
0.8070175438596491,0.75,0.8037503210891344,0.0,0.0,0.0,0.27586206896551724,0.3333333333333333,1.0,0.6666666666666667,0.6714285714285713,0.5517241379310345,0.5714285714285714,0.0,0.5555555555555556,0.0,0.0,1.0,0.0,0.6666666666666667
0.42105263157894735,0.25,0.27042126894425894,0.0,1.0,0.0,0.48275862068965514,0.3333333333333333,0.611111111111111,1.0,0.31428571428571433,0.6206896551724138,0.9999999999999998,0.0,0.0,0.0,0.0,0.0,0.0,0.3333333333333333
0.21052631578947367,0.25,0.41407654764962754,0.0,1.0,0.0,0.20689655172413793,1.0,0.2222222222222222,0.0,0.38571428571428573,0.13793103448275862,0.5238095238095237,0.0,0.2222222222222222,0.0,0.0,0.0,1.0,0.3333333333333333
0.03508771929824561,0.0,0.030439249935782176,0.0,0.0,0.0,0.0,0.0,0.05555555555555555,0.6666666666666667,0.7,0.0,0.02380952380952378,0.0,0.1111111111111111,1.0,0.0,0.0,1.0,0.3333333333333333
0.10526315789473684,0.0,0.12053686103262265,0.0,0.0,0.0,0.13793103448275862,0.6666666666666666,0.16666666666666666,0.6666666666666667,0.857142857142857,0.13793103448275862,0.19047619047619052,0.0,0.1111111111111111,0.0,0.0,0.0,0.0,0.0
0.3157894736842105,0.25,0.22078088877472385,0.0,0.0,0.0,0.48275862068965514,0.0,0.5,0.6666666666666667,0.38571428571428573,0.5517241379310345,0.6428571428571428,0.0,0.1111111111111111,1.0,1.0,0.0,0.0,0.6666666666666667
0.7017543859649122,0.0,0.14204983303365015,0.0,1.0,0.0,0.5517241379310345,1.0,1.0,1.0,0.6285714285714286,0.5517241379310345,0.7619047619047619,0.0,0.1111111111111111,1.0,0.0,0.0,1.0,1.0
0.24561403508771928,0.25,0.30541998458772157,0.0,0.0,0.0,0.20689655172413793,0.0,0.2777777777777778,0.6666666666666667,0.3,0.0,0.2619047619047619,0.0,0.5555555555555556,0.0,0.0,1.0,0.0,0.0
0.3157894736842105,0.25,0.2987413305933727,0.0,0.0,0.0,0.20689655172413793,0.0,0.4444444444444444,1.0,0.5428571428571429,0.48275862068965514,0.23809523809523808,1.0,0.0,0.0,0.0,0.0,1.0,0.3333333333333333
0.5614035087719298,0.25,0.2191754431030054,0.0,1.0,0.0,0.06896551724137931,0.3333333333333333,0.05555555555555555,0.3333333333333333,0.8857142857142857,0.0,0.5238095238095237,0.0,0.3333333333333333,0.0,0.0,1.0,1.0,0.6666666666666667
0.17543859649122806,0.0,0.0849601849473414,0.0,0.0,0.0,0.0,0.0,0.16666666666666666,0.3333333333333333,0.5714285714285714,0.13793103448275862,0.3333333333333333,0.0,0.6666666666666666,1.0,1.0,0.0,0.0,0.6666666666666667
0.49122807017543857,0.5,0.6996532237349089,0.0,1.0,0.0,0.27586206896551724,0.3333333333333333,0.3333333333333333,0.6666666666666667,0.5142857142857142,0.27586206896551724,0.976190476190476,0.0,0.3333333333333333,0.0,0.0,0.0,0.0,0.3333333333333333
0.2807017543859649,0.25,0.5567685589519651,0.0,0.0,0.0,0.0,0.0,0.05555555555555555,0.3333333333333333,0.3714285714285714,0.0,0.3333333333333333,0.0,0.8888888888888888,0.0,0.0,0.0,0.0,1.0
0.2807017543859649,0.25,0.47437708707937326,0.0,0.0,0.0,0.48275862068965514,0.3333333333333333,0.38888888888888884,0.6666666666666667,0.6285714285714286,0.3448275862068966,0.5238095238095237,0.0,0.1111111111111111,0.0,0.0,0.0,0.0,0.6666666666666667
0.38596491228070173,0.25,0.13138967377343952,0.0,0.0,0.0,0.5517241379310345,0.6666666666666666,0.5,0.6666666666666667,0.857142857142857,0.48275862068965514,0.35714285714285715,0.0,0.5555555555555556,0.0,1.0,0.0,0.0,1.0
0.3508771929824561,0.5,0.5760981248394554,0.0,0.0,0.0,0.20689655172413793,0.0,0.5555555555555556,0.6666666666666667,0.02857142857142858,0.48275862068965514,0.42857142857142855,0.0,0.1111111111111111,0.0,1.0,0.0,1.0,0.3333333333333333
0.03508771929824561,0.0,0.09908810685846392,0.0,0.0,0.0,0.06896551724137931,0.0,0.05555555555555555,0.6666666666666667,0.3428571428571428,0.0,0.02380952380952378,0.0,0.1111111111111111,0.0,0.0,0.0,0.0,0.6666666666666667
0.2807017543859649,0.0,0.18796557924479834,0.0,0.0,0.0,0.27586206896551724,0.3333333333333333,0.4444444444444444,0.6666666666666667,0.5857142857142856,0.48275862068965514,0.4523809523809524,0.0,0.1111111111111111,0.0,0.0,0.0,1.0,0.3333333333333333
0.7368421052631579,0.75,1.0,0.0,1.0,0.0,0.6206896551724138,0.6666666666666666,1.0,0.3333333333333333,0.9142857142857141,0.13793103448275862,0.49999999999999994,0.0,0.6666666666666666,0.0,0.0,0.0,1.0,0.6666666666666667
0.42105263157894735,0.5,0.6979835602363216,0.0,0.0,0.0,0.41379310344827586,0.6666666666666666,0.5555555555555556,0.6666666666666667,0.6285714285714286,0.5517241379310345,0.35714285714285715,0.0,0.6666666666666666,0.0,0.0,1.0,0.0,1.0
0.2807017543859649,0.25,0.24210120729514512,0.0,0.0,0.0,0.13793103448275862,0.6666666666666666,0.16666666666666666,0.6666666666666667,0.6142857142857143,0.13793103448275862,0.28571428571428564,0.0,0.7777777777777777,0.0,0.0,0.0,0.0,1.0
0.03508771929824561,0.0,0.016182892370922172,0.0,0.0,0.0,0.0,0.0,0.05555555555555555,0.3333333333333333,0.05714285714285716,0.0,0.3095238095238095,0.0,0.1111111111111111,0.0,0.0,0.0,0.0,0.0
0.17543859649122806,0.0,0.06408939121500129,0.0,0.0,0.0,0.20689655172413793,0.6666666666666666,0.2777777777777778,0.3333333333333333,0.5142857142857142,0.20689655172413793,0.19047619047619052,0.0,0.1111111111111111,0.0,0.0,1.0,1.0,0.0
0.7017543859649122,0.0,0.06370408425378885,0.0,0.0,0.0,0.20689655172413793,1.0,0.2777777777777778,0.6666666666666667,0.9714285714285713,0.13793103448275862,0.5238095238095237,0.0,0.2222222222222222,0.0,0.0,0.0,1.0,0.6666666666666667
0.3157894736842105,0.5,0.4494605702543026,0.0,0.0,0.0,0.13793103448275862,0.6666666666666666,0.16666666666666666,0.6666666666666667,0.17142857142857143,0.13793103448275862,0.42857142857142855,1.0,0.4444444444444444,0.0,0.0,0.0,0.0,0.3333333333333333
0.17543859649122806,0.25,0.25308245568969945,0.0,0.0,0.0,0.20689655172413793,0.0,0.2222222222222222,0.6666666666666667,0.38571428571428573,0.06896551724137931,0.16666666666666669,0.0,0.0,0.0,0.0,0.0,0.0,0.6666666666666667
0.3508771929824561,0.25,0.2804392499357822,0.0,0.0,0.0,0.20689655172413793,0.6666666666666666,0.2777777777777778,1.0,0.17142857142857143,0.20689655172413793,0.35714285714285715,0.0,0.2222222222222222,0.0,0.0,1.0,0.0,0.6666666666666667
0.49122807017543857,0.75,1.0,0.0,0.0,1.0,0.6896551724137931,0.3333333333333333,0.7777777777777777,0.3333333333333333,0.49999999999999994,0.7586206896551724,0.5952380952380951,0.0,0.1111111111111111,0.0,0.0,0.0,0.0,0.6666666666666667
0.7017543859649122,0.5,0.802080657590547,0.0,0.0,1.0,0.48275862068965514,0.0,1.0,0.6666666666666667,0.8285714285714285,0.896551724137931,0.5238095238095237,0.0,1.0,0.0,0.0,1.0,1.0,0.3333333333333333
0.3508771929824561,0.25,0.21679938350886208,0.0,0.0,0.0,0.48275862068965514,0.3333333333333333,0.5555555555555556,0.3333333333333333,0.31428571428571433,0.3448275862068966,0.6428571428571428,0.0,0.1111111111111111,0.0,1.0,0.0,0.0,0.0
0.21052631578947367,0.25,0.23747752376059594,0.0,0.0,0.0,0.13793103448275862,0.0,0.2222222222222222,1.0,0.42857142857142855,0.13793103448275862,0.3333333333333333,0.0,0.8888888888888888,0.0,1.0,0.0,0.0,1.0
0.3508771929824561,0.25,0.4887618802979707,0.0,0.0,0.0,0.48275862068965514,0.6666666666666666,0.5555555555555556,0.3333333333333333,0.6714285714285713,0.27586206896551724,0.2619047619047619,0.0,0.1111111111111111,0.0,0.0,0.0,0.0,0.6666666666666667
0.24561403508771928,0.0,0.12727973285384023,0.0,1.0,0.0,0.13793103448275862,0.3333333333333333,0.3333333333333333,0.6666666666666667,0.8285714285714285,0.13793103448275862,0.4761904761904761,0.0,0.0,0.0,0.0,1.0,0.0,1.0
0.03508771929824561,0.0,0.07712561006935525,0.0,0.0,0.0,0.0,0.3333333333333333,0.05555555555555555,0.6666666666666667,0.9571428571428571,0.0,0.14285714285714285,0.0,0.1111111111111111,1.0,0.0,0.0,0.0,1.0
0.21052631578947367,0.25,0.30407141022347806,0.0,1.0,0.0,0.27586206896551724,0.0,0.3333333333333333,0.3333333333333333,0.2285714285714286,0.20689655172413793,0.16666666666666669,0.0,0.1111111111111111,0.0,0.0,0.0,0.0,0.6666666666666667
0.3508771929824561,0.25,0.2751733881325456,0.0,0.0,0.0,0.0,0.3333333333333333,0.38888888888888884,1.0,0.39999999999999997,0.48275862068965514,0.28571428571428564,1.0,0.3333333333333333,0.0,0.0,0.0,0.0,0.6666666666666667
0.3508771929824561,0.25,0.2625866940662728,0.0,0.0,0.0,0.48275862068965514,0.0,0.5555555555555556,0.6666666666666667,0.2571428571428572,0.5517241379310345,0.4047619047619047,0.0,0.1111111111111111,0.0,0.0,0.0,1.0,0.3333333333333333
0.42105263157894735,0.25,0.2665681993321346,0.0,0.0,0.0,0.48275862068965514,0.0,0.5,0.6666666666666667,0.10000000000000003,0.20689655172413793,0.8809523809523809,0.0,0.4444444444444444,0.0,0.0,0.0,1.0,0.6666666666666667
0.3157894736842105,0.5,0.5175956845620344,0.0,0.0,0.0,0.5517241379310345,0.3333333333333333,0.5,0.6666666666666667,0.5857142857142856,0.5517241379310345,0.4047619047619047,0.0,0.1111111111111111,0.0,0.0,1.0,0.0,0.3333333333333333
0.03508771929824561,0.0,0.11828923709221681,1.0,1.0,0.0,0.0,0.0,0.05555555555555555,0.6666666666666667,0.05714285714285716,0.0,0.35714285714285715,0.0,0.1111111111111111,0.0,0.0,0.0,0.0,1.0
0.49122807017543857,0.25,0.3454276907269458,0.0,1.0,0.0,0.0,0.0,0.0,0.6666666666666667,0.5571428571428572,0.0,0.35714285714285715,1.0,0.2222222222222222,0.0,0.0,0.0,0.0,1.0
0.5263157894736842,0.5,0.5970331363986643,0.0,0.0,0.0,0.8275862068965517,0.0,0.7222222222222222,0.3333333333333333,0.35714285714285715,0.0,0.4047619047619047,0.0,1.0,0.0,0.0,0.0,1.0,1.0
0.3508771929824561,0.0,0.1936809658361161,0.0,0.0,0.0,0.48275862068965514,0.0,0.4444444444444444,0.6666666666666667,0.5571428571428572,0.48275862068965514,0.3333333333333333,0.0,1.0,1.0,1.0,0.0,1.0,1.0
0.8421052631578947,0.5,0.612830721808374,0.0,1.0,0.0,0.0,0.3333333333333333,0.3333333333333333,0.3333333333333333,0.10000000000000003,0.27586206896551724,0.9523809523809523,1.0,0.2222222222222222,0.0,0.0,0.0,0.0,0.6666666666666667
0.10526315789473684,0.0,0.08618032365784742,1.0,0.0,0.0,0.13793103448275862,0.3333333333333333,0.1111111111111111,0.0,0.04285714285714287,0.0,0.380952380952381,0.0,0.0,0.0,0.0,1.0,0.0,1.0
0.24561403508771928,0.0,0.16510403287952735,0.0,0.0,0.0,0.13793103448275862,0.3333333333333333,0.2222222222222222,0.6666666666666667,0.08571428571428569,0.13793103448275862,0.7380952380952379,0.0,0.2222222222222222,0.0,0.0,0.0,0.0,0.6666666666666667
0.7719298245614035,0.75,0.8325199075263292,0.0,1.0,0.0,0.7586206896551724,0.3333333333333333,0.6666666666666666,0.6666666666666667,0.9285714285714286,0.3448275862068966,0.7619047619047619,0.0,0.3333333333333333,0.0,0.0,0.0,0.0,1.0
0.3508771929824561,0.25,0.32808887747238635,0.0,0.0,0.0,0.6206896551724138,1.0,0.5555555555555556,0.3333333333333333,0.0,0.13793103448275862,0.28571428571428564,0.0,0.1111111111111111,0.0,0.0,0.0,0.0,1.0
0.24561403508771928,0.25,0.225661443616748,0.0,0.0,0.0,0.3448275862068966,1.0,0.3333333333333333,0.3333333333333333,0.8285714285714285,0.27586206896551724,0.5714285714285714,1.0,0.0,0.0,0.0,1.0,0.0,1.0
0.9473684210526315,0.75,0.7677883380426407,0.0,1.0,0.0,0.13793103448275862,1.0,0.16666666666666666,0.3333333333333333,0.42857142857142855,0.13793103448275862,0.8333333333333333,0.0,0.4444444444444444,0.0,1.0,0.0,1.0,0.0
0.3157894736842105,0.25,0.5590804007192396,0.0,0.0,0.0,0.48275862068965514,0.3333333333333333,0.38888888888888884,0.0,0.12857142857142861,0.48275862068965514,0.2619047619047619,1.0,0.3333333333333333,0.0,0.0,0.0,0.0,0.6666666666666667
0.17543859649122806,0.0,0.09684048291805805,0.0,0.0,0.0,0.20689655172413793,1.0,0.2777777777777778,0.6666666666666667,0.657142857142857,0.20689655172413793,0.21428571428571425,0.0,0.1111111111111111,0.0,0.0,0.0,0.0,0.0
0.3508771929824561,0.25,0.2693937837143591,0.0,1.0,0.0,0.5517241379310345,0.0,0.5555555555555556,0.6666666666666667,0.35714285714285715,0.6206896551724138,0.4047619047619047,0.0,0.1111111111111111,0.0,0.0,0.0,0.0,0.6666666666666667
0.03508771929824561,0.0,0.09985872078088878,0.0,0.0,0.0,0.0,0.0,0.05555555555555555,0.3333333333333333,0.31428571428571433,0.0,0.02380952380952378,0.0,0.1111111111111111,0.0,0.0,0.0,0.0,0.0
0.49122807017543857,0.5,0.598060621628564,0.0,0.0,0.0,0.6896551724137931,0.3333333333333333,0.611111111111111,0.6666666666666667,0.4428571428571429,0.06896551724137931,0.5238095238095237,1.0,0.4444444444444444,0.0,0.0,0.0,0.0,0.0
0.17543859649122806,0.25,0.25423837657333676,0.0,0.0,0.0,0.13793103448275862,0.3333333333333333,0.2777777777777778,0.6666666666666667,0.3428571428571428,0.13793103448275862,0.4047619047619047,0.0,0.1111111111111111,0.0,0.0,1.0,0.0,1.0
0.5614035087719298,0.25,0.2576419213973799,0.0,1.0,0.0,0.13793103448275862,0.3333333333333333,0.2222222222222222,0.6666666666666667,0.7142857142857142,0.13793103448275862,0.6666666666666665,0.0,0.8888888888888888,0.0,0.0,0.0,1.0,0.3333333333333333
0.6666666666666666,0.25,0.2277806319034164,0.0,0.0,0.0,0.27586206896551724,0.3333333333333333,0.2777777777777778,0.6666666666666667,0.8857142857142857,0.13793103448275862,0.5714285714285714,0.0,0.2222222222222222,0.0,0.0,1.0,0.0,0.0
0.3508771929824561,0.25,0.30574107372206527,0.0,0.0,0.0,0.48275862068965514,0.6666666666666666,0.5555555555555556,0.3333333333333333,0.4142857142857143,0.6206896551724138,0.6428571428571428,0.0,0.1111111111111111,0.0,0.0,0.0,0.0,1.0
0.07017543859649122,0.0,0.11244541484716158,1.0,0.0,0.0,0.13793103448275862,0.0,0.1111111111111111,0.0,0.31428571428571433,0.13793103448275862,0.2619047619047619,0.0,0.1111111111111111,0.0,0.0,0.0,0.0,0.3333333333333333
0.3508771929824561,0.0,0.12760082198818393,0.0,0.0,0.0,0.20689655172413793,0.6666666666666666,0.2222222222222222,0.6666666666666667,0.8714285714285714,0.20689655172413793,0.380952380952381,0.0,0.5555555555555556,0.0,0.0,1.0,0.0,1.0
0.8771929824561403,0.75,0.8319419470845106,0.0,1.0,0.0,0.06896551724137931,0.0,0.38888888888888884,0.3333333333333333,0.857142857142857,0.48275862068965514,0.7380952380952379,1.0,0.7777777777777777,0.0,0.0,0.0,0.0,0.6666666666666667
0.17543859649122806,0.25,0.2087721551502697,0.0,1.0,0.0,0.13793103448275862,0.3333333333333333,0.2777777777777778,0.6666666666666667,0.6714285714285713,0.20689655172413793,0.14285714285714285,0.0,0.1111111111111111,0.0,0.0,0.0,0.0,1.0
0.14035087719298245,0.0,0.1852684305163113,0.0,0.0,0.0,0.13793103448275862,0.0,0.1111111111111111,0.3333333333333333,0.9857142857142855,0.13793103448275862,0.09523809523809518,0.0,0.5555555555555556,1.0,0.0,1.0,0.0,0.6666666666666667
0.03508771929824561,0.0,0.01701772412021578,0.0,0.0,0.0,0.0,0.6666666666666666,0.05555555555555555,0.6666666666666667,0.4857142857142857,0.0,0.28571428571428564,0.0,0.1111111111111111,0.0,1.0,0.0,0.0,0.6666666666666667
0.7017543859649122,0.25,0.2268173645003853,0.0,0.0,0.0,0.7586206896551724,0.0,1.0,0.6666666666666667,0.02857142857142858,1.0,0.6190476190476188,0.0,0.1111111111111111,0.0,0.0,0.0,0.0,1.0
0.03508771929824561,0.0,0.10814282044695608,0.0,0.0,0.0,0.0,0.3333333333333333,0.05555555555555555,0.6666666666666667,0.5285714285714285,0.0,0.28571428571428564,0.0,0.1111111111111111,1.0,0.0,0.0,0.0,1.0
0.3157894736842105,0.5,0.495568969946057,0.0,0.0,0.0,0.5517241379310345,0.0,0.5,0.6666666666666667,0.10000000000000003,0.48275862068965514,0.21428571428571425,0.0,0.1111111111111111,0.0,0.0,1.0,0.0,1.0
0.3508771929824561,0.25,0.35762907783200615,0.0,0.0,0.0,0.20689655172413793,0.3333333333333333,0.5555555555555556,0.3333333333333333,0.5999999999999999,0.27586206896551724,0.28571428571428564,0.0,0.1111111111111111,0.0,0.0,0.0,0.0,0.6666666666666667
0.14035087719298245,0.25,0.23169791934240946,0.0,0.0,0.0,0.20689655172413793,0.0,0.2222222222222222,0.3333333333333333,0.21428571428571425,0.13793103448275862,0.14285714285714285,1.0,0.1111111111111111,0.0,0.0,0.0,0.0,0.3333333333333333
0.3508771929824561,0.25,0.24845877215515028,0.0,1.0,0.0,0.48275862068965514,0.3333333333333333,0.5,0.6666666666666667,0.9285714285714286,0.06896551724137931,0.35714285714285715,1.0,0.0,0.0,0.0,0.0,1.0,0.3333333333333333
0.3157894736842105,0.0,0.09285897765219625,0.0,0.0,0.0,0.48275862068965514,0.0,0.4444444444444444,0.6666666666666667,0.04285714285714287,0.48275862068965514,0.5952380952380951,0.0,0.0,1.0,0.0,1.0,0.0,0.6666666666666667
0.21052631578947367,0.25,0.35262008733624456,0.0,0.0,0.0,0.13793103448275862,0.3333333333333333,0.16666666666666666,0.6666666666666667,0.8999999999999999,0.13793103448275862,0.380952380952381,0.0,0.5555555555555556,0.0,0.0,0.0,0.0,0.6666666666666667
0.49122807017543857,0.25,0.3058695093758027,0.0,1.0,0.0,0.41379310344827586,0.0,0.5,0.6666666666666667,0.9714285714285713,0.5517241379310345,0.6666666666666665,0.0,0.4444444444444444,0.0,0.0,1.0,0.0,0.0
0.9824561403508771,1.0,1.0,0.0,1.0,1.0,0.20689655172413793,0.0,0.4444444444444444,0.6666666666666667,0.6142857142857143,0.48275862068965514,0.7619047619047619,0.0,0.3333333333333333,0.0,0.0,1.0,0.0,0.0
0.5964912280701754,0.5,0.6164911379398921,0.0,0.0,0.0,0.06896551724137931,0.0,0.7777777777777777,0.3333333333333333,0.2285714285714286,0.48275862068965514,0.4523809523809524,0.0,0.5555555555555556,0.0,0.0,0.0,0.0,0.0
0.3508771929824561,0.25,0.22765219624967892,0.0,0.0,0.0,0.48275862068965514,0.0,0.5555555555555556,0.6666666666666667,0.2,0.6206896551724138,0.2619047619047619,0.0,0.1111111111111111,0.0,0.0,1.0,0.0,0.3333333333333333
0.38596491228070173,0.25,0.241394811199589,0.0,0.0,0.0,0.0,0.3333333333333333,0.05555555555555555,0.6666666666666667,0.7,0.0,0.6190476190476188,0.0,0.7777777777777777,0.0,0.0,1.0,0.0,0.0
0.21052631578947367,0.0,0.15482918058052916,0.0,0.0,0.0,0.13793103448275862,0.0,0.2777777777777778,0.6666666666666667,0.2714285714285714,0.20689655172413793,0.6190476190476188,0.0,0.1111111111111111,0.0,0.0,0.0,0.0,1.0
0.03508771929824561,0.0,0.017467248908296942,0.0,0.0,0.0,0.0,0.6666666666666666,0.05555555555555555,0.3333333333333333,0.1571428571428572,0.0,0.4047619047619047,0.0,0.1111111111111111,1.0,1.0,0.0,0.0,0.6666666666666667
1.0,0.5,0.609619830464937,0.0,0.0,0.0,0.27586206896551724,0.3333333333333333,0.2777777777777778,0.6666666666666667,0.32857142857142857,0.27586206896551724,0.857142857142857,0.0,0.7777777777777777,0.0,0.0,1.0,0.0,1.0
0.5263157894736842,0.5,0.7381839198561522,0.0,0.0,0.0,0.0,0.3333333333333333,0.0,0.6666666666666667,0.8714285714285714,0.0,0.7142857142857142,0.0,0.3333333333333333,0.0,0.0,0.0,1.0,0.0
0.14035087719298245,0.25,0.201579758540971,0.0,0.0,0.0,0.20689655172413793,0.3333333333333333,0.2222222222222222,0.6666666666666667,0.9428571428571428,0.20689655172413793,0.3095238095238095,0.0,0.1111111111111111,0.0,0.0,1.0,0.0,0.6666666666666667
0.42105263157894735,0.25,0.31267659902388906,0.0,0.0,0.0,0.06896551724137931,0.3333333333333333,0.38888888888888884,0.3333333333333333,0.5285714285714285,0.3448275862068966,0.3333333333333333,0.0,0.3333333333333333,0.0,0.0,0.0,0.0,1.0
0.7017543859649122,0.25,0.2503210891343437,0.0,0.0,0.0,1.0,0.0,1.0,0.6666666666666667,0.9857142857142855,0.41379310344827586,0.5714285714285714,0.0,0.1111111111111111,0.0,0.0,0.0,0.0,0.3333333333333333
0.07017543859649122,0.0,0.10281274081685077,0.0,0.0,0.0,0.13793103448275862,0.3333333333333333,0.1111111111111111,0.6666666666666667,0.5999999999999999,0.13793103448275862,0.3095238095238095,0.0,0.1111111111111111,1.0,0.0,1.0,1.0,0.6666666666666667
0.631578947368421,0.0,0.11135371179039302,0.0,0.0,0.0,0.896551724137931,0.0,0.9444444444444444,1.0,0.18571428571428567,0.9655172413793103,0.42857142857142855,0.0,0.1111111111111111,1.0,0.0,0.0,0.0,0.6666666666666667
0.631578947368421,0.25,0.19901104546622145,0.0,0.0,0.0,0.48275862068965514,0.0,0.38888888888888884,0.6666666666666667,0.31428571428571433,0.48275862068965514,0.49999999999999994,0.0,0.7777777777777777,0.0,0.0,0.0,0.0,0.0
0.38596491228070173,0.0,0.08688671975340354,0.0,0.0,0.0,0.48275862068965514,0.0,0.5,0.3333333333333333,1.0,0.48275862068965514,0.2619047619047619,0.0,0.6666666666666666,0.0,0.0,0.0,0.0,0.0
0.17543859649122806,0.0,0.12567428718212176,1.0,0.0,0.0,0.13793103448275862,0.0,0.2222222222222222,0.3333333333333333,0.0,0.0,0.19047619047619052,0.0,0.0,0.0,0.0,0.0,0.0,1.0
0.3157894736842105,0.25,0.275815566401233,0.0,1.0,0.0,0.13793103448275862,0.0,0.2777777777777778,1.0,0.5285714285714285,0.27586206896551724,0.380952380952381,0.0,0.8888888888888888,0.0,1.0,0.0,0.0,0.0
0.8771929824561403,0.75,0.7844849730285126,0.0,0.0,0.0,1.0,0.3333333333333333,1.0,1.0,0.21428571428571425,0.5517241379310345,0.6666666666666665,0.0,0.2222222222222222,0.0,0.0,0.0,0.0,0.0
0.3157894736842105,0.0,0.09369380940148986,0.0,0.0,0.0,0.06896551724137931,0.3333333333333333,0.3333333333333333,0.3333333333333333,0.6428571428571428,0.3448275862068966,0.4761904761904761,0.0,0.4444444444444444,1.0,0.0,1.0,1.0,0.6666666666666667
1.0,0.75,0.881261238119702,0.0,0.0,1.0,0.48275862068965514,0.6666666666666666,0.38888888888888884,1.0,0.7285714285714284,0.0,0.8809523809523809,0.0,0.2222222222222222,0.0,0.0,0.0,1.0,0.3333333333333333
0.3157894736842105,0.5,0.44124068841510405,0.0,0.0,0.0,0.48275862068965514,0.0,0.4444444444444444,1.0,0.1571428571428572,0.48275862068965514,0.49999999999999994,0.0,0.0,0.0,0.0,0.0,0.0,0.0
0.7017543859649122,0.5,0.6372334960184947,0.0,0.0,0.0,0.0,0.3333333333333333,0.05555555555555555,0.0,0.39999999999999997,0.06896551724137931,0.5238095238095237,0.0,0.3333333333333333,0.0,1.0,0.0,0.0,0.6666666666666667
0.21052631578947367,0.0,0.07847418443359877,1.0,0.0,0.0,0.20689655172413793,0.3333333333333333,0.2222222222222222,0.6666666666666667,0.6428571428571428,0.13793103448275862,0.380952380952381,0.0,0.6666666666666666,0.0,0.0,1.0,0.0,0.6666666666666667
0.21052631578947367,0.0,0.09870279989725148,0.0,0.0,0.0,0.13793103448275862,0.0,0.1111111111111111,0.3333333333333333,0.5857142857142856,0.06896551724137931,0.2619047619047619,0.0,0.5555555555555556,0.0,0.0,0.0,0.0,0.6666666666666667
0.49122807017543857,0.0,0.08540970973542256,0.0,0.0,0.0,0.6206896551724138,0.3333333333333333,0.5555555555555556,0.6666666666666667,0.5999999999999999,0.5517241379310345,0.9047619047619047,0.0,0.8888888888888888,1.0,0.0,0.0,0.0,1.0
0.10526315789473684,0.0,0.08091446185461085,1.0,0.0,0.0,0.13793103448275862,0.3333333333333333,0.1111111111111111,0.3333333333333333,0.5428571428571429,0.13793103448275862,0.3333333333333333,0.0,0.0,0.0,0.0,0.0,1.0,0.3333333333333333
0.38596491228070173,0.5,0.3850500899049576,0.0,0.0,0.0,0.20689655172413793,0.0,0.2222222222222222,1.0,0.2571428571428572,0.13793103448275862,0.8333333333333333,1.0,0.3333333333333333,0.0,0.0,0.0,1.0,0.3333333333333333
0.03508771929824561,0.0,0.03801695350629335,0.0,1.0,0.0,0.0,0.6666666666666666,0.0,1.0,0.4714285714285715,0.0,0.11904761904761901,0.0,0.1111111111111111,1.0,0.0,0.0,0.0,0.6666666666666667
0.5614035087719298,0.5,0.6015926021063447,0.0,1.0,0.0,0.13793103448275862,0.3333333333333333,0.7222222222222222,0.3333333333333333,0.6857142857142857,0.8275862068965517,0.4047619047619047,0.0,0.4444444444444444,0.0,1.0,0.0,0.0,0.6666666666666667
0.6666666666666666,0.25,0.20748779861289496,0.0,0.0,0.0,0.13793103448275862,0.0,0.1111111111111111,0.3333333333333333,0.9571428571428571,0.13793103448275862,0.7142857142857142,1.0,0.2222222222222222,0.0,0.0,0.0,0.0,0.0
0.24561403508771928,0.25,0.2543025944002055,0.0,0.0,0.0,0.13793103448275862,0.0,0.1111111111111111,0.0,0.7,0.13793103448275862,0.19047619047619052,0.0,0.8888888888888888,0.0,1.0,0.0,1.0,0.3333333333333333
0.17543859649122806,0.0,0.07609812483945544,0.0,0.0,0.0,0.13793103448275862,0.3333333333333333,0.16666666666666666,0.6666666666666667,0.7,0.13793103448275862,0.4047619047619047,0.0,0.4444444444444444,0.0,0.0,1.0,1.0,0.3333333333333333
0.3508771929824561,0.25,0.3005394297456974,0.0,1.0,0.0,0.13793103448275862,0.6666666666666666,0.5555555555555556,0.6666666666666667,0.7142857142857142,0.13793103448275862,0.4047619047619047,1.0,0.1111111111111111,0.0,0.0,1.0,0.0,0.6666666666666667
0.2807017543859649,0.0,0.10339070125866942,0.0,0.0,0.0,0.0,0.0,0.0,0.6666666666666667,0.18571428571428567,0.0,0.4761904761904761,0.0,0.3333333333333333,0.0,0.0,0.0,0.0,0.6666666666666667
1.0,0.75,1.0,0.0,0.0,0.0,0.6206896551724138,0.0,0.5555555555555556,0.6666666666666667,0.7571428571428571,0.48275862068965514,0.8809523809523809,0.0,0.3333333333333333,0.0,0.0,0.0,0.0,0.0
0.5964912280701754,0.25,0.5518237862830722,0.0,1.0,0.0,0.0,0.3333333333333333,0.16666666666666666,0.6666666666666667,0.6428571428571428,0.0,0.4523809523809524,0.0,0.4444444444444444,0.0,0.0,0.0,0.0,1.0
0.03508771929824561,0.0,0.0046236835345492,1.0,0.0,0.0,0.0,0.0,0.05555555555555555,0.6666666666666667,0.8428571428571427,0.0,0.28571428571428564,0.0,0.1111111111111111,0.0,0.0,0.0,1.0,0.3333333333333333
1.0,0.75,0.9824043154379656,0.0,0.0,0.0,0.41379310344827586,0.3333333333333333,1.0,0.6666666666666667,0.5142857142857142,1.0,0.7857142857142856,0.0,0.2222222222222222,0.0,0.0,0.0,0.0,0.0
0.3508771929824561,0.5,0.5095042383765733,0.0,0.0,0.0,0.6206896551724138,0.3333333333333333,0.5555555555555556,0.3333333333333333,0.2571428571428572,0.6206896551724138,0.3095238095238095,0.0,0.1111111111111111,0.0,0.0,1.0,0.0,0.6666666666666667
1.0,0.75,0.8418314924222965,0.0,0.0,0.0,0.0,0.3333333333333333,0.05555555555555555,0.3333333333333333,0.3714285714285714,0.0,0.9285714285714284,0.0,0.3333333333333333,0.0,0.0,0.0,0.0,0.0
0.21052631578947367,0.25,0.34118931415360904,0.0,1.0,0.0,0.27586206896551724,0.3333333333333333,0.3333333333333333,0.6666666666666667,0.8857142857142857,0.3448275862068966,0.3333333333333333,0.0,0.1111111111111111,0.0,0.0,0.0,0.0,0.0
0.21052631578947367,0.0,0.2412663755458515,0.0,1.0,0.0,0.0,0.3333333333333333,0.05555555555555555,0.6666666666666667,0.2285714285714286,0.0,0.5476190476190477,0.0,0.3333333333333333,1.0,0.0,0.0,0.0,0.3333333333333333
0.03508771929824561,0.0,0.04450295402003597,0.0,1.0,0.0,0.0,0.3333333333333333,0.05555555555555555,0.6666666666666667,0.17142857142857143,0.0,0.4761904761904761,0.0,0.1111111111111111,1.0,0.0,1.0,0.0,1.0
0.21052631578947367,0.0,0.1008862060107886,0.0,0.0,0.0,0.13793103448275862,0.0,0.2222222222222222,0.6666666666666667,0.8142857142857143,0.13793103448275862,0.21428571428571425,0.0,0.2222222222222222,0.0,0.0,1.0,1.0,1.0
0.3157894736842105,0.5,0.5025044952478808,0.0,0.0,0.0,0.3448275862068966,0.3333333333333333,0.5,0.6666666666666667,0.5571428571428572,0.48275862068965514,0.4523809523809524,0.0,0.1111111111111111,0.0,1.0,0.0,1.0,0.0
0.3157894736842105,0.25,0.2854482404315438,0.0,1.0,0.0,0.20689655172413793,0.3333333333333333,0.2222222222222222,0.6666666666666667,0.6428571428571428,0.20689655172413793,0.6190476190476188,0.0,0.5555555555555556,0.0,0.0,0.0,0.0,0.3333333333333333
0.3508771929824561,0.5,0.5760981248394554,0.0,0.0,0.0,0.6206896551724138,0.3333333333333333,0.5555555555555556,1.0,0.3,0.5517241379310345,0.2619047619047619,0.0,0.1111111111111111,0.0,0.0,0.0,0.0,0.3333333333333333
0.5614035087719298,0.25,0.21211148214744413,0.0,0.0,0.0,0.896551724137931,0.0,0.8333333333333333,0.3333333333333333,0.02857142857142858,0.5517241379310345,0.4047619047619047,0.0,0.0,0.0,0.0,0.0,0.0,0.6666666666666667
0.3508771929824561,0.0,0.11899563318777293,0.0,0.0,0.0,0.0,0.3333333333333333,0.5555555555555556,0.6666666666666667,0.04285714285714287,0.5517241379310345,0.28571428571428564,0.0,0.1111111111111111,0.0,0.0,0.0,0.0,0.3333333333333333
0.3508771929824561,0.5,0.4332776778833804,0.0,1.0,0.0,0.27586206896551724,0.3333333333333333,0.2777777777777778,0.3333333333333333,0.3428571428571428,0.13793103448275862,0.4761904761904761,0.0,0.3333333333333333,0.0,0.0,0.0,1.0,1.0
0.21052631578947367,0.25,0.30214487541741586,0.0,0.0,0.0,0.3448275862068966,0.0,0.3333333333333333,0.6666666666666667,0.5714285714285714,0.20689655172413793,0.380952380952381,0.0,0.1111111111111111,0.0,0.0,0.0,0.0,0.3333333333333333
0.7368421052631579,1.0,1.0,0.0,0.0,0.0,0.0,0.0,0.05555555555555555,0.6666666666666667,0.857142857142857,0.0,0.5714285714285714,0.0,0.6666666666666666,0.0,0.0,0.0,0.0,1.0
0.38596491228070173,0.5,0.4423966092987413,0.0,0.0,0.0,0.6206896551724138,0.0,0.5555555555555556,0.6666666666666667,0.3428571428571428,0.5517241379310345,0.7142857142857142,0.0,0.1111111111111111,0.0,0.0,0.0,0.0,1.0
0.7017543859649122,0.25,0.22758797842281014,0.0,0.0,0.0,0.48275862068965514,0.0,1.0,0.3333333333333333,0.7142857142857142,0.6896551724137931,0.49999999999999994,1.0,0.1111111111111111,0.0,0.0,0.0,0.0,1.0
0.24561403508771928,0.25,0.3721423067043411,0.0,1.0,0.0,0.48275862068965514,0.6666666666666666,0.38888888888888884,0.6666666666666667,0.8857142857142857,0.48275862068965514,0.7380952380952379,0.0,0.1111111111111111,0.0,1.0,0.0,0.0,1.0
0.5614035087719298,0.5,0.8079886976624711,0.0,1.0,0.0,0.0,0.0,0.05555555555555555,0.6666666666666667,0.6428571428571428,0.0,0.5476190476190477,0.0,0.3333333333333333,0.0,0.0,0.0,0.0,1.0
0.42105263157894735,0.25,0.34279475982532753,0.0,1.0,0.0,0.6206896551724138,0.0,0.611111111111111,0.6666666666666667,0.2571428571428572,0.48275862068965514,0.28571428571428564,0.0,0.0,0.0,0.0,0.0,0.0,0.6666666666666667
0.21052631578947367,0.0,0.16279219111225277,0.0,0.0,0.0,0.13793103448275862,0.3333333333333333,0.2222222222222222,0.6666666666666667,0.6285714285714286,0.0,0.5238095238095237,0.0,1.0,0.0,1.0,0.0,0.0,0.6666666666666667
0.03508771929824561,0.0,0.022476239404058573,1.0,0.0,0.0,0.0,0.0,0.05555555555555555,0.0,0.28571428571428575,0.0,0.3095238095238095,0.0,0.1111111111111111,0.0,0.0,1.0,0.0,0.3333333333333333
0.3508771929824561,0.25,0.31954790649884407,0.0,0.0,0.0,0.13793103448275862,0.0,0.1111111111111111,0.3333333333333333,0.28571428571428575,0.13793103448275862,0.6190476190476188,0.0,0.4444444444444444,0.0,0.0,0.0,0.0,0.0
0.2807017543859649,0.0,0.09780375032108912,0.0,0.0,0.0,0.20689655172413793,1.0,0.2222222222222222,0.3333333333333333,0.45714285714285713,0.20689655172413793,0.2619047619047619,0.0,0.6666666666666666,1.0,0.0,0.0,1.0,0.0
0.3508771929824561,0.25,0.27690726945800154,0.0,0.0,0.0,0.20689655172413793,0.3333333333333333,0.4444444444444444,0.3333333333333333,0.5999999999999999,0.48275862068965514,0.4761904761904761,0.0,0.2222222222222222,0.0,0.0,1.0,0.0,0.0
0.3508771929824561,0.25,0.19868995633187775,0.0,0.0,0.0,0.20689655172413793,0.3333333333333333,0.5,0.6666666666666667,0.5142857142857142,0.48275862068965514,0.5476190476190477,0.0,0.0,0.0,0.0,1.0,0.0,0.6666666666666667
0.3157894736842105,0.25,0.194451579758541,0.0,0.0,0.0,0.5517241379310345,0.3333333333333333,0.5,1.0,0.2571428571428572,0.5517241379310345,0.35714285714285715,0.0,0.1111111111111111,0.0,0.0,0.0,1.0,0.0
0.8070175438596491,1.0,1.0,0.0,1.0,1.0,0.48275862068965514,0.3333333333333333,1.0,0.6666666666666667,0.01428571428571429,0.6896551724137931,0.6190476190476188,0.0,0.0,0.0,0.0,0.0,1.0,0.3333333333333333
0.3508771929824561,0.5,0.6873876188029797,0.0,0.0,1.0,0.48275862068965514,0.3333333333333333,0.4444444444444444,1.0,0.4714285714285715,0.3448275862068966,0.42857142857142855,0.0,1.0,0.0,1.0,0.0,0.0,0.0
0.21052631578947367,0.25,0.3381068584639096,0.0,0.0,0.0,0.3448275862068966,0.0,0.3333333333333333,0.6666666666666667,0.42857142857142855,0.27586206896551724,0.380952380952381,0.0,0.1111111111111111,0.0,0.0,0.0,0.0,1.0
0.7719298245614035,1.0,1.0,0.0,0.0,0.0,0.13793103448275862,0.0,0.1111111111111111,0.6666666666666667,0.7571428571428571,0.06896551724137931,0.6666666666666665,0.0,0.3333333333333333,0.0,0.0,0.0,0.0,0.3333333333333333
0.21052631578947367,0.0,0.08226303621885436,0.0,0.0,0.0,0.0,0.0,0.0,0.0,0.6285714285714286,0.0,0.6190476190476188,0.0,0.2222222222222222,0.0,1.0,0.0,0.0,1.0
0.5263157894736842,0.25,0.201579758540971,0.0,0.0,0.0,0.7586206896551724,0.3333333333333333,0.7777777777777777,0.6666666666666667,0.31428571428571433,0.6206896551724138,0.4047619047619047,1.0,0.1111111111111111,0.0,1.0,0.0,0.0,0.6666666666666667
0.03508771929824561,0.0,0.08412535319804779,0.0,1.0,0.0,0.0,0.3333333333333333,0.05555555555555555,0.3333333333333333,0.08571428571428569,0.0,0.2619047619047619,0.0,0.1111111111111111,1.0,0.0,0.0,0.0,0.3333333333333333
0.3508771929824561,0.25,0.42486514256357566,0.0,0.0,0.0,0.48275862068965514,0.0,0.5,1.0,0.04285714285714287,0.5517241379310345,0.4761904761904761,1.0,0.0,0.0,0.0,0.0,0.0,0.3333333333333333
0.17543859649122806,0.25,0.22097354225533006,0.0,0.0,0.0,0.13793103448275862,0.6666666666666666,0.2222222222222222,1.0,0.38571428571428573,0.20689655172413793,0.8333333333333333,0.0,0.1111111111111111,0.0,0.0,0.0,1.0,1.0
0.9824561403508771,1.0,1.0,0.0,0.0,1.0,0.27586206896551724,0.6666666666666666,0.5555555555555556,0.6666666666666667,0.9428571428571428,0.41379310344827586,0.7619047619047619,0.0,0.3333333333333333,0.0,0.0,0.0,0.0,0.0
0.3508771929824561,0.0,0.12612381197020292,1.0,0.0,0.0,0.27586206896551724,0.3333333333333333,0.2777777777777778,0.6666666666666667,0.3428571428571428,0.0,0.4523809523809524,0.0,0.5555555555555556,0.0,0.0,1.0,1.0,0.6666666666666667
0.3508771929824561,0.25,0.20575391728743897,0.0,0.0,0.0,0.20689655172413793,0.0,0.5555555555555556,0.6666666666666667,0.39999999999999997,0.5517241379310345,0.4523809523809524,0.0,0.1111111111111111,0.0,0.0,0.0,1.0,1.0
0.3508771929824561,0.25,0.3041356280503468,0.0,0.0,0.0,0.13793103448275862,0.3333333333333333,0.1111111111111111,0.6666666666666667,0.7428571428571429,0.13793103448275862,0.4761904761904761,1.0,1.0,0.0,0.0,0.0,0.0,1.0
0.03508771929824561,0.0,0.035576676085281284,0.0,0.0,0.0,0.0,0.3333333333333333,0.05555555555555555,0.3333333333333333,0.5999999999999999,0.0,0.23809523809523808,0.0,0.1111111111111111,0.0,0.0,0.0,0.0,0.0
0.8070175438596491,0.5,0.6400590804007191,0.0,0.0,0.0,0.13793103448275862,0.3333333333333333,0.16666666666666666,0.6666666666666667,0.49999999999999994,0.13793103448275862,0.8809523809523809,0.0,0.3333333333333333,0.0,0.0,1.0,0.0,1.0
0.7017543859649122,0.5,0.5017980991523248,0.0,0.0,0.0,0.6206896551724138,0.3333333333333333,1.0,0.3333333333333333,0.49999999999999994,0.6206896551724138,0.4761904761904761,1.0,0.0,0.0,0.0,0.0,0.0,0.6666666666666667
0.9122807017543859,1.0,1.0,0.0,1.0,0.0,0.6896551724137931,0.0,1.0,0.0,0.9142857142857141,0.7586206896551724,0.6428571428571428,0.0,0.2222222222222222,0.0,0.0,0.0,0.0,0.0
0.07017543859649122,0.0,0.12503210891343436,0.0,0.0,0.0,0.0,0.0,0.05555555555555555,1.0,0.8428571428571427,0.0,0.3095238095238095,0.0,0.0,0.0,0.0,0.0,0.0,1.0
0.21052631578947367,0.0,0.10506036475725661,0.0,0.0,0.0,0.20689655172413793,0.6666666666666666,0.2777777777777778,1.0,0.5999999999999999,0.27586206896551724,0.5952380952380951,0.0,0.1111111111111111,0.0,0.0,0.0,1.0,1.0
0.7719298245614035,0.75,1.0,0.0,0.0,0.0,0.48275862068965514,0.3333333333333333,1.0,0.6666666666666667,0.9714285714285713,1.0,0.5238095238095237,0.0,0.2222222222222222,0.0,0.0,0.0,0.0,0.0
0.21052631578947367,0.25,0.35756486000513743,0.0,0.0,0.0,0.27586206896551724,0.0,0.2777777777777778,0.6666666666666667,0.7571428571428571,0.27586206896551724,0.28571428571428564,0.0,0.0,0.0,0.0,0.0,0.0,0.3333333333333333
0.17543859649122806,0.25,0.23856922681736448,0.0,0.0,0.0,0.20689655172413793,0.3333333333333333,0.2777777777777778,0.3333333333333333,0.2571428571428572,0.27586206896551724,0.23809523809523808,0.0,0.1111111111111111,0.0,0.0,0.0,0.0,0.6666666666666667
0.0,0.0,0.035961983046493715,1.0,1.0,0.0,0.0,0.0,0.0,0.6666666666666667,0.5714285714285714,0.0,0.0,0.0,0.1111111111111111,0.0,0.0,1.0,1.0,0.3333333333333333
0.17543859649122806,0.0,0.15900333932699717,0.0,0.0,0.0,0.0,0.0,0.0,0.6666666666666667,0.7,0.0,0.23809523809523808,0.0,0.2222222222222222,1.0,0.0,0.0,0.0,0.0
0.42105263157894735,0.25,0.27157718982789625,0.0,1.0,0.0,0.0,0.0,0.05555555555555555,0.6666666666666667,0.1571428571428572,0.0,0.49999999999999994,0.0,0.4444444444444444,0.0,0.0,0.0,1.0,1.0
0.24561403508771928,0.25,0.26952221936809656,0.0,0.0,0.0,0.48275862068965514,0.6666666666666666,0.38888888888888884,1.0,0.6714285714285713,0.48275862068965514,0.16666666666666669,0.0,0.1111111111111111,0.0,0.0,1.0,0.0,1.0
0.2807017543859649,0.25,0.3456845620344208,0.0,0.0,0.0,0.13793103448275862,0.3333333333333333,0.1111111111111111,0.6666666666666667,0.2285714285714286,0.13793103448275862,0.35714285714285715,0.0,0.2222222222222222,0.0,0.0,0.0,0.0,0.0
0.21052631578947367,0.25,0.5680066786539943,0.0,1.0,0.0,0.0,0.0,0.1111111111111111,0.6666666666666667,0.7714285714285714,0.13793103448275862,0.23809523809523808,0.0,0.3333333333333333,0.0,0.0,0.0,0.0,1.0
0.7719298245614035,0.5,0.5944644233239147,0.0,0.0,0.0,0.896551724137931,0.0,1.0,0.3333333333333333,0.7142857142857142,0.7586206896551724,0.9999999999999998,0.0,0.4444444444444444,0.0,0.0,1.0,0.0,0.6666666666666667
0.7719298245614035,0.75,0.8187130747495506,0.0,1.0,0.0,0.6206896551724138,0.0,1.0,0.6666666666666667,0.2,0.9655172413793103,0.5714285714285714,0.0,0.0,0.0,0.0,1.0,0.0,0.6666666666666667
0.3508771929824561,0.25,0.3296301053172361,0.0,0.0,0.0,0.06896551724137931,0.0,0.2777777777777778,0.6666666666666667,0.9428571428571428,0.20689655172413793,0.380952380952381,1.0,0.3333333333333333,0.0,0.0,0.0,1.0,0.3333333333333333
0.2807017543859649,0.25,0.22656049319291033,0.0,1.0,0.0,0.41379310344827586,0.3333333333333333,0.38888888888888884,0.6666666666666667,0.07142857142857145,0.48275862068965514,0.6904761904761905,0.0,0.0,0.0,0.0,0.0,0.0,0.6666666666666667
1.0,0.75,0.648214744413049,0.0,0.0,0.0,0.48275862068965514,0.0,0.5555555555555556,0.6666666666666667,0.7285714285714284,0.06896551724137931,0.9047619047619047,1.0,0.7777777777777777,0.0,0.0,0.0,1.0,0.6666666666666667
0.42105263157894735,0.0,0.10974826611867455,0.0,0.0,0.0,0.48275862068965514,0.0,0.38888888888888884,0.6666666666666667,0.49999999999999994,0.48275862068965514,0.3333333333333333,0.0,0.2222222222222222,0.0,1.0,0.0,0.0,0.3333333333333333
0.8070175438596491,1.0,1.0,0.0,0.0,0.0,0.0,0.3333333333333333,0.05555555555555555,0.3333333333333333,0.7857142857142856,0.0,0.7380952380952379,0.0,0.2222222222222222,0.0,0.0,0.0,1.0,0.0
0.14035087719298245,0.0,0.08457487798612895,0.0,1.0,0.0,0.13793103448275862,1.0,0.2222222222222222,0.6666666666666667,0.32857142857142857,0.13793103448275862,0.4523809523809524,0.0,0.1111111111111111,0.0,0.0,1.0,1.0,0.3333333333333333
0.2807017543859649,0.25,0.5359619830464937,0.0,0.0,0.0,0.48275862068965514,0.0,0.4444444444444444,0.6666666666666667,0.3714285714285714,0.48275862068965514,0.5476190476190477,0.0,0.1111111111111111,0.0,0.0,1.0,0.0,0.0
0.5964912280701754,0.0,0.1568841510403288,0.0,0.0,0.0,0.27586206896551724,0.3333333333333333,0.2777777777777778,0.6666666666666667,0.9714285714285713,0.20689655172413793,0.4523809523809524,0.0,0.6666666666666666,1.0,0.0,0.0,1.0,0.6666666666666667
0.17543859649122806,0.25,0.24974312869252502,0.0,0.0,0.0,0.13793103448275862,0.0,0.2222222222222222,0.6666666666666667,0.35714285714285715,0.20689655172413793,0.23809523809523808,0.0,0.0,0.0,0.0,1.0,0.0,0.6666666666666667
0.2807017543859649,0.0,0.24178011816080142,0.0,0.0,0.0,0.41379310344827586,0.3333333333333333,0.38888888888888884,0.3333333333333333,0.6714285714285713,0.20689655172413793,0.21428571428571425,0.0,0.0,0.0,0.0,1.0,0.0,1.0
0.49122807017543857,0.0,0.11295915746211149,0.0,0.0,0.0,0.20689655172413793,0.3333333333333333,0.38888888888888884,0.3333333333333333,0.45714285714285713,0.48275862068965514,0.380952380952381,0.0,0.3333333333333333,0.0,0.0,0.0,0.0,1.0
0.49122807017543857,0.25,0.35095042383765734,0.0,0.0,0.0,0.5517241379310345,0.3333333333333333,0.7777777777777777,0.3333333333333333,0.3714285714285714,0.7586206896551724,0.4523809523809524,0.0,0.1111111111111111,0.0,0.0,0.0,0.0,1.0
0.7017543859649122,0.25,0.28666837914204985,0.0,0.0,0.0,0.20689655172413793,0.0,0.2222222222222222,0.3333333333333333,0.38571428571428573,0.20689655172413793,0.976190476190476,0.0,0.7777777777777777,0.0,0.0,1.0,0.0,0.0
0.3508771929824561,0.25,0.3150526586180324,0.0,0.0,0.0,0.48275862068965514,0.3333333333333333,0.38888888888888884,0.6666666666666667,0.2571428571428572,0.48275862068965514,0.3095238095238095,0.0,0.3333333333333333,1.0,0.0,0.0,0.0,1.0
0.03508771929824561,0.0,0.09581299768815824,0.0,0.0,0.0,0.06896551724137931,0.0,0.05555555555555555,0.6666666666666667,0.8142857142857143,0.0,0.3095238095238095,0.0,0.1111111111111111,0.0,0.0,0.0,1.0,0.6666666666666667
0.3508771929824561,0.25,0.22322116619573595,0.0,0.0,0.0,0.0,0.0,0.4444444444444444,0.6666666666666667,0.0,0.48275862068965514,0.42857142857142855,0.0,0.4444444444444444,0.0,0.0,0.0,0.0,0.6666666666666667
0.17543859649122806,0.0,0.1610583097867968,0.0,0.0,0.0,0.13793103448275862,0.0,0.16666666666666666,1.0,0.7999999999999998,0.13793103448275862,0.21428571428571425,0.0,0.7777777777777777,0.0,0.0,0.0,1.0,0.3333333333333333
0.7368421052631579,1.0,1.0,0.0,0.0,1.0,0.48275862068965514,0.0,1.0,0.3333333333333333,0.2,0.6206896551724138,0.5238095238095237,0.0,0.1111111111111111,0.0,0.0,0.0,1.0,0.6666666666666667
0.17543859649122806,0.25,0.24974312869252502,0.0,0.0,0.0,0.13793103448275862,0.6666666666666666,0.2222222222222222,0.6666666666666667,0.45714285714285713,0.13793103448275862,0.16666666666666669,0.0,0.0,0.0,0.0,0.0,0.0,0.0
0.5614035087719298,0.25,0.33528127408168507,0.0,0.0,0.0,0.20689655172413793,0.0,0.7777777777777777,0.6666666666666667,0.3714285714285714,0.6896551724137931,0.5476190476190477,0.0,0.7777777777777777,0.0,1.0,0.0,0.0,1.0
0.42105263157894735,0.25,0.36726175186231697,0.0,0.0,0.0,0.20689655172413793,0.6666666666666666,0.3333333333333333,0.6666666666666667,0.9142857142857141,0.06896551724137931,0.7619047619047619,0.0,0.7777777777777777,0.0,0.0,1.0,0.0,0.3333333333333333
0.10526315789473684,0.0,0.08932699717441561,1.0,0.0,0.0,0.13793103448275862,0.6666666666666666,0.1111111111111111,0.6666666666666667,0.11428571428571427,0.06896551724137931,0.14285714285714285,0.0,0.0,0.0,0.0,1.0,1.0,1.0
0.3508771929824561,0.5,0.47334960184947344,0.0,1.0,0.0,0.5517241379310345,0.6666666666666666,0.5,1.0,0.7428571428571429,0.5517241379310345,0.35714285714285715,0.0,0.0,0.0,0.0,0.0,0.0,1.0
0.03508771929824561,0.0,0.1048677112766504,1.0,0.0,0.0,0.0,0.0,0.05555555555555555,0.6666666666666667,0.9857142857142855,0.0,0.2619047619047619,0.0,0.1111111111111111,0.0,0.0,0.0,0.0,0.6666666666666667
0.5964912280701754,0.25,0.27112766503981506,0.0,1.0,0.0,0.20689655172413793,0.3333333333333333,0.2777777777777778,1.0,0.9285714285714286,0.20689655172413793,0.5714285714285714,0.0,0.2222222222222222,1.0,0.0,0.0,0.0,0.6666666666666667
0.49122807017543857,0.25,0.3706652966863601,0.0,0.0,0.0,0.0,0.0,0.05555555555555555,0.3333333333333333,0.9714285714285713,0.0,0.5714285714285714,1.0,0.3333333333333333,0.0,0.0,0.0,0.0,0.0
0.10526315789473684,0.0,0.08560236321602877,1.0,0.0,0.0,0.13793103448275862,0.0,0.1111111111111111,0.3333333333333333,0.8285714285714285,0.13793103448275862,0.35714285714285715,0.0,0.0,0.0,1.0,0.0,0.0,0.3333333333333333
0.03508771929824561,0.0,0.12747238633444644,0.0,1.0,0.0,0.0,0.0,0.05555555555555555,1.0,0.38571428571428573,0.06896551724137931,0.02380952380952378,0.0,0.1111111111111111,0.0,0.0,0.0,0.0,0.3333333333333333
0.17543859649122806,0.25,0.2021577189827896,0.0,1.0,0.0,0.13793103448275862,0.3333333333333333,0.1111111111111111,0.3333333333333333,0.24285714285714283,0.0,0.19047619047619052,0.0,0.7777777777777777,0.0,0.0,0.0,0.0,0.6666666666666667
0.10526315789473684,0.0,0.10037246339583869,1.0,0.0,0.0,0.13793103448275862,0.3333333333333333,0.16666666666666666,0.6666666666666667,0.5999999999999999,0.13793103448275862,0.4047619047619047,0.0,0.1111111111111111,0.0,0.0,0.0,0.0,0.0
0.3508771929824561,0.5,0.6961212432571282,0.0,1.0,0.0,0.48275862068965514,0.3333333333333333,0.5555555555555556,0.6666666666666667,0.8285714285714285,0.6206896551724138,0.6904761904761905,0.0,0.1111111111111111,0.0,1.0,0.0,0.0,0.0
0.3508771929824561,0.0,0.10300539429745698,0.0,0.0,0.0,0.48275862068965514,1.0,0.5555555555555556,0.0,0.9428571428571428,0.6206896551724138,0.28571428571428564,0.0,0.1111111111111111,0.0,0.0,1.0,0.0,0.0
0.03508771929824561,0.0,0.10795016696634985,0.0,0.0,0.0,0.0,0.3333333333333333,0.05555555555555555,0.3333333333333333,0.4714285714285715,0.06896551724137931,0.4047619047619047,0.0,0.1111111111111111,1.0,0.0,0.0,0.0,0.6666666666666667
0.2807017543859649,0.25,0.21795530439249938,0.0,0.0,0.0,0.13793103448275862,0.3333333333333333,0.2777777777777778,0.6666666666666667,0.6142857142857143,0.20689655172413793,0.3333333333333333,0.0,0.2222222222222222,0.0,0.0,0.0,0.0,0.3333333333333333
0.24561403508771928,0.0,0.14673773439506807,0.0,0.0,0.0,0.27586206896551724,0.3333333333333333,0.2777777777777778,0.3333333333333333,0.7999999999999998,0.13793103448275862,0.380952380952381,0.0,0.5555555555555556,1.0,0.0,0.0,0.0,1.0
0.8421052631578947,1.0,1.0,0.0,1.0,0.0,0.13793103448275862,0.3333333333333333,0.2777777777777778,0.6666666666666667,0.6857142857142857,0.27586206896551724,0.8809523809523809,0.0,0.5555555555555556,0.0,0.0,0.0,1.0,1.0
1.0,0.75,1.0,0.0,0.0,0.0,0.41379310344827586,0.3333333333333333,1.0,0.6666666666666667,0.9714285714285713,0.48275862068965514,0.7619047619047619,0.0,0.1111111111111111,0.0,1.0,0.0,0.0,0.0
0.21052631578947367,0.0,0.09851014641664527,0.0,0.0,0.0,0.13793103448275862,0.3333333333333333,0.1111111111111111,0.6666666666666667,0.9428571428571428,0.13793103448275862,0.42857142857142855,0.0,0.4444444444444444,0.0,0.0,0.0,0.0,1.0
1.0,0.75,0.6573336758284101,0.0,1.0,0.0,0.5517241379310345,0.3333333333333333,1.0,0.6666666666666667,0.1571428571428572,0.896551724137931,0.7619047619047619,1.0,0.2222222222222222,0.0,0.0,1.0,1.0,0.3333333333333333
0.03508771929824561,0.0,0.09671204726432059,0.0,1.0,0.0,0.06896551724137931,0.0,0.05555555555555555,0.6666666666666667,0.7,0.0,0.23809523809523808,0.0,0.1111111111111111,1.0,0.0,0.0,0.0,0.6666666666666667
0.3508771929824561,0.25,0.29366812227074235,0.0,0.0,0.0,0.0,0.3333333333333333,0.5,0.3333333333333333,0.4857142857142857,0.5517241379310345,0.3095238095238095,1.0,0.0,0.0,0.0,0.0,1.0,0.3333333333333333
0.5263157894736842,0.25,0.5310172103776007,0.0,1.0,0.0,0.27586206896551724,0.0,0.2777777777777778,0.6666666666666667,0.9857142857142855,0.06896551724137931,0.42857142857142855,0.0,0.3333333333333333,0.0,0.0,0.0,0.0,0.0
0.3157894736842105,0.5,0.4998715643462625,0.0,0.0,0.0,0.48275862068965514,0.6666666666666666,0.5,0.6666666666666667,0.02857142857142858,0.48275862068965514,0.21428571428571425,0.0,0.1111111111111111,0.0,0.0,1.0,0.0,1.0
0.21052631578947367,0.0,0.18764449011045464,1.0,0.0,0.0,0.20689655172413793,0.3333333333333333,0.2222222222222222,0.6666666666666667,0.3714285714285714,0.13793103448275862,0.3333333333333333,0.0,0.2222222222222222,0.0,0.0,0.0,0.0,0.6666666666666667
0.21052631578947367,0.0,0.15508605188800412,0.0,0.0,0.0,0.20689655172413793,0.0,0.2222222222222222,1.0,0.49999999999999994,0.06896551724137931,0.16666666666666669,0.0,0.7777777777777777,0.0,0.0,0.0,1.0,0.0
0.7368421052631579,1.0,1.0,0.0,0.0,0.0,1.0,0.0,1.0,0.6666666666666667,0.7,0.8275862068965517,0.5238095238095237,0.0,0.0,0.0,0.0,0.0,0.0,0.6666666666666667
0.9473684210526315,0.75,0.9892114050860519,0.0,0.0,1.0,0.13793103448275862,0.6666666666666666,0.2222222222222222,0.6666666666666667,0.5999999999999999,0.13793103448275862,0.7380952380952379,0.0,0.3333333333333333,0.0,0.0,0.0,0.0,0.0
0.5263157894736842,0.25,0.43128692525044954,0.0,0.0,0.0,0.7586206896551724,0.3333333333333333,0.7222222222222222,0.6666666666666667,0.0,0.48275862068965514,0.35714285714285715,1.0,0.3333333333333333,0.0,0.0,1.0,0.0,0.6666666666666667
0.03508771929824561,0.0,0.12503210891343436,0.0,0.0,0.0,0.0,0.0,0.05555555555555555,0.6666666666666667,0.5857142857142856,0.0,0.3333333333333333,0.0,0.1111111111111111,0.0,0.0,0.0,0.0,1.0
0.24561403508771928,0.0,0.10499614693038789,1.0,1.0,0.0,0.13793103448275862,0.0,0.16666666666666666,0.6666666666666667,0.5714285714285714,0.13793103448275862,0.42857142857142855,0.0,0.3333333333333333,0.0,0.0,0.0,0.0,0.6666666666666667
1.0,0.75,0.7791548933984074,0.0,0.0,0.0,0.13793103448275862,0.0,0.2777777777777778,0.3333333333333333,0.7428571428571429,0.20689655172413793,0.7857142857142856,0.0,0.3333333333333333,0.0,0.0,0.0,0.0,1.0
0.03508771929824561,0.0,0.0657590547135885,1.0,0.0,0.0,0.0,0.3333333333333333,0.05555555555555555,0.3333333333333333,0.6285714285714286,0.0,0.28571428571428564,0.0,0.1111111111111111,0.0,0.0,1.0,0.0,0.3333333333333333
1.0,0.75,1.0,0.0,0.0,0.0,0.5517241379310345,0.3333333333333333,0.5555555555555556,0.6666666666666667,0.8714285714285714,0.48275862068965514,0.857142857142857,0.0,0.3333333333333333,0.0,0.0,0.0,1.0,0.3333333333333333
0.3157894736842105,0.5,0.5540714102234781,0.0,0.0,0.0,0.13793103448275862,0.6666666666666666,0.16666666666666666,0.6666666666666667,0.5428571428571429,0.13793103448275862,0.3095238095238095,0.0,0.2222222222222222,0.0,0.0,1.0,0.0,0.0
0.10526315789473684,0.0,0.18674544053429232,0.0,0.0,0.0,0.13793103448275862,0.3333333333333333,0.16666666666666666,0.6666666666666667,0.21428571428571425,0.13793103448275862,0.4047619047619047,0.0,0.1111111111111111,1.0,0.0,0.0,0.0,0.3333333333333333
0.24561403508771928,0.0,0.07038273824813768,0.0,0.0,0.0,0.13793103448275862,0.0,0.1111111111111111,0.6666666666666667,0.4857142857142857,0.0,0.6904761904761905,0.0,0.4444444444444444,1.0,0.0,0.0,0.0,0.3333333333333333
0.2807017543859649,0.0,0.08097867968147959,0.0,0.0,0.0,0.20689655172413793,0.6666666666666666,0.2777777777777778,0.6666666666666667,0.8714285714285714,0.13793103448275862,0.6428571428571428,0.0,0.3333333333333333,1.0,0.0,0.0,1.0,1.0
0.3157894736842105,0.5,0.7577061392242486,0.0,1.0,1.0,0.5517241379310345,0.3333333333333333,0.5,0.3333333333333333,0.17142857142857143,0.5517241379310345,0.21428571428571425,0.0,0.1111111111111111,0.0,0.0,0.0,0.0,0.6666666666666667
0.9824561403508771,0.5,0.5987670177241202,0.0,1.0,0.0,0.7586206896551724,0.3333333333333333,1.0,0.3333333333333333,0.8857142857142857,0.6896551724137931,0.6904761904761905,0.0,0.8888888888888888,0.0,0.0,0.0,0.0,0.6666666666666667
0.14035087719298245,0.25,0.1943231441048035,0.0,1.0,0.0,0.13793103448275862,0.0,0.16666666666666666,0.6666666666666667,0.0,0.13793103448275862,0.8809523809523809,1.0,0.0,0.0,0.0,0.0,0.0,1.0
0.5614035087719298,0.5,0.6239404058566658,0.0,0.0,0.0,0.48275862068965514,0.3333333333333333,0.5,0.6666666666666667,0.8285714285714285,0.06896551724137931,0.857142857142857,0.0,0.2222222222222222,0.0,0.0,0.0,1.0,0.6666666666666667
0.38596491228070173,0.5,0.3939121500128436,0.0,1.0,0.0,0.6206896551724138,0.0,0.611111111111111,0.6666666666666667,0.12857142857142861,0.6896551724137931,0.3095238095238095,0.0,0.1111111111111111,0.0,0.0,0.0,1.0,0.6666666666666667
0.7719298245614035,0.75,1.0,0.0,0.0,0.0,1.0,0.3333333333333333,1.0,0.6666666666666667,0.8714285714285714,0.5517241379310345,0.5476190476190477,0.0,0.7777777777777777,0.0,0.0,0.0,0.0,0.3333333333333333
0.21052631578947367,0.25,0.5037246339583867,0.0,0.0,0.0,0.27586206896551724,0.3333333333333333,0.3333333333333333,0.6666666666666667,0.8142857142857143,0.20689655172413793,0.2619047619047619,1.0,0.1111111111111111,0.0,0.0,1.0,0.0,0.0
0.38596491228070173,0.5,0.4641664526072438,0.0,0.0,0.0,0.41379310344827586,0.3333333333333333,0.38888888888888884,1.0,0.11428571428571427,0.41379310344827586,0.49999999999999994,0.0,0.2222222222222222,0.0,0.0,0.0,1.0,1.0
0.6666666666666666,0.5,0.5525301823786284,0.0,0.0,0.0,0.6896551724137931,1.0,1.0,1.0,0.2571428571428572,0.48275862068965514,0.49999999999999994,1.0,0.0,0.0,0.0,0.0,1.0,0.6666666666666667
0.2807017543859649,0.0,0.08650141279219112,0.0,1.0,0.0,0.27586206896551724,0.3333333333333333,0.3333333333333333,0.6666666666666667,0.2571428571428572,0.13793103448275862,0.3095238095238095,0.0,0.3333333333333333,0.0,0.0,0.0,0.0,1.0
0.3508771929824561,0.5,0.4253146673516568,0.0,1.0,0.0,0.48275862068965514,0.0,0.4444444444444444,0.6666666666666667,0.5999999999999999,0.0,0.4047619047619047,1.0,0.4444444444444444,0.0,0.0,0.0,0.0,1.0
0.21052631578947367,0.0,0.18610326226560492,0.0,0.0,0.0,0.13793103448275862,1.0,0.3333333333333333,0.6666666666666667,0.8714285714285714,0.13793103448275862,0.14285714285714285,0.0,0.1111111111111111,1.0,0.0,0.0,1.0,0.3333333333333333
0.21052631578947367,0.25,0.2112124325712818,0.0,0.0,0.0,0.13793103448275862,0.3333333333333333,0.1111111111111111,0.3333333333333333,0.42857142857142855,0.0,0.21428571428571425,0.0,0.5555555555555556,0.0,0.0,1.0,0.0,0.6666666666666667
0.10526315789473684,0.0,0.08322630362188543,0.0,0.0,0.0,0.13793103448275862,1.0,0.16666666666666666,0.0,0.45714285714285713,0.13793103448275862,0.19047619047619052,0.0,0.1111111111111111,1.0,0.0,0.0,1.0,1.0
0.7368421052631579,0.75,1.0,0.0,1.0,1.0,0.0,0.3333333333333333,0.05555555555555555,0.3333333333333333,0.28571428571428575,0.0,0.5952380952380951,0.0,0.4444444444444444,0.0,0.0,0.0,0.0,0.3333333333333333
0.3157894736842105,0.0,0.07873105574107372,0.0,1.0,0.0,0.48275862068965514,0.6666666666666666,0.5,0.6666666666666667,0.17142857142857143,0.5517241379310345,0.21428571428571425,0.0,0.1111111111111111,0.0,0.0,0.0,0.0,0.0
0.5964912280701754,0.25,0.10030824556896994,0.0,0.0,0.0,0.13793103448275862,0.3333333333333333,0.2777777777777778,1.0,0.1571428571428572,0.20689655172413793,0.42857142857142855,0.0,0.4444444444444444,1.0,0.0,1.0,1.0,0.6666666666666667
0.3508771929824561,0.25,0.2959157462111482,0.0,1.0,0.0,0.48275862068965514,0.0,0.5555555555555556,0.6666666666666667,0.4714285714285715,0.5517241379310345,0.3095238095238095,0.0,0.1111111111111111,0.0,0.0,1.0,0.0,0.0
1.0,0.75,1.0,0.0,0.0,1.0,0.20689655172413793,0.0,0.2222222222222222,0.6666666666666667,0.4857142857142857,0.20689655172413793,0.7619047619047619,0.0,0.5555555555555556,0.0,0.0,0.0,1.0,0.6666666666666667
0.2807017543859649,0.25,0.329886976624711,0.0,0.0,0.0,0.48275862068965514,0.3333333333333333,0.38888888888888884,0.6666666666666667,0.9285714285714286,0.48275862068965514,0.35714285714285715,0.0,0.0,0.0,1.0,0.0,0.0,0.6666666666666667
0.631578947368421,0.25,0.4347546879013614,0.0,0.0,0.0,0.6206896551724138,0.0,0.611111111111111,0.6666666666666667,0.6857142857142857,0.6206896551724138,0.42857142857142855,0.0,0.2222222222222222,0.0,1.0,0.0,0.0,0.0
0.2807017543859649,0.0,0.07282301566914975,0.0,0.0,0.0,0.13793103448275862,0.3333333333333333,0.2777777777777778,0.6666666666666667,0.08571428571428569,0.27586206896551724,0.42857142857142855,0.0,0.4444444444444444,0.0,0.0,0.0,0.0,0.6666666666666667
0.3508771929824561,0.25,0.21256100693552532,0.0,0.0,0.0,0.48275862068965514,0.3333333333333333,0.5555555555555556,0.6666666666666667,0.1571428571428572,0.6206896551724138,0.2619047619047619,0.0,0.1111111111111111,0.0,1.0,0.0,0.0,1.0
0.2807017543859649,0.0,0.12413305933727203,0.0,0.0,0.0,0.48275862068965514,0.3333333333333333,0.4444444444444444,0.6666666666666667,0.4428571428571429,0.48275862068965514,0.19047619047619052,0.0,0.1111111111111111,0.0,0.0,0.0,0.0,0.6666666666666667
0.24561403508771928,0.0,0.06935525301823786,0.0,0.0,0.0,0.27586206896551724,1.0,0.2777777777777778,1.0,0.10000000000000003,0.13793103448275862,0.5952380952380951,0.0,0.4444444444444444,0.0,1.0,0.0,1.0,1.0
0.2807017543859649,0.0,0.10082198818391985,1.0,1.0,0.0,0.13793103448275862,0.6666666666666666,0.4444444444444444,0.6666666666666667,0.01428571428571429,0.41379310344827586,0.380952380952381,0.0,0.1111111111111111,0.0,0.0,0.0,0.0,0.6666666666666667
0.14035087719298245,0.25,0.25488055484202415,0.0,0.0,0.0,0.0,0.3333333333333333,0.05555555555555555,0.6666666666666667,0.8142857142857143,0.0,0.6904761904761905,0.0,0.7777777777777777,0.0,1.0,0.0,0.0,0.6666666666666667
0.7368421052631579,0.75,0.801888004109941,0.0,1.0,0.0,0.48275862068965514,0.0,1.0,0.6666666666666667,0.7,0.6896551724137931,0.6428571428571428,1.0,0.0,0.0,0.0,0.0,1.0,0.6666666666666667
0.9122807017543859,0.75,1.0,0.0,0.0,1.0,1.0,0.6666666666666666,1.0,0.6666666666666667,0.7428571428571429,0.41379310344827586,0.6904761904761905,0.0,0.3333333333333333,0.0,0.0,0.0,1.0,0.0
0.24561403508771928,0.25,0.5714102234780376,0.0,1.0,0.0,0.13793103448275862,0.0,0.1111111111111111,0.3333333333333333,0.7428571428571429,0.13793103448275862,0.3333333333333333,0.0,0.7777777777777777,0.0,0.0,0.0,0.0,0.6666666666666667
1.0,0.75,1.0,0.0,0.0,1.0,0.5517241379310345,0.0,0.5,1.0,0.12857142857142861,0.5517241379310345,0.8333333333333333,0.0,0.4444444444444444,0.0,0.0,0.0,1.0,1.0
0.14035087719298245,0.25,0.2266247110197791,0.0,1.0,0.0,0.13793103448275862,0.0,0.16666666666666666,0.6666666666666667,0.7999999999999998,0.13793103448275862,0.380952380952381,0.0,0.0,0.0,0.0,0.0,0.0,0.6666666666666667
0.3157894736842105,0.25,0.22636783971230412,0.0,0.0,0.0,0.48275862068965514,0.0,0.4444444444444444,0.6666666666666667,0.02857142857142858,0.48275862068965514,0.49999999999999994,0.0,0.0,0.0,0.0,0.0,0.0,0.0
0.17543859649122806,0.25,0.20626765990238888,0.0,0.0,0.0,0.27586206896551724,0.0,0.2777777777777778,0.6666666666666667,0.18571428571428567,0.27586206896551724,0.23809523809523808,0.0,0.1111111111111111,0.0,1.0,0.0,1.0,0.3333333333333333
0.8421052631578947,0.75,1.0,0.0,0.0,0.0,1.0,0.3333333333333333,1.0,0.6666666666666667,0.39999999999999997,0.48275862068965514,0.7142857142857142,0.0,0.3333333333333333,0.0,0.0,1.0,1.0,1.0
0.45614035087719296,0.25,0.31884151040328795,0.0,1.0,0.0,0.48275862068965514,0.6666666666666666,0.38888888888888884,1.0,0.3,0.48275862068965514,0.4523809523809524,0.0,0.4444444444444444,0.0,0.0,0.0,1.0,0.6666666666666667
0.14035087719298245,0.25,0.20305676855895194,0.0,1.0,0.0,0.13793103448275862,0.3333333333333333,0.16666666666666666,0.6666666666666667,0.05714285714285716,0.13793103448275862,0.09523809523809518,0.0,0.0,0.0,0.0,0.0,0.0,0.3333333333333333
0.9122807017543859,0.75,1.0,0.0,0.0,1.0,0.13793103448275862,0.0,0.16666666666666666,0.6666666666666667,0.3,0.06896551724137931,0.6666666666666665,0.0,0.6666666666666666,0.0,0.0,0.0,0.0,0.0
0.6666666666666666,0.25,0.2923837657333676,0.0,0.0,0.0,0.48275862068965514,0.0,0.5555555555555556,0.6666666666666667,0.05714285714285716,0.6206896551724138,0.6666666666666665,1.0,0.6666666666666666,0.0,0.0,0.0,0.0,0.6666666666666667
0.7017543859649122,0.25,0.25372463395838685,0.0,0.0,0.0,0.48275862068965514,0.0,0.38888888888888884,0.6666666666666667,0.17142857142857143,0.48275862068965514,0.6904761904761905,0.0,0.2222222222222222,0.0,0.0,0.0,0.0,1.0
0.10526315789473684,0.0,0.07295145132288725,0.0,0.0,0.0,0.13793103448275862,0.3333333333333333,0.1111111111111111,0.6666666666666667,0.4142857142857143,0.06896551724137931,0.14285714285714285,0.0,0.0,0.0,0.0,1.0,1.0,0.0
0.631578947368421,0.5,0.7923837657333677,0.0,0.0,1.0,0.48275862068965514,0.3333333333333333,0.7222222222222222,0.6666666666666667,0.7571428571428571,0.48275862068965514,0.5714285714285714,0.0,1.0,0.0,0.0,0.0,1.0,0.6666666666666667
0.5614035087719298,0.5,0.5908040071923966,0.0,1.0,0.0,0.13793103448275862,0.0,0.1111111111111111,0.6666666666666667,0.7999999999999998,0.13793103448275862,0.6190476190476188,0.0,0.5555555555555556,0.0,0.0,1.0,1.0,0.3333333333333333
0.21052631578947367,0.0,0.09163883894169023,0.0,1.0,0.0,0.20689655172413793,0.0,0.2222222222222222,0.6666666666666667,0.17142857142857143,0.13793103448275862,0.6190476190476188,0.0,0.6666666666666666,0.0,0.0,0.0,1.0,0.3333333333333333
1.0,0.75,1.0,0.0,0.0,1.0,0.48275862068965514,0.0,1.0,0.6666666666666667,0.3428571428571428,0.48275862068965514,0.857142857142857,0.0,0.6666666666666666,0.0,0.0,0.0,1.0,1.0
0.3157894736842105,0.5,0.561713331620858,0.0,0.0,0.0,0.0,0.6666666666666666,0.2777777777777778,0.0,0.3714285714285714,0.20689655172413793,0.6428571428571428,0.0,0.4444444444444444,0.0,0.0,0.0,0.0,0.6666666666666667
0.0,0.0,0.044759825327510924,0.0,0.0,0.0,0.0,1.0,0.0,0.6666666666666667,0.28571428571428575,0.0,0.21428571428571425,0.0,0.1111111111111111,0.0,1.0,0.0,1.0,1.0
0.10526315789473684,0.0,0.08194194708451066,0.0,1.0,0.0,0.0,0.0,0.05555555555555555,0.6666666666666667,0.14285714285714285,0.0,0.28571428571428564,0.0,1.0,0.0,0.0,1.0,0.0,0.6666666666666667
0.14035087719298245,0.0,0.11572052401746724,0.0,0.0,0.0,0.13793103448275862,0.3333333333333333,0.1111111111111111,0.6666666666666667,0.10000000000000003,0.13793103448275862,0.21428571428571425,0.0,1.0,1.0,0.0,0.0,0.0,0.6666666666666667
0.10526315789473684,0.0,0.17666324171590034,0.0,0.0,0.0,0.13793103448275862,1.0,0.16666666666666666,0.6666666666666667,0.9571428571428571,0.13793103448275862,0.2619047619047619,0.0,0.1111111111111111,0.0,0.0,0.0,0.0,0.0
0.2807017543859649,0.0,0.08714359106087849,0.0,1.0,0.0,0.48275862068965514,0.3333333333333333,0.4444444444444444,0.3333333333333333,0.8285714285714285,0.48275862068965514,0.19047619047619052,0.0,0.1111111111111111,0.0,0.0,1.0,1.0,0.6666666666666667
0.45614035087719296,0.25,0.37458258412535317,0.0,0.0,0.0,0.27586206896551724,0.3333333333333333,0.2777777777777778,1.0,0.7,0.27586206896551724,0.42857142857142855,1.0,0.6666666666666666,0.0,0.0,0.0,0.0,1.0
0.14035087719298245,0.0,0.19098381710762907,0.0,0.0,0.0,0.13793103448275862,0.0,0.16666666666666666,0.3333333333333333,0.0,0.13793103448275862,0.2619047619047619,0.0,0.0,1.0,0.0,0.0,0.0,0.3333333333333333
0.21052631578947367,0.25,0.27709992293860775,0.0,0.0,0.0,0.13793103448275862,0.0,0.16666666666666666,0.6666666666666667,0.5571428571428572,0.13793103448275862,0.35714285714285715,0.0,0.5555555555555556,0.0,0.0,0.0,0.0,0.0
0.7719298245614035,0.5,0.624839455432828,0.0,0.0,0.0,0.48275862068965514,0.3333333333333333,0.5555555555555556,0.6666666666666667,0.3714285714285714,0.5517241379310345,0.857142857142857,0.0,0.8888888888888888,0.0,0.0,0.0,0.0,0.6666666666666667
0.3157894736842105,0.25,0.20703827382481377,0.0,0.0,0.0,0.06896551724137931,0.0,0.16666666666666666,0.6666666666666667,0.2285714285714286,0.13793103448275862,0.3095238095238095,0.0,0.2222222222222222,0.0,0.0,0.0,1.0,0.3333333333333333
0.3157894736842105,0.25,0.14834318006678654,0.0,0.0,0.0,0.5517241379310345,0.6666666666666666,0.5,0.6666666666666667,0.45714285714285713,0.48275862068965514,0.5238095238095237,0.0,0.1111111111111111,0.0,0.0,0.0,0.0,0.0
0.9473684210526315,1.0,1.0,0.0,0.0,0.0,0.13793103448275862,0.3333333333333333,0.2777777777777778,0.6666666666666667,0.9714285714285713,0.0,0.6904761904761905,0.0,0.3333333333333333,0.0,0.0,0.0,0.0,1.0
0.3508771929824561,0.0,0.25423837657333676,0.0,0.0,0.0,0.48275862068965514,0.0,0.5,0.3333333333333333,0.6857142857142857,0.48275862068965514,0.28571428571428564,0.0,0.0,0.0,0.0,1.0,0.0,1.0
0.17543859649122806,0.0,0.12214230670434112,0.0,0.0,0.0,0.13793103448275862,0.3333333333333333,0.2777777777777778,0.6666666666666667,0.01428571428571429,0.20689655172413793,0.3095238095238095,0.0,0.1111111111111111,0.0,0.0,0.0,0.0,0.0
0.3508771929824561,0.25,0.08971230413562806,0.0,0.0,0.0,0.20689655172413793,0.0,0.5555555555555556,0.6666666666666667,0.28571428571428575,0.6206896551724138,0.4761904761904761,0.0,0.1111111111111111,1.0,0.0,1.0,0.0,1.0
0.5964912280701754,0.5,0.4550475211918829,0.0,0.0,0.0,0.41379310344827586,0.0,0.8888888888888888,0.6666666666666667,0.45714285714285713,0.896551724137931,0.4047619047619047,0.0,0.0,0.0,0.0,0.0,0.0,0.6666666666666667
1.0,0.75,0.7958515283842795,0.0,1.0,0.0,1.0,0.3333333333333333,1.0,0.6666666666666667,0.5428571428571429,0.6206896551724138,0.9047619047619047,0.0,0.4444444444444444,0.0,0.0,0.0,0.0,1.0
0.45614035087719296,0.0,0.11456460313382996,1.0,0.0,0.0,0.5517241379310345,0.3333333333333333,0.5,0.6666666666666667,0.1571428571428572,0.5517241379310345,0.4523809523809524,0.0,0.4444444444444444,0.0,0.0,1.0,0.0,0.0
0.3508771929824561,0.25,0.22855124582584124,0.0,0.0,0.0,0.3448275862068966,0.0,0.5,0.6666666666666667,0.5999999999999999,0.48275862068965514,0.380952380952381,0.0,0.0,0.0,1.0,0.0,0.0,0.3333333333333333
0.3508771929824561,0.0,0.11360133573079886,0.0,1.0,0.0,0.48275862068965514,0.3333333333333333,0.38888888888888884,0.0,0.38571428571428573,0.0,0.5476190476190477,0.0,0.4444444444444444,1.0,0.0,0.0,0.0,0.3333333333333333
0.2807017543859649,0.0,0.08971230413562806,0.0,0.0,0.0,0.0,0.6666666666666666,0.05555555555555555,0.6666666666666667,0.7571428571428571,0.0,0.5238095238095237,0.0,0.8888888888888888,1.0,0.0,0.0,0.0,0.0
1.0,0.75,1.0,0.0,0.0,1.0,0.27586206896551724,0.3333333333333333,0.2777777777777778,0.6666666666666667,0.5142857142857142,0.20689655172413793,0.7619047619047619,0.0,1.0,0.0,0.0,0.0,1.0,1.0
0.45614035087719296,0.5,0.6364628820960698,0.0,0.0,0.0,0.27586206896551724,0.3333333333333333,0.3333333333333333,0.6666666666666667,0.5857142857142856,0.3448275862068966,0.49999999999999994,1.0,0.3333333333333333,0.0,1.0,0.0,0.0,0.6666666666666667
0.07017543859649122,0.0,0.06813511430773184,0.0,1.0,0.0,0.13793103448275862,0.0,0.1111111111111111,0.3333333333333333,0.5714285714285714,0.13793103448275862,0.07142857142857145,0.0,0.1111111111111111,0.0,0.0,0.0,0.0,1.0
0.45614035087719296,0.0,0.10165681993321346,0.0,0.0,0.0,0.6896551724137931,1.0,0.611111111111111,0.6666666666666667,1.0,0.5517241379310345,0.4761904761904761,0.0,0.5555555555555556,0.0,1.0,0.0,0.0,0.0
0.3157894736842105,0.5,0.7998330336501414,0.0,0.0,1.0,0.20689655172413793,0.0,0.2222222222222222,0.6666666666666667,0.49999999999999994,0.13793103448275862,0.49999999999999994,0.0,0.7777777777777777,0.0,0.0,0.0,1.0,0.6666666666666667
0.3157894736842105,0.25,0.45556126380683276,0.0,1.0,0.0,0.13793103448275862,0.0,0.2222222222222222,0.3333333333333333,0.6428571428571428,0.06896551724137931,0.380952380952381,0.0,0.3333333333333333,0.0,0.0,0.0,1.0,1.0
0.21052631578947367,0.0,0.1859106087849987,0.0,0.0,0.0,0.13793103448275862,0.0,0.2777777777777778,0.6666666666666667,0.8999999999999999,0.20689655172413793,0.49999999999999994,0.0,0.0,0.0,0.0,0.0,1.0,0.6666666666666667
0.2807017543859649,0.0,0.09138196763421527,0.0,1.0,0.0,0.06896551724137931,0.0,0.2222222222222222,1.0,0.24285714285714283,0.20689655172413793,0.3333333333333333,0.0,0.3333333333333333,0.0,0.0,1.0,0.0,0.0
0.14035087719298245,0.0,0.09574877986128949,0.0,0.0,0.0,0.06896551724137931,0.0,0.16666666666666666,0.6666666666666667,0.857142857142857,0.13793103448275862,0.35714285714285715,0.0,0.0,0.0,0.0,0.0,0.0,0.6666666666666667
0.2807017543859649,0.25,0.1938736193167223,0.0,0.0,0.0,0.48275862068965514,0.0,0.38888888888888884,0.3333333333333333,0.2285714285714286,0.3448275862068966,0.4761904761904761,0.0,0.0,0.0,0.0,0.0,0.0,1.0
0.3508771929824561,0.5,0.5375674287182122,0.0,1.0,0.0,0.06896551724137931,0.6666666666666666,0.16666666666666666,0.6666666666666667,0.35714285714285715,0.13793103448275862,0.6428571428571428,0.0,0.4444444444444444,0.0,0.0,0.0,0.0,0.3333333333333333
0.3508771929824561,0.25,0.2589904957616234,0.0,0.0,0.0,0.13793103448275862,0.0,0.5,0.6666666666666667,0.7285714285714284,0.5517241379310345,0.49999999999999994,0.0,0.0,0.0,0.0,1.0,1.0,0.0
0.6666666666666666,0.0,0.2085795016696635,0.0,1.0,0.0,0.13793103448275862,0.3333333333333333,0.1111111111111111,0.6666666666666667,0.5285714285714285,0.13793103448275862,0.9047619047619047,0.0,0.4444444444444444,0.0,0.0,0.0,0.0,0.6666666666666667
0.6666666666666666,0.25,0.24409195992807603,0.0,0.0,0.0,0.48275862068965514,0.3333333333333333,0.5555555555555556,0.6666666666666667,0.8142857142857143,0.5517241379310345,0.6666666666666665,0.0,0.2222222222222222,0.0,0.0,0.0,1.0,0.6666666666666667
0.5263157894736842,0.5,0.7994477266889288,0.0,1.0,1.0,0.9655172413793103,0.0,0.8333333333333333,0.6666666666666667,0.9714285714285713,0.8275862068965517,0.35714285714285715,0.0,0.1111111111111111,0.0,0.0,1.0,0.0,0.0
0.7719298245614035,0.75,0.8889673773439506,0.0,0.0,0.0,0.896551724137931,0.3333333333333333,0.9444444444444444,0.6666666666666667,0.21428571428571425,0.13793103448275862,0.8333333333333333,0.0,0.6666666666666666,0.0,0.0,0.0,1.0,0.6666666666666667
0.38596491228070173,0.25,0.32635499614693037,0.0,0.0,0.0,0.27586206896551724,0.0,0.2777777777777778,0.0,0.18571428571428567,0.13793103448275862,0.28571428571428564,0.0,0.2222222222222222,0.0,0.0,0.0,0.0,0.6666666666666667
0.7368421052631579,1.0,1.0,0.0,0.0,1.0,0.13793103448275862,0.3333333333333333,0.16666666666666666,0.6666666666666667,0.17142857142857143,0.06896551724137931,0.6904761904761905,0.0,0.4444444444444444,0.0,0.0,0.0,0.0,1.0
0.14035087719298245,0.25,0.24672489082969434,0.0,0.0,0.0,0.13793103448275862,0.3333333333333333,0.16666666666666666,1.0,0.38571428571428573,0.13793103448275862,0.16666666666666669,0.0,0.0,0.0,0.0,0.0,0.0,1.0
0.03508771929824561,0.0,0.08984073978936552,0.0,1.0,0.0,0.06896551724137931,1.0,0.05555555555555555,0.6666666666666667,0.3,0.0,0.23809523809523808,0.0,0.1111111111111111,1.0,0.0,0.0,1.0,0.6666666666666667
0.2807017543859649,0.25,0.3151168764449011,0.0,1.0,0.0,0.0,0.0,0.05555555555555555,0.3333333333333333,0.28571428571428575,0.06896551724137931,0.4047619047619047,0.0,0.3333333333333333,0.0,0.0,0.0,0.0,0.3333333333333333
0.631578947368421,0.0,0.23953249422039558,0.0,0.0,0.0,0.13793103448275862,0.0,0.16666666666666666,1.0,0.5999999999999999,0.13793103448275862,0.5952380952380951,0.0,0.4444444444444444,0.0,0.0,1.0,1.0,0.3333333333333333
0.3508771929824561,0.5,0.5764192139737991,0.0,0.0,0.0,0.0,0.3333333333333333,0.05555555555555555,0.6666666666666667,0.18571428571428567,0.0,0.5952380952380951,1.0,0.8888888888888888,0.0,0.0,0.0,0.0,0.6666666666666667
0.45614035087719296,0.25,0.5084125353198048,0.0,0.0,0.0,0.48275862068965514,0.3333333333333333,0.5,0.6666666666666667,0.5142857142857142,0.48275862068965514,0.6666666666666665,1.0,0.4444444444444444,0.0,0.0,0.0,1.0,1.0
0.14035087719298245,0.0,0.08470331363986644,0.0,1.0,0.0,0.13793103448275862,0.3333333333333333,0.2222222222222222,1.0,0.42857142857142855,0.13793103448275862,0.09523809523809518,0.0,0.1111111111111111,0.0,0.0,0.0,0.0,1.0
0.3157894736842105,0.25,0.2662471101977909,0.0,0.0,0.0,0.27586206896551724,0.0,0.3333333333333333,0.6666666666666667,0.21428571428571425,0.3448275862068966,0.5714285714285714,0.0,0.7777777777777777,0.0,0.0,0.0,0.0,0.3333333333333333
0.38596491228070173,0.25,0.2840996660673003,0.0,0.0,0.0,0.5517241379310345,0.3333333333333333,0.611111111111111,0.6666666666666667,0.5142857142857142,0.6206896551724138,0.380952380952381,0.0,0.1111111111111111,0.0,0.0,0.0,0.0,1.0
0.45614035087719296,0.0,0.08027228358592345,0.0,0.0,0.0,0.0,0.6666666666666666,0.0,0.6666666666666667,0.3,0.0,0.7142857142857142,0.0,0.4444444444444444,0.0,0.0,0.0,1.0,1.0
0.2807017543859649,0.25,0.26033907012586693,0.0,0.0,0.0,0.13793103448275862,0.3333333333333333,0.4444444444444444,0.3333333333333333,0.8857142857142857,0.48275862068965514,0.380952380952381,1.0,0.1111111111111111,0.0,0.0,1.0,0.0,1.0
0.8421052631578947,0.5,0.5927305419984588,0.0,0.0,0.0,0.0,0.3333333333333333,0.05555555555555555,0.6666666666666667,0.5714285714285714,0.0,0.8809523809523809,0.0,0.3333333333333333,0.0,0.0,0.0,0.0,0.0
0.8771929824561403,0.5,0.48959671204726435,0.0,0.0,0.0,0.9655172413793103,0.0,0.9444444444444444,0.6666666666666667,0.7714285714285714,0.7586206896551724,0.6904761904761905,1.0,0.2222222222222222,0.0,0.0,0.0,1.0,0.0
0.17543859649122806,0.0,0.20864371949653227,0.0,0.0,0.0,0.20689655172413793,0.3333333333333333,0.2222222222222222,0.6666666666666667,0.1571428571428572,0.13793103448275862,0.8095238095238095,0.0,0.0,0.0,1.0,0.0,1.0,1.0
0.07017543859649122,0.0,0.11039044438736192,1.0,0.0,0.0,0.13793103448275862,0.0,0.1111111111111111,0.6666666666666667,0.3428571428571428,0.13793103448275862,0.047619047619047616,0.0,0.1111111111111111,0.0,0.0,0.0,0.0,1.0
0.3508771929824561,0.25,0.19297456974056,0.0,1.0,0.0,0.41379310344827586,0.3333333333333333,0.5555555555555556,0.6666666666666667,0.3,0.48275862068965514,0.4047619047619047,1.0,0.1111111111111111,0.0,0.0,0.0,0.0,1.0
0.3157894736842105,0.25,0.35037246339583866,0.0,1.0,0.0,0.13793103448275862,0.0,0.2222222222222222,0.6666666666666667,0.1571428571428572,0.20689655172413793,0.6190476190476188,1.0,0.2222222222222222,0.0,0.0,0.0,0.0,1.0
0.17543859649122806,0.0,0.11623426663241715,0.0,0.0,0.0,0.13793103448275862,0.3333333333333333,0.16666666666666666,1.0,0.39999999999999997,0.13793103448275862,0.11904761904761901,0.0,0.2222222222222222,0.0,0.0,0.0,1.0,0.0
0.7017543859649122,0.5,0.7832648343180066,0.0,0.0,1.0,1.0,0.3333333333333333,1.0,0.0,0.9857142857142855,0.7586206896551724,0.4761904761904761,0.0,0.3333333333333333,0.0,0.0,0.0,1.0,0.3333333333333333
0.8421052631578947,0.5,0.6320318520421269,0.0,1.0,0.0,0.48275862068965514,0.3333333333333333,0.38888888888888884,0.0,0.9285714285714286,0.48275862068965514,0.6428571428571428,1.0,0.2222222222222222,0.0,0.0,0.0,1.0,0.3333333333333333
0.3508771929824561,0.25,0.36771127665039816,0.0,0.0,0.0,0.0,0.0,0.0,0.0,0.05714285714285716,0.0,0.3333333333333333,0.0,0.6666666666666666,0.0,0.0,0.0,0.0,0.0
0.2807017543859649,0.25,0.3449139481119959,0.0,1.0,0.0,0.27586206896551724,0.6666666666666666,0.3333333333333333,0.3333333333333333,0.5428571428571429,0.0,0.5238095238095237,0.0,0.2222222222222222,0.0,0.0,0.0,0.0,0.6666666666666667
0.5263157894736842,0.25,0.5109812483945544,0.0,1.0,0.0,0.48275862068965514,1.0,0.38888888888888884,0.6666666666666667,0.9142857142857141,0.48275862068965514,0.4047619047619047,0.0,0.3333333333333333,0.0,0.0,0.0,0.0,0.6666666666666667
0.6666666666666666,0.25,0.09253788851785255,0.0,0.0,0.0,0.13793103448275862,0.0,0.1111111111111111,0.6666666666666667,0.7999999999999998,0.13793103448275862,0.8333333333333333,0.0,0.2222222222222222,1.0,0.0,0.0,0.0,1.0
0.3508771929824561,0.25,0.33393269971744155,0.0,0.0,0.0,0.48275862068965514,0.6666666666666666,0.5555555555555556,1.0,0.3714285714285714,0.5517241379310345,0.3333333333333333,0.0,0.1111111111111111,0.0,0.0,0.0,1.0,0.6666666666666667
0.2807017543859649,0.25,0.36623426663241715,0.0,0.0,0.0,0.48275862068965514,0.6666666666666666,0.4444444444444444,0.3333333333333333,0.9285714285714286,0.48275862068965514,0.380952380952381,0.0,0.1111111111111111,0.0,0.0,0.0,0.0,1.0
0.21052631578947367,0.0,0.13158232725404573,0.0,1.0,0.0,0.13793103448275862,0.3333333333333333,0.2777777777777778,0.6666666666666667,0.3,0.06896551724137931,0.21428571428571425,0.0,0.0,0.0,0.0,0.0,0.0,0.6666666666666667
0.42105263157894735,0.0,0.17107629077832007,0.0,0.0,0.0,0.6206896551724138,0.0,0.6666666666666666,0.6666666666666667,0.6285714285714286,0.5517241379310345,0.5714285714285714,0.0,0.1111111111111111,1.0,0.0,1.0,1.0,0.0
0.24561403508771928,0.25,0.37406884151040326,0.0,1.0,0.0,0.48275862068965514,0.3333333333333333,0.38888888888888884,0.3333333333333333,0.17142857142857143,0.48275862068965514,0.23809523809523808,0.0,0.1111111111111111,0.0,0.0,1.0,0.0,0.6666666666666667
0.7017543859649122,0.25,0.08598767017724121,0.0,0.0,0.0,0.6206896551724138,0.3333333333333333,0.9444444444444444,0.6666666666666667,0.42857142857142855,1.0,0.6428571428571428,0.0,0.8888888888888888,1.0,0.0,0.0,0.0,0.3333333333333333
0.24561403508771928,0.0,0.1520678140251734,0.0,0.0,0.0,0.20689655172413793,0.3333333333333333,0.2222222222222222,0.6666666666666667,0.9857142857142855,0.13793103448275862,0.5238095238095237,0.0,0.4444444444444444,1.0,0.0,0.0,0.0,0.6666666666666667
0.42105263157894735,0.0,0.12464680195222194,0.0,0.0,0.0,0.27586206896551724,0.0,0.2777777777777778,0.6666666666666667,0.3428571428571428,0.27586206896551724,0.8095238095238095,0.0,1.0,1.0,0.0,0.0,0.0,0.6666666666666667
0.0,0.0,0.03865913177498073,0.0,0.0,0.0,0.0,0.0,0.0,0.6666666666666667,0.9571428571428571,0.0,0.0,0.0,0.1111111111111111,1.0,1.0,0.0,0.0,1.0
0.3508771929824561,0.25,0.27960441818648857,0.0,0.0,0.0,0.48275862068965514,0.3333333333333333,0.5,0.3333333333333333,0.42857142857142855,0.0,0.4047619047619047,0.0,0.0,1.0,0.0,0.0,1.0,1.0
0.42105263157894735,0.25,0.4090675571538659,0.0,0.0,0.0,0.20689655172413793,0.3333333333333333,0.3333333333333333,0.6666666666666667,0.42857142857142855,0.27586206896551724,0.6666666666666665,0.0,0.2222222222222222,0.0,0.0,0.0,0.0,1.0
0.3508771929824561,0.0,0.1017210377600822,0.0,1.0,0.0,0.41379310344827586,0.3333333333333333,0.5,0.3333333333333333,0.3714285714285714,0.5517241379310345,0.5714285714285714,0.0,0.0,1.0,0.0,0.0,1.0,1.0
0.14035087719298245,0.0,0.17518623169791933,0.0,0.0,0.0,0.13793103448275862,0.3333333333333333,0.16666666666666666,0.6666666666666667,0.8285714285714285,0.13793103448275862,0.380952380952381,0.0,0.0,0.0,0.0,0.0,0.0,0.6666666666666667
0.8421052631578947,1.0,1.0,0.0,0.0,0.0,0.0,0.0,0.05555555555555555,0.3333333333333333,0.8999999999999999,0.06896551724137931,0.5714285714285714,0.0,0.8888888888888888,0.0,0.0,0.0,0.0,1.0
0.9824561403508771,0.75,0.6952864115078345,0.0,0.0,0.0,0.0,0.3333333333333333,0.1111111111111111,0.6666666666666667,0.6142857142857143,0.13793103448275862,0.8333333333333333,0.0,0.5555555555555556,0.0,0.0,0.0,0.0,0.0
0.42105263157894735,0.5,0.5400719239660929,0.0,0.0,0.0,0.6206896551724138,0.3333333333333333,0.5555555555555556,0.6666666666666667,0.1571428571428572,0.27586206896551724,0.28571428571428564,0.0,0.2222222222222222,0.0,0.0,0.0,0.0,0.3333333333333333
0.6666666666666666,0.25,0.1779475982532751,0.0,0.0,0.0,0.0,0.0,0.05555555555555555,0.6666666666666667,0.17142857142857143,0.0,0.857142857142857,0.0,0.7777777777777777,1.0,0.0,0.0,0.0,0.6666666666666667
0.38596491228070173,0.25,0.2193038787567429,0.0,0.0,0.0,0.48275862068965514,0.0,0.611111111111111,0.6666666666666667,0.4428571428571429,0.5517241379310345,0.3095238095238095,0.0,0.1111111111111111,0.0,0.0,0.0,0.0,0.6666666666666667
0.38596491228070173,0.0,0.06762137169278193,0.0,0.0,0.0,0.13793103448275862,0.0,0.16666666666666666,0.6666666666666667,0.4142857142857143,0.13793103448275862,0.2619047619047619,0.0,0.3333333333333333,1.0,0.0,0.0,0.0,1.0
0.3508771929824561,0.25,0.573272540457231,0.0,0.0,0.0,0.27586206896551724,0.0,0.5,0.6666666666666667,0.6285714285714286,0.48275862068965514,0.3095238095238095,0.0,0.0,0.0,1.0,0.0,1.0,0.3333333333333333
0.21052631578947367,0.25,0.37400462368353454,0.0,1.0,0.0,0.3448275862068966,0.0,0.3333333333333333,0.6666666666666667,0.7142857142857142,0.06896551724137931,0.3095238095238095,1.0,0.1111111111111111,0.0,0.0,0.0,1.0,0.6666666666666667
0.3157894736842105,0.25,0.31845620344207554,0.0,0.0,0.0,0.48275862068965514,1.0,0.5,0.6666666666666667,0.08571428571428569,0.5517241379310345,0.35714285714285715,1.0,0.1111111111111111,0.0,0.0,1.0,0.0,1.0
0.03508771929824561,0.0,0.12612381197020292,0.0,0.0,0.0,0.0,0.0,0.05555555555555555,0.6666666666666667,0.7714285714285714,0.0,0.047619047619047616,0.0,0.1111111111111111,1.0,0.0,0.0,0.0,0.0
1.0,1.0,1.0,0.0,1.0,1.0,0.6206896551724138,0.3333333333333333,1.0,0.3333333333333333,0.39999999999999997,0.6206896551724138,0.7380952380952379,0.0,0.1111111111111111,0.0,0.0,0.0,0.0,1.0
0.9122807017543859,0.5,0.6393526843051631,0.0,0.0,0.0,0.13793103448275862,0.0,0.2777777777777778,0.3333333333333333,0.01428571428571429,0.0,0.7380952380952379,1.0,0.8888888888888888,0.0,0.0,0.0,0.0,0.3333333333333333
0.5964912280701754,0.25,0.3452350372463396,0.0,1.0,0.0,0.48275862068965514,0.6666666666666666,0.4444444444444444,0.6666666666666667,0.45714285714285713,0.48275862068965514,0.8809523809523809,1.0,0.3333333333333333,0.0,0.0,1.0,1.0,0.6666666666666667
0.21052631578947367,0.0,0.11334446442332391,0.0,0.0,0.0,0.20689655172413793,0.3333333333333333,0.2777777777777778,0.6666666666666667,0.31428571428571433,0.13793103448275862,0.14285714285714285,0.0,0.0,1.0,0.0,0.0,0.0,0.3333333333333333
1.0,0.5,0.5778962239917802,0.0,1.0,0.0,0.6206896551724138,0.0,0.5555555555555556,0.3333333333333333,0.32857142857142857,0.6206896551724138,0.9523809523809523,0.0,0.7777777777777777,0.0,0.0,0.0,1.0,0.6666666666666667
0.3157894736842105,0.5,0.39237092216799385,0.0,0.0,0.0,0.13793103448275862,0.3333333333333333,0.16666666666666666,0.3333333333333333,0.05714285714285716,0.13793103448275862,0.35714285714285715,1.0,0.4444444444444444,0.0,0.0,0.0,0.0,1.0
0.24561403508771928,0.0,0.15996660673002824,0.0,0.0,0.0,0.3448275862068966,0.0,0.3333333333333333,1.0,0.7714285714285714,0.20689655172413793,0.4523809523809524,0.0,0.0,1.0,1.0,0.0,0.0,0.6666666666666667
0.2807017543859649,0.0,0.16407654764962754,0.0,1.0,0.0,0.48275862068965514,0.3333333333333333,0.4444444444444444,1.0,0.49999999999999994,0.48275862068965514,0.4523809523809524,0.0,0.1111111111111111,0.0,0.0,0.0,0.0,0.3333333333333333
0.17543859649122806,0.25,0.2024788081171333,0.0,1.0,0.0,0.27586206896551724,0.6666666666666666,0.2777777777777778,0.6666666666666667,0.17142857142857143,0.20689655172413793,0.14285714285714285,0.0,0.1111111111111111,0.0,0.0,0.0,1.0,1.0
0.42105263157894735,0.25,0.298677112766504,0.0,1.0,0.0,0.20689655172413793,0.3333333333333333,0.2777777777777778,0.0,0.02857142857142858,0.13793103448275862,0.9523809523809523,1.0,0.2222222222222222,0.0,1.0,0.0,0.0,1.0
0.3508771929824561,0.0,0.1868738761880298,0.0,1.0,0.0,0.13793103448275862,0.0,0.5555555555555556,0.0,0.5999999999999999,0.48275862068965514,0.3333333333333333,0.0,0.1111111111111111,0.0,0.0,1.0,0.0,0.3333333333333333
0.07017543859649122,0.0,0.08438222450552274,1.0,1.0,0.0,0.13793103448275862,0.0,0.1111111111111111,0.6666666666666667,0.3428571428571428,0.13793103448275862,0.047619047619047616,0.0,0.1111111111111111,0.0,0.0,1.0,0.0,1.0
0.8771929824561403,0.75,1.0,0.0,1.0,0.0,0.8275862068965517,0.6666666666666666,1.0,0.6666666666666667,0.8857142857142857,0.8275862068965517,0.5952380952380951,0.0,0.1111111111111111,0.0,0.0,1.0,0.0,0.6666666666666667
0.3508771929824561,0.25,0.28756742871821217,0.0,0.0,0.0,0.27586206896551724,0.0,0.5555555555555556,0.6666666666666667,0.18571428571428567,0.6206896551724138,0.35714285714285715,0.0,0.1111111111111111,0.0,0.0,0.0,0.0,0.3333333333333333
0.38596491228070173,0.5,0.4851656819933214,0.0,1.0,0.0,0.0,0.0,0.0,0.6666666666666667,0.6285714285714286,0.0,0.35714285714285715,0.0,0.2222222222222222,0.0,0.0,0.0,0.0,0.0
0.45614035087719296,0.25,0.28737477523760596,0.0,0.0,0.0,0.5517241379310345,0.3333333333333333,0.7222222222222222,0.3333333333333333,0.8714285714285714,0.5517241379310345,0.3333333333333333,0.0,0.1111111111111111,0.0,0.0,0.0,0.0,1.0
0.9122807017543859,0.75,0.9647444130490626,0.0,0.0,0.0,0.6206896551724138,0.3333333333333333,0.7777777777777777,0.6666666666666667,0.8142857142857143,0.8275862068965517,0.857142857142857,0.0,0.3333333333333333,0.0,0.0,1.0,1.0,0.3333333333333333
0.14035087719298245,0.0,0.07763935268430516,0.0,0.0,0.0,0.13793103448275862,0.3333333333333333,0.2222222222222222,0.3333333333333333,0.9714285714285713,0.13793103448275862,0.3095238095238095,0.0,0.1111111111111111,1.0,0.0,0.0,0.0,1.0
0.10526315789473684,0.0,0.11405086051888005,1.0,0.0,0.0,0.0,0.0,0.05555555555555555,0.3333333333333333,0.857142857142857,0.0,0.3095238095238095,0.0,0.7777777777777777,0.0,0.0,1.0,0.0,0.6666666666666667
0.14035087719298245,0.0,0.24608271256100694,0.0,0.0,0.0,0.0,0.3333333333333333,0.05555555555555555,0.3333333333333333,0.5428571428571429,0.0,0.5714285714285714,0.0,0.4444444444444444,1.0,0.0,0.0,1.0,0.6666666666666667
0.49122807017543857,0.25,0.26188029797071666,0.0,1.0,0.0,0.0,0.6666666666666666,0.0,0.6666666666666667,0.6714285714285713,0.0,0.5714285714285714,0.0,0.3333333333333333,0.0,0.0,0.0,0.0,0.3333333333333333
0.7368421052631579,0.75,0.8828024659645517,0.0,1.0,0.0,0.0,1.0,0.2777777777777778,0.6666666666666667,0.04285714285714287,0.13793103448275862,0.8809523809523809,0.0,0.2222222222222222,0.0,0.0,0.0,1.0,1.0
0.2807017543859649,0.0,0.18167223221166195,0.0,0.0,0.0,0.27586206896551724,0.0,0.2777777777777778,0.3333333333333333,0.7428571428571429,0.13793103448275862,0.35714285714285715,0.0,0.8888888888888888,1.0,0.0,0.0,1.0,0.0
0.24561403508771928,0.0,0.07211661957359364,0.0,1.0,0.0,0.13793103448275862,0.0,0.2777777777777778,0.6666666666666667,0.2571428571428572,0.06896551724137931,0.28571428571428564,0.0,0.4444444444444444,0.0,0.0,0.0,0.0,0.0
1.0,0.75,0.7836501412792192,0.0,0.0,0.0,0.48275862068965514,1.0,0.38888888888888884,1.0,0.7999999999999998,0.48275862068965514,0.9047619047619047,0.0,1.0,0.0,0.0,1.0,0.0,0.6666666666666667
0.7368421052631579,1.0,1.0,0.0,0.0,1.0,1.0,0.6666666666666666,1.0,0.0,0.35714285714285715,0.6896551724137931,0.5476190476190477,0.0,0.1111111111111111,0.0,1.0,0.0,0.0,0.3333333333333333
0.21052631578947367,0.25,0.48998201900847677,0.0,0.0,0.0,0.13793103448275862,0.0,0.1111111111111111,0.3333333333333333,0.1571428571428572,0.13793103448275862,0.16666666666666669,0.0,0.2222222222222222,0.0,0.0,0.0,0.0,0.0
0.45614035087719296,0.5,0.6283072180837401,0.0,0.0,0.0,0.48275862068965514,0.3333333333333333,0.7222222222222222,0.6666666666666667,0.01428571428571429,0.6206896551724138,0.3095238095238095,0.0,0.1111111111111111,0.0,0.0,0.0,0.0,0.0
0.2807017543859649,0.0,0.1623426663241716,0.0,0.0,0.0,0.13793103448275862,0.3333333333333333,0.2222222222222222,0.3333333333333333,0.9142857142857141,0.13793103448275862,0.8809523809523809,0.0,0.5555555555555556,0.0,0.0,0.0,0.0,0.0
0.2807017543859649,0.25,0.34600565116876447,0.0,1.0,0.0,0.27586206896551724,0.0,0.2777777777777778,1.0,0.6714285714285713,0.20689655172413793,0.6904761904761905,0.0,0.4444444444444444,0.0,0.0,1.0,0.0,0.3333333333333333
1.0,1.0,1.0,0.0,1.0,0.0,0.48275862068965514,0.0,1.0,0.3333333333333333,0.7,0.8275862068965517,0.8095238095238095,0.0,0.1111111111111111,0.0,1.0,0.0,0.0,0.0
0.3508771929824561,0.5,0.47758797842281014,0.0,1.0,0.0,0.48275862068965514,0.0,0.4444444444444444,0.6666666666666667,0.4857142857142857,0.48275862068965514,0.8095238095238095,0.0,1.0,0.0,0.0,0.0,0.0,0.3333333333333333
0.24561403508771928,0.0,0.10358335473927563,0.0,0.0,0.0,0.13793103448275862,0.0,0.16666666666666666,0.3333333333333333,0.24285714285714283,0.06896551724137931,0.35714285714285715,0.0,0.6666666666666666,0.0,0.0,0.0,1.0,0.6666666666666667
0.17543859649122806,0.0,0.1802594400205497,0.0,0.0,0.0,0.13793103448275862,0.3333333333333333,0.2777777777777778,0.6666666666666667,0.7428571428571429,0.27586206896551724,0.21428571428571425,0.0,0.1111111111111111,1.0,0.0,0.0,1.0,1.0
0.38596491228070173,0.5,0.4878628307218084,0.0,0.0,0.0,0.5517241379310345,0.0,0.611111111111111,0.3333333333333333,0.8714285714285714,0.20689655172413793,0.4047619047619047,1.0,0.1111111111111111,0.0,0.0,0.0,0.0,1.0
0.0,0.0,0.042769072694580024,1.0,1.0,0.0,0.0,0.0,0.0,0.6666666666666667,0.28571428571428575,0.0,0.02380952380952378,0.0,0.1111111111111111,0.0,0.0,0.0,0.0,1.0
0.631578947368421,0.25,0.2647058823529412,0.0,0.0,0.0,0.13793103448275862,1.0,0.2222222222222222,0.6666666666666667,0.9571428571428571,0.13793103448275862,0.42857142857142855,0.0,0.7777777777777777,0.0,0.0,1.0,0.0,1.0
0.2807017543859649,0.0,0.07211661957359364,0.0,0.0,0.0,0.27586206896551724,0.3333333333333333,0.2777777777777778,0.6666666666666667,0.9571428571428571,0.20689655172413793,0.6428571428571428,0.0,0.4444444444444444,0.0,0.0,0.0,0.0,1.0
0.3157894736842105,0.25,0.32526329309016183,0.0,1.0,0.0,0.48275862068965514,0.0,0.5,0.0,0.5142857142857142,0.41379310344827586,0.380952380952381,0.0,0.1111111111111111,1.0,0.0,1.0,0.0,0.0
0.21052631578947367,0.25,0.28024659645517597,0.0,0.0,0.0,0.20689655172413793,0.3333333333333333,0.2777777777777778,0.6666666666666667,0.8428571428571427,0.13793103448275862,0.2619047619047619,1.0,0.0,0.0,0.0,0.0,0.0,0.0
0.3508771929824561,0.0,0.14583868481890572,0.0,0.0,0.0,0.13793103448275862,0.0,0.2222222222222222,1.0,0.5999999999999999,0.20689655172413793,0.380952380952381,0.0,0.2222222222222222,0.0,0.0,0.0,0.0,0.3333333333333333
0.8070175438596491,0.5,0.6060878499871565,0.0,1.0,0.0,0.9655172413793103,0.3333333333333333,1.0,0.6666666666666667,0.7285714285714284,0.3448275862068966,0.5476190476190477,0.0,0.0,0.0,0.0,0.0,0.0,0.6666666666666667
0.21052631578947367,0.0,0.15848959671204726,0.0,0.0,0.0,0.13793103448275862,0.3333333333333333,0.2777777777777778,0.6666666666666667,0.5571428571428572,0.20689655172413793,0.3095238095238095,0.0,0.1111111111111111,1.0,0.0,0.0,0.0,0.3333333333333333
0.2807017543859649,0.25,0.2564860005137426,0.0,0.0,0.0,0.13793103448275862,0.0,0.1111111111111111,0.6666666666666667,0.17142857142857143,0.06896551724137931,0.5476190476190477,0.0,0.6666666666666666,0.0,0.0,0.0,1.0,1.0
1.0,0.75,0.8320703827382481,0.0,1.0,0.0,0.7586206896551724,0.3333333333333333,0.8333333333333333,0.3333333333333333,0.1571428571428572,0.8275862068965517,0.7380952380952379,1.0,0.2222222222222222,0.0,0.0,0.0,0.0,0.6666666666666667
0.3157894736842105,0.25,0.23497302851271512,0.0,0.0,0.0,0.48275862068965514,1.0,0.4444444444444444,0.0,0.07142857142857145,0.48275862068965514,0.3333333333333333,0.0,0.0,0.0,0.0,1.0,1.0,1.0
0.24561403508771928,0.25,0.29964038016953504,0.0,0.0,0.0,0.48275862068965514,0.3333333333333333,0.38888888888888884,0.6666666666666667,0.8857142857142857,0.48275862068965514,0.5952380952380951,0.0,0.1111111111111111,0.0,0.0,1.0,0.0,0.0
0.3508771929824561,0.0,0.07430002568713076,0.0,1.0,0.0,0.13793103448275862,0.0,0.2222222222222222,0.6666666666666667,0.6142857142857143,0.20689655172413793,0.5238095238095237,0.0,0.3333333333333333,1.0,0.0,0.0,0.0,0.0
0.14035087719298245,0.25,0.2503853069612124,0.0,0.0,0.0,0.13793103448275862,0.0,0.2222222222222222,0.6666666666666667,0.9714285714285713,0.13793103448275862,0.23809523809523808,0.0,0.1111111111111111,0.0,0.0,0.0,1.0,0.0
0.3508771929824561,0.25,0.27093501155920885,0.0,0.0,0.0,0.48275862068965514,0.3333333333333333,0.5,0.6666666666666667,0.07142857142857145,0.3448275862068966,0.42857142857142855,0.0,0.0,0.0,0.0,0.0,0.0,0.6666666666666667
0.3508771929824561,0.0,0.11617004880554843,0.0,1.0,0.0,0.13793103448275862,0.3333333333333333,0.16666666666666666,1.0,0.45714285714285713,0.13793103448275862,0.6190476190476188,0.0,0.2222222222222222,1.0,0.0,0.0,0.0,0.0
0.5263157894736842,0.0,0.06447469817621371,0.0,0.0,0.0,0.20689655172413793,0.0,0.2222222222222222,0.6666666666666667,0.6714285714285713,0.20689655172413793,0.42857142857142855,0.0,0.2222222222222222,1.0,0.0,0.0,0.0,0.0
0.3508771929824561,0.5,0.4267916773696378,0.0,0.0,0.0,0.48275862068965514,1.0,0.5,0.6666666666666667,0.8999999999999999,0.48275862068965514,0.23809523809523808,0.0,0.0,0.0,0.0,0.0,1.0,1.0
0.03508771929824561,0.0,0.10961983046493706,1.0,0.0,0.0,0.0,0.0,0.05555555555555555,1.0,0.857142857142857,0.0,0.07142857142857145,0.0,0.1111111111111111,0.0,0.0,0.0,0.0,0.6666666666666667
0.21052631578947367,0.0,0.07519907526329309,0.0,0.0,0.0,0.13793103448275862,0.3333333333333333,0.2222222222222222,0.3333333333333333,0.5142857142857142,0.13793103448275862,0.28571428571428564,0.0,0.6666666666666666,0.0,0.0,1.0,0.0,0.6666666666666667
0.21052631578947367,0.25,0.27722835859234524,0.0,0.0,0.0,0.20689655172413793,0.0,0.2222222222222222,0.3333333333333333,0.11428571428571427,0.13793103448275862,0.19047619047619052,0.0,0.6666666666666666,0.0,0.0,0.0,0.0,1.0
0.17543859649122806,0.25,0.24833033650141279,0.0,0.0,0.0,0.13793103448275862,0.3333333333333333,0.16666666666666666,0.3333333333333333,0.4714285714285715,0.13793103448275862,0.5238095238095237,1.0,1.0,0.0,1.0,0.0,0.0,1.0
0.21052631578947367,0.0,0.13826098124839456,0.0,0.0,0.0,0.13793103448275862,0.0,0.2777777777777778,0.3333333333333333,0.2285714285714286,0.27586206896551724,0.14285714285714285,0.0,0.0,1.0,1.0,0.0,0.0,0.0
0.21052631578947367,0.0,0.11880297970716672,0.0,0.0,0.0,0.27586206896551724,0.0,0.3333333333333333,0.3333333333333333,0.0,0.27586206896551724,0.4047619047619047,0.0,0.1111111111111111,0.0,0.0,0.0,1.0,0.3333333333333333
0.5614035087719298,0.25,0.21031338299511942,0.0,1.0,0.0,0.20689655172413793,0.3333333333333333,0.2777777777777778,0.6666666666666667,0.6857142857142857,0.27586206896551724,0.4523809523809524,0.0,0.5555555555555556,0.0,0.0,0.0,1.0,1.0
0.17543859649122806,0.25,0.23966092987413307,0.0,1.0,0.0,0.20689655172413793,0.3333333333333333,0.2777777777777778,0.6666666666666667,0.42857142857142855,0.20689655172413793,0.19047619047619052,1.0,0.1111111111111111,0.0,0.0,1.0,1.0,0.0
0.3157894736842105,0.5,0.5529154893398407,0.0,0.0,0.0,0.5517241379310345,0.0,0.5,0.3333333333333333,0.4857142857142857,0.48275862068965514,0.6666666666666665,0.0,0.1111111111111111,0.0,0.0,0.0,1.0,0.6666666666666667
0.21052631578947367,0.25,0.4786796814795787,0.0,0.0,0.0,0.27586206896551724,0.0,0.2777777777777778,0.6666666666666667,0.7714285714285714,0.20689655172413793,0.23809523809523808,0.0,0.0,0.0,0.0,0.0,1.0,1.0
0.3508771929824561,0.0,0.1496275366041613,0.0,1.0,0.0,0.48275862068965514,0.6666666666666666,0.38888888888888884,0.6666666666666667,0.12857142857142861,0.48275862068965514,0.2619047619047619,0.0,0.3333333333333333,1.0,0.0,0.0,0.0,0.3333333333333333
0.3508771929824561,0.25,0.3083097867968148,0.0,0.0,0.0,0.27586206896551724,0.0,0.5555555555555556,0.3333333333333333,0.10000000000000003,0.5517241379310345,0.42857142857142855,0.0,0.1111111111111111,1.0,0.0,0.0,0.0,0.0
0.3508771929824561,0.0,0.0768687387618803,0.0,0.0,0.0,0.0,0.0,0.5555555555555556,0.3333333333333333,0.7571428571428571,0.5517241379310345,0.28571428571428564,0.0,0.1111111111111111,1.0,0.0,0.0,1.0,1.0
0.3508771929824561,0.0,0.10987670177241202,0.0,0.0,0.0,0.48275862068965514,0.3333333333333333,0.5555555555555556,0.0,0.657142857142857,0.5517241379310345,0.2619047619047619,0.0,0.1111111111111111,0.0,0.0,1.0,0.0,0.3333333333333333
0.38596491228070173,0.25,0.34517081941947086,0.0,0.0,0.0,0.0,0.6666666666666666,0.38888888888888884,0.0,0.8999999999999999,0.41379310344827586,0.2619047619047619,1.0,0.8888888888888888,0.0,0.0,0.0,0.0,1.0
0.03508771929824561,0.0,0.07776778833804265,1.0,1.0,0.0,0.06896551724137931,0.3333333333333333,0.05555555555555555,0.6666666666666667,0.8142857142857143,0.0,0.380952380952381,0.0,0.1111111111111111,0.0,0.0,0.0,0.0,0.6666666666666667
0.49122807017543857,0.25,0.3309144618546108,0.0,0.0,0.0,0.896551724137931,0.3333333333333333,0.7777777777777777,0.3333333333333333,0.9714285714285713,0.5517241379310345,0.3333333333333333,0.0,0.1111111111111111,0.0,0.0,0.0,0.0,0.6666666666666667
0.14035087719298245,0.0,0.10833547392756229,0.0,1.0,0.0,0.13793103448275862,0.3333333333333333,0.16666666666666666,0.6666666666666667,0.31428571428571433,0.0,0.5714285714285714,0.0,0.0,0.0,0.0,0.0,0.0,0.6666666666666667
0.42105263157894735,0.0,0.17589262779347548,0.0,0.0,0.0,0.5517241379310345,0.0,0.6666666666666666,0.6666666666666667,0.657142857142857,0.48275862068965514,0.28571428571428564,0.0,0.1111111111111111,1.0,0.0,0.0,1.0,1.0
0.49122807017543857,0.25,0.19535062933470332,0.0,0.0,0.0,0.48275862068965514,0.3333333333333333,0.5,0.6666666666666667,0.10000000000000003,0.48275862068965514,0.7142857142857142,0.0,0.2222222222222222,0.0,0.0,0.0,0.0,0.3333333333333333
0.21052631578947367,0.0,0.18847932185974825,0.0,1.0,0.0,0.13793103448275862,0.0,0.16666666666666666,0.6666666666666667,0.21428571428571425,0.13793103448275862,0.4761904761904761,0.0,0.5555555555555556,0.0,0.0,0.0,0.0,1.0
0.3157894736842105,0.25,0.07494220395581813,0.0,0.0,0.0,0.13793103448275862,0.0,0.3333333333333333,0.3333333333333333,0.7714285714285714,0.27586206896551724,0.3333333333333333,0.0,0.4444444444444444,1.0,0.0,0.0,0.0,1.0
0.42105263157894735,0.5,0.4502311841767274,0.0,0.0,0.0,0.6206896551724138,0.6666666666666666,0.611111111111111,0.6666666666666667,0.9428571428571428,0.6206896551724138,0.4047619047619047,0.0,0.0,0.0,0.0,0.0,0.0,0.6666666666666667
0.2807017543859649,0.0,0.14038016953506294,0.0,1.0,0.0,0.13793103448275862,1.0,0.1111111111111111,0.6666666666666667,0.2,0.13793103448275862,0.6190476190476188,0.0,0.4444444444444444,0.0,0.0,0.0,0.0,0.6666666666666667
0.45614035087719296,0.25,0.2498715643462625,0.0,0.0,0.0,0.6206896551724138,0.3333333333333333,0.6666666666666666,1.0,0.8999999999999999,0.5517241379310345,0.9285714285714284,0.0,0.0,0.0,0.0,0.0,0.0,0.3333333333333333
0.21052631578947367,0.0,0.12349088106858463,0.0,1.0,0.0,0.0,1.0,0.2777777777777778,1.0,0.9571428571428571,0.13793103448275862,0.380952380952381,0.0,0.0,0.0,0.0,0.0,1.0,1.0
0.3157894736842105,0.5,0.4267274595427691,0.0,0.0,0.0,0.5517241379310345,0.6666666666666666,0.5,0.6666666666666667,0.18571428571428567,0.48275862068965514,0.7380952380952379,0.0,0.1111111111111111,0.0,0.0,0.0,0.0,0.6666666666666667
0.5964912280701754,0.25,0.27742101207295145,0.0,1.0,0.0,0.7586206896551724,1.0,0.7222222222222222,0.0,0.7,0.6206896551724138,0.4761904761904761,0.0,0.7777777777777777,0.0,1.0,0.0,1.0,0.3333333333333333
0.7368421052631579,1.0,1.0,0.0,0.0,0.0,0.5517241379310345,0.3333333333333333,1.0,0.6666666666666667,0.2285714285714286,0.6206896551724138,0.5238095238095237,0.0,0.1111111111111111,0.0,0.0,0.0,1.0,1.0
0.9122807017543859,1.0,1.0,0.0,0.0,0.0,0.48275862068965514,0.3333333333333333,0.38888888888888884,0.6666666666666667,0.28571428571428575,0.48275862068965514,0.8333333333333333,0.0,0.3333333333333333,0.0,0.0,0.0,1.0,1.0
0.21052631578947367,0.0,0.0765476496275366,0.0,0.0,0.0,0.13793103448275862,0.0,0.16666666666666666,0.6666666666666667,0.3428571428571428,0.13793103448275862,0.2619047619047619,0.0,1.0,0.0,0.0,0.0,0.0,1.0
0.21052631578947367,0.0,0.08560236321602877,0.0,1.0,0.0,0.20689655172413793,1.0,0.2777777777777778,0.6666666666666667,0.9857142857142855,0.20689655172413793,0.6190476190476188,0.0,0.1111111111111111,0.0,0.0,1.0,1.0,0.6666666666666667
0.2807017543859649,0.25,0.5772540457230928,0.0,0.0,0.0,0.27586206896551724,0.0,0.2777777777777778,0.6666666666666667,0.4428571428571429,0.13793103448275862,0.35714285714285715,0.0,0.6666666666666666,0.0,0.0,1.0,0.0,0.3333333333333333
0.8421052631578947,0.5,0.5933085024402773,0.0,0.0,0.0,0.41379310344827586,0.3333333333333333,1.0,0.3333333333333333,0.17142857142857143,1.0,0.6190476190476188,1.0,0.3333333333333333,0.0,0.0,0.0,1.0,0.0
0.17543859649122806,0.25,0.21262522476239404,0.0,0.0,0.0,0.20689655172413793,0.0,0.2777777777777778,0.3333333333333333,0.2,0.13793103448275862,0.35714285714285715,0.0,0.1111111111111111,0.0,0.0,0.0,0.0,1.0
0.03508771929824561,0.0,0.11905985101464167,0.0,0.0,0.0,0.0,0.0,0.05555555555555555,0.3333333333333333,0.39999999999999997,0.0,0.21428571428571425,0.0,0.1111111111111111,0.0,0.0,1.0,0.0,0.0
0.3508771929824561,0.25,0.2040842537888518,0.0,1.0,0.0,0.0,0.3333333333333333,0.5555555555555556,0.3333333333333333,0.18571428571428567,0.6206896551724138,0.2619047619047619,0.0,0.1111111111111111,0.0,0.0,0.0,1.0,0.0
0.0,0.0,0.002697148728487031,0.0,0.0,0.0,0.0,0.0,0.0,0.6666666666666667,0.6142857142857143,0.0,0.0,0.0,0.1111111111111111,0.0,1.0,0.0,0.0,0.3333333333333333
0.8070175438596491,0.5,0.5922167993835088,0.0,0.0,0.0,0.48275862068965514,0.0,1.0,0.3333333333333333,0.3714285714285714,1.0,0.5952380952380951,0.0,0.3333333333333333,0.0,0.0,0.0,0.0,1.0
0.2807017543859649,0.25,0.2089005908040072,0.0,0.0,0.0,0.13793103448275862,0.6666666666666666,0.16666666666666666,0.6666666666666667,0.05714285714285716,0.13793103448275862,0.2619047619047619,0.0,0.4444444444444444,0.0,0.0,0.0,0.0,1.0
0.2807017543859649,0.25,0.36706909838171076,0.0,0.0,0.0,0.48275862068965514,0.3333333333333333,0.4444444444444444,0.6666666666666667,0.8999999999999999,0.20689655172413793,0.3333333333333333,0.0,0.1111111111111111,0.0,0.0,0.0,1.0,0.6666666666666667
0.7017543859649122,0.5,0.6322245055227331,0.0,1.0,0.0,0.13793103448275862,0.3333333333333333,0.16666666666666666,0.3333333333333333,0.12857142857142861,0.0,0.7619047619047619,0.0,0.4444444444444444,0.0,0.0,0.0,0.0,1.0
0.10526315789473684,0.0,0.08303365014127922,1.0,1.0,0.0,0.13793103448275862,0.0,0.16666666666666666,0.6666666666666667,0.3428571428571428,0.13793103448275862,0.3095238095238095,0.0,0.1111111111111111,0.0,0.0,1.0,0.0,1.0
0.42105263157894735,0.25,0.35345491908553817,0.0,0.0,0.0,0.20689655172413793,0.3333333333333333,0.2777777777777778,0.6666666666666667,0.31428571428571433,0.20689655172413793,0.5238095238095237,1.0,0.4444444444444444,0.0,0.0,0.0,0.0,0.6666666666666667
0.38596491228070173,0.25,0.20183662984844591,0.0,0.0,0.0,0.6896551724137931,1.0,0.611111111111111,0.3333333333333333,0.9857142857142855,0.5517241379310345,0.28571428571428564,1.0,0.1111111111111111,0.0,0.0,0.0,0.0,0.6666666666666667
0.42105263157894735,0.25,0.3315566401232982,0.0,1.0,0.0,0.48275862068965514,0.0,0.38888888888888884,0.0,0.657142857142857,0.48275862068965514,0.3095238095238095,0.0,0.4444444444444444,0.0,0.0,0.0,0.0,0.3333333333333333
0.3508771929824561,0.25,0.3296301053172361,0.0,1.0,0.0,0.13793103448275862,0.0,0.2777777777777778,0.6666666666666667,0.3,0.27586206896551724,0.4047619047619047,1.0,0.3333333333333333,0.0,0.0,0.0,1.0,0.0
0.3508771929824561,0.0,0.10801438479321859,0.0,0.0,0.0,0.6206896551724138,0.3333333333333333,0.5555555555555556,0.6666666666666667,0.17142857142857143,0.5517241379310345,0.380952380952381,0.0,0.1111111111111111,0.0,0.0,0.0,0.0,0.3333333333333333
0.3508771929824561,0.25,0.3637939892114051,0.0,0.0,0.0,0.5517241379310345,1.0,0.5,0.0,0.35714285714285715,0.3448275862068966,0.23809523809523808,0.0,0.0,1.0,1.0,0.0,0.0,0.6666666666666667
0.38596491228070173,0.25,0.19047007449267916,0.0,0.0,0.0,0.48275862068965514,0.6666666666666666,0.4444444444444444,0.6666666666666667,0.7285714285714284,0.48275862068965514,0.5238095238095237,0.0,0.3333333333333333,1.0,1.0,0.0,0.0,0.6666666666666667
0.9473684210526315,0.75,1.0,0.0,0.0,0.0,0.0,0.0,1.0,1.0,0.3714285714285714,0.8275862068965517,0.6666666666666665,0.0,0.1111111111111111,0.0,0.0,0.0,0.0,1.0
0.2807017543859649,0.25,0.2753018237862831,0.0,0.0,0.0,0.48275862068965514,0.3333333333333333,0.4444444444444444,0.6666666666666667,0.38571428571428573,0.48275862068965514,0.19047619047619052,0.0,0.1111111111111111,0.0,0.0,0.0,0.0,0.6666666666666667
0.42105263157894735,0.5,0.39371949653223737,0.0,0.0,0.0,0.48275862068965514,0.3333333333333333,0.38888888888888884,0.3333333333333333,0.9142857142857141,0.48275862068965514,0.28571428571428564,0.0,0.2222222222222222,0.0,0.0,0.0,0.0,0.6666666666666667
0.17543859649122806,0.0,0.17557153865913178,0.0,1.0,0.0,0.13793103448275862,0.3333333333333333,0.2222222222222222,0.3333333333333333,0.12857142857142861,0.13793103448275862,0.4047619047619047,0.0,0.1111111111111111,1.0,0.0,0.0,0.0,0.6666666666666667
0.3508771929824561,0.0,0.20491908553814536,0.0,0.0,0.0,0.27586206896551724,0.0,0.2777777777777778,0.6666666666666667,0.1571428571428572,0.27586206896551724,0.3333333333333333,0.0,0.7777777777777777,1.0,0.0,0.0,1.0,0.0
0.24561403508771928,0.25,0.5746211148214744,0.0,0.0,0.0,0.13793103448275862,0.3333333333333333,0.3333333333333333,0.6666666666666667,0.7857142857142856,0.13793103448275862,0.28571428571428564,0.0,0.0,0.0,0.0,0.0,0.0,0.6666666666666667
0.3508771929824561,0.25,0.3718212175699974,0.0,0.0,0.0,0.5517241379310345,0.6666666666666666,0.5555555555555556,1.0,0.8857142857142857,0.5517241379310345,0.380952380952381,0.0,0.1111111111111111,0.0,0.0,0.0,0.0,0.3333333333333333
0.17543859649122806,0.25,0.24723863344464425,0.0,0.0,0.0,0.27586206896551724,0.0,0.2777777777777778,0.6666666666666667,0.7142857142857142,0.20689655172413793,0.4047619047619047,0.0,0.1111111111111111,0.0,0.0,0.0,1.0,0.0
0.5263157894736842,0.25,0.2997688158232725,0.0,0.0,0.0,0.5517241379310345,0.3333333333333333,0.611111111111111,0.6666666666666667,0.8857142857142857,0.6896551724137931,0.5238095238095237,0.0,0.3333333333333333,0.0,0.0,0.0,0.0,0.3333333333333333
0.5614035087719298,0.25,0.23054199845877216,0.0,1.0,0.0,0.6206896551724138,0.0,0.8333333333333333,0.3333333333333333,0.14285714285714285,0.6896551724137931,0.380952380952381,0.0,0.0,0.0,0.0,0.0,1.0,0.0
0.3508771929824561,0.0,0.2415874646801952,0.0,0.0,0.0,0.13793103448275862,0.6666666666666666,0.2777777777777778,0.6666666666666667,0.5857142857142856,0.20689655172413793,0.4761904761904761,0.0,0.2222222222222222,0.0,0.0,0.0,0.0,0.3333333333333333
0.3157894736842105,0.5,0.7004238376573337,0.0,1.0,0.0,0.06896551724137931,0.6666666666666666,0.5,0.6666666666666667,0.9285714285714286,0.5517241379310345,0.28571428571428564,0.0,0.1111111111111111,0.0,0.0,0.0,1.0,0.3333333333333333
0.5263157894736842,0.5,0.5177241202157719,0.0,1.0,0.0,0.13793103448275862,0.3333333333333333,0.16666666666666666,0.3333333333333333,0.9142857142857141,0.13793103448275862,0.6666666666666665,0.0,0.2222222222222222,0.0,0.0,0.0,0.0,0.6666666666666667
0.5614035087719298,0.5,0.7372848702799897,0.0,0.0,1.0,0.6206896551724138,0.6666666666666666,0.5555555555555556,0.3333333333333333,0.7285714285714284,0.48275862068965514,0.7857142857142856,0.0,0.5555555555555556,0.0,0.0,0.0,0.0,0.3333333333333333
0.07017543859649122,0.0,0.16028769586437194,0.0,0.0,0.0,0.13793103448275862,0.0,0.1111111111111111,1.0,0.7,0.13793103448275862,0.11904761904761901,0.0,0.1111111111111111,0.0,0.0,0.0,1.0,0.0
1.0,1.0,1.0,0.0,0.0,1.0,1.0,0.0,1.0,1.0,0.4428571428571429,1.0,0.8809523809523809,0.0,0.8888888888888888,0.0,0.0,0.0,1.0,0.6666666666666667
0.45614035087719296,0.5,0.6010146416645261,0.0,1.0,0.0,0.41379310344827586,0.3333333333333333,0.5555555555555556,0.6666666666666667,0.6285714285714286,0.20689655172413793,0.6666666666666665,0.0,0.4444444444444444,0.0,0.0,0.0,0.0,0.6666666666666667
0.17543859649122806,0.0,0.104225533007963,0.0,0.0,0.0,0.27586206896551724,0.0,0.2777777777777778,0.6666666666666667,0.6428571428571428,0.27586206896551724,0.28571428571428564,0.0,0.1111111111111111,0.0,0.0,0.0,0.0,0.0
0.8070175438596491,0.75,0.9490110454662215,0.0,1.0,1.0,0.13793103448275862,0.0,0.1111111111111111,0.6666666666666667,0.8142857142857143,0.13793103448275862,0.9523809523809523,0.0,0.2222222222222222,0.0,0.0,1.0,0.0,0.0
0.5263157894736842,0.5,0.7774852298998203,0.0,0.0,0.0,0.13793103448275862,0.0,0.1111111111111111,0.6666666666666667,0.32857142857142857,0.13793103448275862,0.7857142857142856,0.0,0.2222222222222222,0.0,0.0,0.0,0.0,0.0
0.2807017543859649,0.0,0.06961212432571282,0.0,0.0,0.0,0.13793103448275862,0.3333333333333333,0.1111111111111111,0.6666666666666667,0.9571428571428571,0.0,0.5714285714285714,0.0,0.4444444444444444,1.0,0.0,1.0,0.0,0.3333333333333333
0.45614035087719296,0.25,0.419856152067814,0.0,0.0,0.0,0.48275862068965514,1.0,0.38888888888888884,0.6666666666666667,0.6142857142857143,0.48275862068965514,0.3095238095238095,0.0,0.4444444444444444,0.0,0.0,0.0,0.0,1.0
0.42105263157894735,0.0,0.08341895710249164,1.0,1.0,0.0,0.6896551724137931,0.3333333333333333,0.611111111111111,0.6666666666666667,0.35714285714285715,0.48275862068965514,0.380952380952381,0.0,0.0,0.0,0.0,0.0,0.0,0.3333333333333333
1.0,1.0,1.0,0.0,0.0,0.0,0.5517241379310345,0.0,1.0,0.6666666666666667,0.1571428571428572,0.6896551724137931,0.9999999999999998,0.0,0.5555555555555556,0.0,0.0,0.0,0.0,0.0
0.2807017543859649,0.0,0.16825070639609555,0.0,0.0,0.0,0.13793103448275862,0.0,0.16666666666666666,0.6666666666666667,0.9142857142857141,0.13793103448275862,0.4523809523809524,0.0,0.4444444444444444,1.0,0.0,0.0,1.0,0.0
0.21052631578947367,0.25,0.29231954790649883,0.0,0.0,0.0,0.20689655172413793,0.3333333333333333,0.2777777777777778,0.6666666666666667,0.5857142857142856,0.27586206896551724,0.4047619047619047,0.0,0.0,0.0,0.0,0.0,1.0,0.3333333333333333
0.24561403508771928,0.25,0.272861546365271,0.0,0.0,0.0,0.0,0.0,0.05555555555555555,0.6666666666666667,0.0,0.0,0.6666666666666665,0.0,0.2222222222222222,0.0,1.0,0.0,1.0,0.6666666666666667
0.10526315789473684,0.0,0.08129976881582326,1.0,1.0,0.0,0.13793103448275862,0.3333333333333333,0.16666666666666666,0.6666666666666667,0.9857142857142855,0.13793103448275862,0.11904761904761901,0.0,0.1111111111111111,0.0,0.0,0.0,0.0,0.6666666666666667
0.38596491228070173,0.25,0.3778576932956589,0.0,0.0,0.0,0.48275862068965514,0.3333333333333333,0.38888888888888884,0.6666666666666667,0.01428571428571429,0.48275862068965514,0.4761904761904761,0.0,0.3333333333333333,0.0,0.0,0.0,0.0,0.3333333333333333
0.14035087719298245,0.0,0.0926021063447213,0.0,0.0,0.0,0.20689655172413793,0.3333333333333333,0.2222222222222222,0.0,0.9142857142857141,0.06896551724137931,0.09523809523809518,0.0,0.1111111111111111,1.0,0.0,0.0,0.0,0.3333333333333333
0.5263157894736842,0.25,0.38228872334960184,0.0,1.0,0.0,0.0,0.3333333333333333,0.05555555555555555,0.6666666666666667,0.6142857142857143,0.0,0.42857142857142855,0.0,0.4444444444444444,0.0,0.0,0.0,0.0,1.0
0.24561403508771928,0.25,0.20023118417672747,0.0,0.0,0.0,0.06896551724137931,0.3333333333333333,0.1111111111111111,0.6666666666666667,0.7571428571428571,0.13793103448275862,0.49999999999999994,0.0,0.2222222222222222,0.0,0.0,1.0,0.0,0.6666666666666667
