Age,DailyRate,DistanceFromHome,Education,EnvironmentSatisfaction,HourlyRate,JobInvolvement,JobLevel,JobSatisfaction,MonthlyIncome,MonthlyRate,NumCompaniesWorked,PercentSalaryHike,PerformanceRating,RelationshipSatisfaction,StockOptionLevel,TotalWorkingYears,TrainingTimesLastYear,WorkLifeBalance,YearsAtCompany,YearsInCurrentRole,YearsSinceLastPromotion,YearsWithCurrManager,BusinessTravel_Non-Travel,BusinessTravel_Travel_Frequently,BusinessTravel_Travel_Rarely,Department_Human Resources,Department_Research & Development,Department_Sales,EducationField_Human Resources,EducationField_Life Sciences,EducationField_Marketing,EducationField_Medical,EducationField_Other,EducationField_Technical Degree,Gender_Female,Gender_Male,JobRole_Healthcare Representative,JobRole_Human Resources,JobRole_Laboratory Technician,JobRole_Manager,JobRole_Manufacturing Director,JobRole_Research Director,JobRole_Research Scientist,JobRole_Sales Executive,JobRole_Sales Representative,MaritalStatus_Divorced,MaritalStatus_Married,MaritalStatus_Single,OverTime_No,OverTime_Yes
0.6904761904761905,0.8037249283667621,0.03571428571428571,0.75,0.3333333333333333,0.24285714285714283,1.0,0.75,0.3333333333333333,0.9608913434369382,0.7625777956233688,0.6666666666666666,0.2142857142857143,0.0,0.6666666666666667,1.0,1.0,0.3333333333333333,0.6666666666666667,0.16666666666666666,0.13793103448275862,0.13333333333333333,0.13793103448275862,0.0,0.0,1.0,0.0,0.0,1.0,0.0,1.0,0.0,0.0,0.0,0.0,1.0,0.0,0.0,0.0,0.0,1.0,0.0,0.0,0.0,0.0,0.0,1.0,0.0,0.0,1.0,0.0
0.09523809523809518,0.3517191977077364,0.03571428571428571,0.0,0.6666666666666667,1.0,0.6666666666666667,0.0,1.0,0.0972257898792705,0.6908251355149568,0.0,0.2142857142857143,0.0,0.6666666666666667,0.3333333333333333,0.10526315789473684,0.3333333333333333,0.6666666666666667,0.1111111111111111,0.06896551724137931,0.26666666666666666,0.06896551724137931,0.0,0.0,1.0,0.0,1.0,0.0,0.0,0.0,0.0,0.0,0.0,1.0,0.0,1.0,0.0,0.0,1.0,0.0,0.0,0.0,0.0,0.0,0.0,0.0,1.0,0.0,1.0,0.0
0.6666666666666665,0.21704871060171918,0.07142857142857142,0.0,0.0,0.31428571428571433,0.6666666666666667,0.75,0.6666666666666667,1.0,0.5421401325035133,0.3333333333333333,0.0714285714285714,0.0,1.0,0.3333333333333333,0.8070175438596491,0.5,0.6666666666666667,0.6666666666666666,0.6206896551724138,0.5333333333333333,0.6206896551724138,0.0,0.0,1.0,0.0,0.0,1.0,0.0,0.0,1.0,0.0,0.0,0.0,0.0,1.0,0.0,0.0,0.0,1.0,0.0,0.0,0.0,0.0,0.0,0.0,1.0,0.0,1.0,0.0
0.16666666666666669,0.37177650429799425,0.42857142857142855,0.0,0.3333333333333333,0.14285714285714285,0.6666666666666667,0.0,0.6666666666666667,0.06980477780631902,0.9749849427825737,0.1111111111111111,0.0,0.0,0.6666666666666667,0.0,0.24561403508771928,0.16666666666666666,0.6666666666666667,0.38888888888888884,0.27586206896551724,0.0,0.41379310344827586,0.0,0.0,1.0,0.0,0.0,1.0,0.0,0.0,0.0,1.0,0.0,0.0,0.0,1.0,0.0,0.0,0.0,0.0,0.0,0.0,0.0,0.0,1.0,0.0,1.0,0.0,1.0,0.0
0.5952380952380951,0.6432664756446991,0.2857142857142857,1.0,1.0,0.5999999999999999,0.6666666666666667,0.25,0.6666666666666667,0.29989725147701,0.7039951816904236,0.3333333333333333,0.1428571428571428,0.0,0.3333333333333333,0.3333333333333333,0.3508771929824561,0.5,0.6666666666666667,0.4444444444444444,0.48275862068965514,0.5333333333333333,0.48275862068965514,0.0,1.0,0.0,0.0,1.0,0.0,0.0,0.0,0.0,1.0,0.0,0.0,0.0,1.0,0.0,0.0,1.0,0.0,0.0,0.0,0.0,0.0,0.0,1.0,0.0,0.0,0.0,1.0
0.23809523809523808,0.7550143266475644,0.03571428571428571,0.75,0.0,0.7714285714285714,0.0,0.0,1.0,0.15765476496275366,0.9091748644850431,0.5555555555555556,0.1428571428571428,0.0,1.0,0.0,0.17543859649122806,0.6666666666666666,0.3333333333333333,0.16666666666666666,0.13793103448275862,0.26666666666666666,0.13793103448275862,0.0,0.0,1.0,0.0,1.0,0.0,0.0,0.0,0.0,1.0,0.0,0.0,0.0,1.0,0.0,0.0,0.0,0.0,0.0,0.0,1.0,0.0,0.0,0.0,1.0,0.0,0.0,1.0
0.7857142857142856,0.5229226361031518,0.0,0.5,0.6666666666666667,0.9428571428571428,0.6666666666666667,0.0,1.0,0.11006935525301825,0.8487050793013451,0.1111111111111111,0.0,0.0,0.3333333333333333,0.0,0.03508771929824561,0.0,0.3333333333333333,0.05555555555555555,0.0,0.0,0.0,0.0,0.0,1.0,0.0,1.0,0.0,0.0,1.0,0.0,0.0,0.0,0.0,0.0,1.0,0.0,0.0,0.0,0.0,0.0,0.0,1.0,0.0,0.0,0.0,1.0,0.0,1.0,0.0
0.5952380952380951,0.7012893982808023,0.9285714285714285,0.5,0.6666666666666667,0.7571428571428571,0.6666666666666667,0.5,0.0,0.6300410994091961,0.37908050592250553,0.8888888888888888,0.0,0.0,0.6666666666666667,0.3333333333333333,0.631578947368421,0.16666666666666666,0.6666666666666667,0.4444444444444444,0.48275862068965514,0.0,0.06896551724137931,0.0,1.0,0.0,0.0,1.0,0.0,0.0,1.0,0.0,0.0,0.0,0.0,1.0,0.0,0.0,0.0,0.0,0.0,1.0,0.0,0.0,0.0,0.0,0.0,1.0,0.0,1.0,0.0
0.5238095238095237,0.010744985673352442,0.4642857142857143,0.25,1.0,0.7714285714285714,0.6666666666666667,0.25,0.0,0.2331107115335217,0.3681188516362176,0.1111111111111111,0.2857142857142857,0.0,0.6666666666666667,0.3333333333333333,0.17543859649122806,0.3333333333333333,0.6666666666666667,0.2777777777777778,0.27586206896551724,0.13333333333333333,0.13793103448275862,0.0,0.0,1.0,0.0,0.0,1.0,0.0,1.0,0.0,0.0,0.0,0.0,1.0,0.0,0.0,0.0,0.0,0.0,0.0,0.0,0.0,1.0,0.0,0.0,1.0,0.0,1.0,0.0
0.21428571428571425,0.07306590257879655,0.3214285714285714,0.5,1.0,0.9714285714285713,0.3333333333333333,0.25,1.0,0.3056768558951965,0.20100381449508128,0.1111111111111111,0.0,0.0,1.0,0.0,0.21052631578947367,0.5,0.6666666666666667,0.3333333333333333,0.13793103448275862,0.5333333333333333,0.27586206896551724,0.0,0.0,1.0,0.0,0.0,1.0,0.0,0.0,1.0,0.0,0.0,0.0,1.0,0.0,0.0,0.0,0.0,0.0,0.0,0.0,0.0,1.0,0.0,0.0,1.0,0.0,0.0,1.0
0.42857142857142855,0.7987106017191976,0.2857142857142857,0.75,0.6666666666666667,0.7428571428571429,0.3333333333333333,0.0,0.0,0.15399434883123556,0.19642642039751054,0.7777777777777777,0.8571428571428571,1.0,0.3333333333333333,0.0,0.3508771929824561,0.6666666666666666,0.6666666666666667,0.2777777777777778,0.20689655172413793,0.0,0.20689655172413793,0.0,0.0,1.0,0.0,0.0,1.0,0.0,1.0,0.0,0.0,0.0,0.0,0.0,1.0,0.0,0.0,0.0,0.0,0.0,0.0,0.0,0.0,1.0,0.0,0.0,1.0,1.0,0.0
0.2619047619047619,0.42335243553008595,0.0,0.5,1.0,0.8142857142857143,0.3333333333333333,0.75,1.0,0.9706524531209864,0.053362778558522395,0.3333333333333333,0.2142857142857143,0.0,0.3333333333333333,0.6666666666666666,0.3157894736842105,0.3333333333333333,0.3333333333333333,0.38888888888888884,0.48275862068965514,0.13333333333333333,0.48275862068965514,0.0,0.0,1.0,0.0,1.0,0.0,0.0,1.0,0.0,0.0,0.0,0.0,1.0,0.0,0.0,0.0,0.0,0.0,0.0,1.0,0.0,0.0,0.0,1.0,0.0,0.0,1.0,0.0
0.6428571428571428,0.3194842406876791,0.25,0.75,1.0,0.6428571428571428,0.6666666666666667,0.25,1.0,0.1726175186231698,0.28845613330656494,1.0,0.2142857142857143,0.0,0.0,0.6666666666666666,0.42105263157894735,0.5,0.6666666666666667,0.5555555555555556,0.6206896551724138,1.0,0.5517241379310345,0.0,0.0,1.0,0.0,1.0,0.0,0.0,0.0,0.0,0.0,1.0,0.0,0.0,1.0,0.0,0.0,0.0,0.0,0.0,0.0,1.0,0.0,0.0,0.0,1.0,0.0,1.0,0.0
0.11904761904761901,0.28939828080229224,0.6785714285714285,0.0,0.0,0.9571428571428571,0.6666666666666667,0.25,0.6666666666666667,0.08110711533521706,0.9121863079702871,0.0,0.2142857142857143,0.0,0.3333333333333333,0.0,0.17543859649122806,0.3333333333333333,0.6666666666666667,0.2222222222222222,0.20689655172413793,0.13333333333333333,0.13793103448275862,0.0,0.0,1.0,0.0,1.0,0.0,0.0,1.0,0.0,0.0,0.0,0.0,0.0,1.0,0.0,0.0,1.0,0.0,0.0,0.0,0.0,0.0,0.0,0.0,0.0,1.0,1.0,0.0
0.380952380952381,0.40544412607449853,0.0,0.5,1.0,0.9571428571428571,0.3333333333333333,0.25,0.0,0.27832006164911377,0.9500501907247539,0.0,0.6428571428571427,1.0,0.6666666666666667,0.0,0.49122807017543857,0.5,0.6666666666666667,0.7222222222222222,0.6206896551724138,0.5333333333333333,0.6206896551724138,0.0,1.0,0.0,0.0,1.0,0.0,0.0,0.0,0.0,1.0,0.0,0.0,0.0,1.0,1.0,0.0,0.0,0.0,0.0,0.0,0.0,0.0,0.0,0.0,0.0,1.0,1.0,0.0
0.02380952380952378,0.14326647564469913,0.03571428571428571,0.5,0.3333333333333333,0.24285714285714283,0.3333333333333333,0.0,1.0,0.005972257898792702,0.2869704878538446,0.1111111111111111,0.7857142857142857,1.0,0.6666666666666667,0.0,0.03508771929824561,0.5,0.3333333333333333,0.05555555555555555,0.0,0.13333333333333333,0.0,0.0,0.0,1.0,0.0,1.0,0.0,0.0,1.0,0.0,0.0,0.0,0.0,0.0,1.0,0.0,0.0,1.0,0.0,0.0,0.0,0.0,0.0,0.0,0.0,0.0,1.0,1.0,0.0
0.6190476190476188,0.3710601719197708,0.5,0.5,0.0,0.6142857142857143,0.6666666666666667,0.5,1.0,0.4475340354482404,0.48106805862276647,0.1111111111111111,0.0,0.0,1.0,0.3333333333333333,0.3508771929824561,0.3333333333333333,0.6666666666666667,0.5555555555555556,0.48275862068965514,0.0,0.3448275862068966,0.0,0.0,1.0,0.0,1.0,0.0,0.0,0.0,0.0,1.0,0.0,0.0,1.0,0.0,1.0,0.0,0.0,0.0,0.0,0.0,0.0,0.0,0.0,0.0,1.0,0.0,1.0,0.0
0.6904761904761905,0.7636103151862463,0.4642857142857143,0.75,0.6666666666666667,0.4857142857142857,0.6666666666666667,0.25,0.3333333333333333,0.2862830721808374,0.001244729973900821,0.8888888888888888,0.4999999999999999,0.0,0.6666666666666667,0.3333333333333333,0.5614035087719298,0.6666666666666666,1.0,0.4444444444444444,0.48275862068965514,0.13333333333333333,0.48275862068965514,1.0,0.0,0.0,0.0,1.0,0.0,0.0,0.0,0.0,0.0,0.0,1.0,0.0,1.0,0.0,0.0,0.0,0.0,0.0,0.0,1.0,0.0,0.0,0.0,1.0,0.0,1.0,0.0
0.3095238095238095,0.08237822349570201,0.2142857142857143,0.5,0.3333333333333333,1.0,1.0,0.25,1.0,0.3801695350629335,0.4074282272636016,0.4444444444444444,0.0,0.0,0.3333333333333333,0.3333333333333333,0.3508771929824561,0.5,0.3333333333333333,0.4444444444444444,0.48275862068965514,0.9333333333333333,0.48275862068965514,0.0,0.0,1.0,0.0,0.0,1.0,0.0,0.0,0.0,0.0,0.0,1.0,0.0,1.0,0.0,0.0,0.0,0.0,0.0,0.0,0.0,1.0,0.0,0.0,1.0,0.0,1.0,0.0
0.6666666666666665,0.38323782234957016,0.0,0.5,0.6666666666666667,0.14285714285714285,0.3333333333333333,0.5,0.0,0.6206010788594913,0.04207990363380848,0.2222222222222222,0.1428571428571428,0.0,0.6666666666666667,0.3333333333333333,0.7368421052631579,0.8333333333333333,0.3333333333333333,0.5555555555555556,0.6206896551724138,1.0,0.3448275862068966,0.0,1.0,0.0,0.0,1.0,0.0,0.0,0.0,0.0,1.0,0.0,0.0,0.0,1.0,1.0,0.0,0.0,0.0,0.0,0.0,0.0,0.0,0.0,0.0,1.0,0.0,0.0,1.0
0.35714285714285715,0.010028653295128948,0.2857142857142857,0.5,0.0,0.42857142857142855,0.6666666666666667,0.0,1.0,0.1137939892114051,0.1693234290303152,0.0,0.1428571428571428,0.0,0.3333333333333333,0.3333333333333333,0.5263157894736842,0.8333333333333333,0.6666666666666667,0.7777777777777777,0.6896551724137931,0.5333333333333333,0.6896551724137931,0.0,0.0,1.0,0.0,1.0,0.0,0.0,0.0,0.0,1.0,0.0,0.0,0.0,1.0,0.0,0.0,0.0,0.0,0.0,0.0,1.0,0.0,0.0,0.0,1.0,0.0,1.0,0.0
0.4761904761904761,0.4290830945558739,0.0,0.75,0.0,0.4142857142857143,0.3333333333333333,0.25,1.0,0.4930002568713075,0.43509335474804256,0.4444444444444444,0.7857142857142857,1.0,0.6666666666666667,0.0,0.42105263157894735,0.3333333333333333,1.0,0.4444444444444444,0.20689655172413793,0.0,0.48275862068965514,0.0,0.0,1.0,0.0,0.0,1.0,0.0,1.0,0.0,0.0,0.0,0.0,1.0,0.0,0.0,0.0,0.0,0.0,0.0,0.0,0.0,1.0,0.0,0.0,0.0,1.0,1.0,0.0
0.42857142857142855,0.9262177650429799,0.14285714285714285,0.25,1.0,0.45714285714285713,0.6666666666666667,0.25,0.3333333333333333,0.3149884407911636,0.31523790403533425,0.8888888888888888,0.3571428571428571,0.0,1.0,0.0,0.5614035087719298,0.5,1.0,0.7222222222222222,0.7586206896551724,0.4,0.48275862068965514,0.0,0.0,1.0,0.0,1.0,0.0,0.0,1.0,0.0,0.0,0.0,0.0,0.0,1.0,0.0,0.0,1.0,0.0,0.0,0.0,0.0,0.0,0.0,0.0,0.0,1.0,1.0,0.0
0.6666666666666665,0.6361031518624641,0.0,0.25,1.0,0.2,0.6666666666666667,0.0,0.0,0.15502183406113537,0.837703272435254,0.6666666666666666,0.0714285714285714,0.0,0.6666666666666667,0.0,0.3508771929824561,0.5,1.0,0.38888888888888884,0.41379310344827586,0.6666666666666666,0.48275862068965514,0.0,0.0,1.0,1.0,0.0,0.0,0.0,1.0,0.0,0.0,0.0,0.0,1.0,0.0,0.0,1.0,0.0,0.0,0.0,0.0,0.0,0.0,0.0,0.0,0.0,1.0,1.0,0.0
0.5476190476190477,0.2464183381088825,0.14285714285714285,0.5,0.3333333333333333,0.7857142857142856,1.0,0.25,0.3333333333333333,0.3763806832776779,0.5394900622364986,0.3333333333333333,0.0714285714285714,0.0,0.0,0.0,0.38596491228070173,0.5,0.0,0.16666666666666666,0.13793103448275862,0.13333333333333333,0.13793103448275862,0.0,0.0,1.0,0.0,1.0,0.0,0.0,1.0,0.0,0.0,0.0,0.0,0.0,1.0,1.0,0.0,0.0,0.0,0.0,0.0,0.0,0.0,0.0,0.0,0.0,1.0,1.0,0.0
0.047619047619047616,0.3946991404011462,0.7142857142857143,0.5,0.6666666666666667,0.18571428571428567,1.0,0.0,1.0,0.10717955304392499,0.11869102589841396,0.1111111111111111,0.4285714285714285,0.0,1.0,0.0,0.07017543859649122,0.3333333333333333,0.6666666666666667,0.1111111111111111,0.06896551724137931,0.26666666666666666,0.13793103448275862,0.0,0.0,1.0,0.0,0.0,1.0,0.0,0.0,1.0,0.0,0.0,0.0,0.0,1.0,0.0,0.0,0.0,0.0,0.0,0.0,0.0,0.0,1.0,0.0,0.0,1.0,1.0,0.0
0.3095238095238095,0.6446991404011461,0.14285714285714285,0.5,0.0,0.3,0.6666666666666667,0.25,0.6666666666666667,0.47116619573593627,0.7568359767115037,0.1111111111111111,0.5714285714285713,0.0,0.6666666666666667,0.3333333333333333,0.21052631578947367,0.5,0.6666666666666667,0.2777777777777778,0.13793103448275862,0.0,0.13793103448275862,0.0,0.0,1.0,0.0,0.0,1.0,0.0,0.0,0.0,0.0,0.0,1.0,0.0,1.0,0.0,0.0,0.0,0.0,0.0,0.0,0.0,1.0,0.0,0.0,1.0,0.0,1.0,0.0
0.3095238095238095,0.6253581661891117,0.07142857142857142,0.25,0.6666666666666667,0.2571428571428572,0.6666666666666667,0.0,0.0,0.1320318520421269,0.07633005420598274,0.1111111111111111,0.1428571428571428,0.0,1.0,0.3333333333333333,0.14035087719298245,0.5,1.0,0.2222222222222222,0.13793103448275862,0.26666666666666666,0.20689655172413793,1.0,0.0,0.0,0.0,1.0,0.0,0.0,0.0,0.0,1.0,0.0,0.0,0.0,1.0,0.0,0.0,0.0,0.0,0.0,0.0,1.0,0.0,0.0,1.0,0.0,0.0,0.0,1.0
0.6666666666666665,0.9305157593123208,0.03571428571428571,0.5,0.6666666666666667,0.5571428571428572,0.6666666666666667,0.75,0.0,1.0,0.8834772134109616,0.8888888888888888,0.8571428571428571,1.0,0.0,0.0,0.9824561403508771,0.3333333333333333,0.6666666666666667,1.0,1.0,1.0,0.6206896551724138,0.0,0.0,1.0,0.0,0.0,1.0,0.0,0.0,1.0,0.0,0.0,0.0,1.0,0.0,0.0,0.0,0.0,1.0,0.0,0.0,0.0,0.0,0.0,0.0,1.0,0.0,1.0,0.0
0.8333333333333333,0.6926934097421203,0.07142857142857142,0.75,0.6666666666666667,0.21428571428571425,0.6666666666666667,0.75,0.6666666666666667,1.0,0.7597671150371411,0.3333333333333333,0.3571428571428571,0.0,1.0,1.0,0.7368421052631579,0.8333333333333333,0.3333333333333333,0.2777777777777778,0.20689655172413793,0.13333333333333333,0.20689655172413793,0.0,0.0,1.0,0.0,1.0,0.0,0.0,0.0,0.0,1.0,0.0,0.0,0.0,1.0,0.0,0.0,0.0,0.0,0.0,1.0,0.0,0.0,0.0,0.0,1.0,0.0,0.0,1.0
0.14285714285714285,0.17693409742120345,0.7142857142857143,0.25,0.6666666666666667,0.38571428571428573,0.3333333333333333,0.0,0.0,0.08264834318006678,0.3188917887974302,0.0,0.2142857142857143,0.0,0.3333333333333333,1.0,0.07017543859649122,0.5,0.6666666666666667,0.05555555555555555,0.06896551724137931,0.0,0.0,0.0,0.0,1.0,0.0,1.0,0.0,0.0,0.0,0.0,0.0,0.0,1.0,0.0,1.0,0.0,0.0,1.0,0.0,0.0,0.0,0.0,0.0,0.0,1.0,0.0,0.0,1.0,0.0
0.8095238095238095,0.8753581661891117,0.35714285714285715,0.75,1.0,0.7428571428571429,0.6666666666666667,0.25,0.6666666666666667,0.13742614949910095,0.7920899417787592,0.8888888888888888,0.6428571428571427,1.0,0.3333333333333333,0.3333333333333333,0.3157894736842105,0.5,0.6666666666666667,0.2777777777777778,0.13793103448275862,0.13333333333333333,0.27586206896551724,0.0,0.0,1.0,0.0,1.0,0.0,0.0,1.0,0.0,0.0,0.0,0.0,1.0,0.0,0.0,0.0,1.0,0.0,0.0,0.0,0.0,0.0,0.0,0.0,1.0,0.0,1.0,0.0
0.42857142857142855,0.9863896848137534,0.07142857142857142,0.25,1.0,0.0,0.6666666666666667,0.0,0.3333333333333333,0.06929103519136912,0.5206986548885766,0.4444444444444444,0.0714285714285714,0.0,0.6666666666666667,0.0,0.45614035087719296,0.5,0.3333333333333333,0.4444444444444444,0.48275862068965514,0.9333333333333333,0.13793103448275862,0.0,1.0,0.0,0.0,1.0,0.0,0.0,0.0,0.0,1.0,0.0,0.0,0.0,1.0,0.0,0.0,1.0,0.0,0.0,0.0,0.0,0.0,0.0,0.0,0.0,1.0,1.0,0.0
0.2619047619047619,0.9133237822349569,0.42857142857142855,0.25,1.0,0.2285714285714286,0.3333333333333333,0.25,0.3333333333333333,0.1936809658361161,0.8666934350532022,0.4444444444444444,0.1428571428571428,0.0,0.0,0.3333333333333333,0.3508771929824561,0.3333333333333333,0.6666666666666667,0.2222222222222222,0.20689655172413793,0.0,0.20689655172413793,0.0,0.0,1.0,0.0,1.0,0.0,0.0,0.0,0.0,0.0,1.0,0.0,0.0,1.0,0.0,0.0,1.0,0.0,0.0,0.0,0.0,0.0,0.0,0.0,1.0,0.0,0.0,1.0
0.23809523809523808,0.8574498567335244,0.5714285714285714,0.25,0.6666666666666667,0.7,0.6666666666666667,0.25,0.0,0.22790906755715384,0.4593856655290103,0.1111111111111111,0.0714285714285714,0.0,1.0,0.3333333333333333,0.3508771929824561,0.3333333333333333,0.6666666666666667,0.5555555555555556,0.0,0.13333333333333333,0.5517241379310345,0.0,0.0,1.0,0.0,1.0,0.0,0.0,0.0,0.0,1.0,0.0,0.0,0.0,1.0,0.0,0.0,1.0,0.0,0.0,0.0,0.0,0.0,0.0,1.0,0.0,0.0,1.0,0.0
0.5714285714285714,0.14111747851002865,0.03571428571428571,0.5,0.0,0.3714285714285714,0.6666666666666667,1.0,0.6666666666666667,1.0,0.6110419594458943,0.5555555555555556,0.0,0.0,0.0,0.0,0.8421052631578947,0.3333333333333333,0.3333333333333333,1.0,0.41379310344827586,0.5333333333333333,0.9655172413793103,0.0,0.0,1.0,0.0,1.0,0.0,0.0,1.0,0.0,0.0,0.0,0.0,0.0,1.0,0.0,0.0,0.0,1.0,0.0,0.0,0.0,0.0,0.0,0.0,1.0,0.0,1.0,0.0
0.07142857142857145,0.2851002865329513,0.14285714285714285,0.0,0.6666666666666667,0.39999999999999997,0.6666666666666667,0.0,0.0,0.08804264063704084,0.9389680786990563,0.1111111111111111,0.0,0.0,1.0,0.0,0.07017543859649122,1.0,0.6666666666666667,0.1111111111111111,0.13793103448275862,0.13333333333333333,0.13793103448275862,0.0,0.0,1.0,0.0,0.0,1.0,0.0,0.0,0.0,1.0,0.0,0.0,0.0,1.0,0.0,0.0,0.0,0.0,0.0,0.0,0.0,0.0,1.0,0.0,0.0,1.0,0.0,1.0
0.8095238095238095,0.44412607449856734,0.25,0.75,0.6666666666666667,0.7857142857142856,0.3333333333333333,0.25,0.3333333333333333,0.2525044952478808,0.6285083316603092,0.2222222222222222,0.2857142857142857,0.0,0.0,0.0,0.38596491228070173,0.5,0.3333333333333333,0.4444444444444444,0.13793103448275862,0.9333333333333333,0.48275862068965514,0.0,0.0,1.0,0.0,1.0,0.0,0.0,0.0,0.0,1.0,0.0,0.0,0.0,1.0,0.0,0.0,0.0,0.0,0.0,0.0,1.0,0.0,0.0,0.0,1.0,0.0,1.0,0.0
0.09523809523809518,0.35888252148997135,0.17857142857142855,0.0,0.0,0.5571428571428572,0.6666666666666667,0.0,0.6666666666666667,0.11328024659645516,0.4035735796024894,0.0,0.6428571428571427,1.0,1.0,0.0,0.10526315789473684,0.5,0.6666666666666667,0.1111111111111111,0.13793103448275862,0.26666666666666666,0.13793103448275862,0.0,0.0,1.0,0.0,1.0,0.0,0.0,0.0,0.0,1.0,0.0,0.0,0.0,1.0,0.0,0.0,0.0,0.0,0.0,0.0,1.0,0.0,0.0,0.0,1.0,0.0,1.0,0.0
0.380952380952381,0.4255014326647565,0.07142857142857142,0.75,0.6666666666666667,0.14285714285714285,0.3333333333333333,0.0,1.0,0.12650911893141537,0.8184701867094961,0.3333333333333333,0.4285714285714285,0.0,1.0,1.0,0.21052631578947367,0.3333333333333333,0.6666666666666667,0.0,0.0,0.0,0.0,1.0,0.0,0.0,0.0,1.0,0.0,0.0,1.0,0.0,0.0,0.0,0.0,0.0,1.0,0.0,0.0,0.0,0.0,0.0,0.0,1.0,0.0,0.0,0.0,1.0,0.0,1.0,0.0
0.42857142857142855,0.16189111747851004,0.5357142857142857,0.75,0.6666666666666667,0.9714285714285713,0.3333333333333333,0.25,0.0,0.2978422810172104,0.45773940975707694,0.4444444444444444,0.1428571428571428,0.0,0.0,0.6666666666666666,0.38596491228070173,0.5,0.3333333333333333,0.16666666666666666,0.13793103448275862,0.0,0.13793103448275862,0.0,0.0,1.0,0.0,0.0,1.0,0.0,0.0,1.0,0.0,0.0,0.0,1.0,0.0,0.0,0.0,0.0,0.0,0.0,0.0,0.0,1.0,0.0,0.0,1.0,0.0,1.0,0.0
0.35714285714285715,0.8409742120343839,0.5,0.0,0.3333333333333333,0.3714285714285714,0.6666666666666667,0.5,0.6666666666666667,0.809208836372977,0.9044368600682594,0.7777777777777777,0.0714285714285714,0.0,1.0,0.0,0.5263157894736842,0.3333333333333333,1.0,0.38888888888888884,0.41379310344827586,0.9333333333333333,0.48275862068965514,0.0,0.0,1.0,0.0,1.0,0.0,0.0,0.0,0.0,1.0,0.0,0.0,0.0,1.0,0.0,0.0,0.0,1.0,0.0,0.0,0.0,0.0,0.0,0.0,1.0,0.0,0.0,1.0
0.09523809523809518,0.8073065902578797,0.0,0.25,1.0,0.04285714285714287,0.3333333333333333,0.25,1.0,0.2418443359876702,0.6846817908050592,0.6666666666666666,0.7857142857142857,1.0,0.0,0.6666666666666666,0.14035087719298245,0.3333333333333333,0.0,0.1111111111111111,0.13793103448275862,0.26666666666666666,0.13793103448275862,0.0,0.0,1.0,0.0,1.0,0.0,0.0,1.0,0.0,0.0,0.0,0.0,0.0,1.0,0.0,0.0,0.0,0.0,1.0,0.0,0.0,0.0,0.0,0.0,1.0,0.0,1.0,0.0
0.9047619047619047,0.4405444126074498,0.10714285714285714,0.75,1.0,0.8857142857142857,0.6666666666666667,1.0,0.0,1.0,0.6617546677374021,0.4444444444444444,0.1428571428571428,0.0,1.0,0.3333333333333333,0.9824561403508771,0.3333333333333333,0.6666666666666667,0.2777777777777778,0.13793103448275862,0.5333333333333333,0.13793103448275862,0.0,0.0,1.0,0.0,1.0,0.0,0.0,0.0,0.0,0.0,0.0,1.0,1.0,0.0,0.0,0.0,0.0,1.0,0.0,0.0,0.0,0.0,0.0,1.0,0.0,0.0,1.0,0.0
0.2619047619047619,0.8782234957020056,0.2142857142857143,0.5,0.6666666666666667,0.7428571428571429,0.6666666666666667,0.25,1.0,0.3605188800410994,0.08472194338486247,0.1111111111111111,0.0,0.0,0.3333333333333333,0.6666666666666666,0.21052631578947367,0.3333333333333333,0.6666666666666667,0.3333333333333333,0.0,0.13333333333333333,0.0,0.0,0.0,1.0,0.0,1.0,0.0,0.0,1.0,0.0,0.0,0.0,0.0,0.0,1.0,1.0,0.0,0.0,0.0,0.0,0.0,0.0,0.0,0.0,1.0,0.0,0.0,0.0,1.0
0.42857142857142855,0.5594555873925501,0.0,0.75,0.3333333333333333,0.6142857142857143,0.6666666666666667,0.25,0.6666666666666667,0.37284870279989724,0.777072876932343,0.6666666666666666,0.1428571428571428,0.0,0.0,0.0,0.5263157894736842,0.8333333333333333,0.6666666666666667,0.05555555555555555,0.0,0.0,0.0,0.0,0.0,1.0,0.0,0.0,1.0,0.0,1.0,0.0,0.0,0.0,0.0,1.0,0.0,0.0,0.0,0.0,0.0,0.0,0.0,0.0,1.0,0.0,0.0,0.0,1.0,1.0,0.0
0.380952380952381,0.813753581661891,0.42857142857142855,0.75,1.0,0.12857142857142861,0.6666666666666667,0.5,0.6666666666666667,0.48927562291292065,0.8359767115037141,0.1111111111111111,0.4999999999999999,0.0,0.6666666666666667,0.3333333333333333,0.3157894736842105,0.3333333333333333,0.3333333333333333,0.4444444444444444,0.48275862068965514,0.13333333333333333,0.06896551724137931,0.0,0.0,1.0,0.0,0.0,1.0,0.0,0.0,0.0,1.0,0.0,0.0,0.0,1.0,0.0,0.0,0.0,0.0,0.0,0.0,0.0,1.0,0.0,1.0,0.0,0.0,1.0,0.0
0.380952380952381,0.40257879656160456,0.17857142857142855,0.75,0.0,0.1571428571428572,0.6666666666666667,0.25,0.6666666666666667,0.2440277421012073,0.41710499899618547,0.1111111111111111,0.2142857142857143,0.0,0.6666666666666667,0.0,0.5614035087719298,0.5,0.6666666666666667,0.8888888888888888,0.896551724137931,0.26666666666666666,0.6896551724137931,0.0,0.0,1.0,0.0,1.0,0.0,0.0,0.0,0.0,0.0,1.0,0.0,1.0,0.0,0.0,0.0,0.0,0.0,0.0,0.0,1.0,0.0,0.0,0.0,0.0,1.0,1.0,0.0
0.7619047619047619,0.6346704871060171,0.2142857142857143,0.25,0.3333333333333333,0.18571428571428567,0.3333333333333333,1.0,0.6666666666666667,1.0,0.5865087331861072,0.5555555555555556,0.0714285714285714,0.0,1.0,0.3333333333333333,1.0,0.3333333333333333,0.3333333333333333,1.0,0.20689655172413793,1.0,0.5517241379310345,0.0,0.0,1.0,0.0,1.0,0.0,0.0,0.0,0.0,1.0,0.0,0.0,1.0,0.0,0.0,0.0,0.0,0.0,0.0,1.0,0.0,0.0,0.0,1.0,0.0,0.0,0.0,1.0
0.4761904761904761,0.5730659025787965,0.03571428571428571,0.5,0.6666666666666667,0.7285714285714284,0.6666666666666667,0.25,0.3333333333333333,0.24698176213716927,0.22320819112627985,0.4444444444444444,0.0,0.0,0.0,0.6666666666666666,0.24561403508771928,0.3333333333333333,0.6666666666666667,0.2777777777777778,0.13793103448275862,0.13333333333333333,0.27586206896551724,0.0,0.0,1.0,0.0,1.0,0.0,0.0,0.0,0.0,1.0,0.0,0.0,0.0,1.0,0.0,0.0,0.0,0.0,1.0,0.0,0.0,0.0,0.0,0.0,1.0,0.0,1.0,0.0
0.28571428571428564,0.4563037249283667,0.0,0.5,0.3333333333333333,0.4857142857142857,0.3333333333333333,0.25,0.0,0.559016182892371,0.12965268018470186,0.1111111111111111,0.0,0.0,1.0,0.3333333333333333,0.3508771929824561,0.6666666666666666,0.6666666666666667,0.5555555555555556,0.5517241379310345,0.8,0.48275862068965514,0.0,0.0,1.0,0.0,0.0,1.0,0.0,1.0,0.0,0.0,0.0,0.0,0.0,1.0,0.0,0.0,0.0,0.0,0.0,0.0,0.0,1.0,0.0,0.0,1.0,0.0,1.0,0.0
0.6190476190476188,0.7134670487106016,0.14285714285714285,0.5,0.3333333333333333,0.8285714285714285,0.6666666666666667,1.0,0.3333333333333333,1.0,0.2672957237502509,0.7777777777777777,0.0,0.0,0.6666666666666667,0.3333333333333333,0.9122807017543859,0.8333333333333333,0.6666666666666667,1.0,0.6206896551724138,0.4,0.6896551724137931,0.0,0.0,1.0,0.0,0.0,1.0,0.0,0.0,1.0,0.0,0.0,0.0,0.0,1.0,0.0,0.0,0.0,1.0,0.0,0.0,0.0,0.0,0.0,0.0,1.0,0.0,1.0,0.0
0.7142857142857142,0.18767908309455586,0.10714285714285714,1.0,0.6666666666666667,0.8428571428571427,0.3333333333333333,0.75,1.0,0.9114436167480093,0.14085524994980927,0.2222222222222222,0.9999999999999999,1.0,0.3333333333333333,0.3333333333333333,0.8070175438596491,0.5,0.6666666666666667,0.1111111111111111,0.13793103448275862,0.26666666666666666,0.13793103448275862,0.0,1.0,0.0,0.0,1.0,0.0,0.0,0.0,0.0,1.0,0.0,0.0,0.0,1.0,0.0,0.0,0.0,1.0,0.0,0.0,0.0,0.0,0.0,0.0,1.0,0.0,1.0,0.0
0.9523809523809523,0.7464183381088825,0.2857142857142857,0.5,0.3333333333333333,0.6428571428571428,0.3333333333333333,0.0,0.3333333333333333,0.1500770613922425,0.39265207789600476,0.4444444444444444,0.6428571428571427,1.0,0.3333333333333333,0.3333333333333333,0.3157894736842105,0.5,0.3333333333333333,0.05555555555555555,0.0,0.0,0.0,0.0,0.0,1.0,0.0,1.0,0.0,0.0,0.0,0.0,1.0,0.0,0.0,1.0,0.0,0.0,0.0,0.0,0.0,0.0,0.0,1.0,0.0,0.0,0.0,1.0,0.0,0.0,1.0
0.2619047619047619,0.46060171919770765,0.03571428571428571,0.5,1.0,0.4428571428571429,0.6666666666666667,0.25,0.6666666666666667,0.2337528898022091,0.5956233688014455,0.1111111111111111,0.2142857142857143,0.0,0.0,0.3333333333333333,0.14035087719298245,0.5,0.3333333333333333,0.2222222222222222,0.20689655172413793,0.0,0.13793103448275862,1.0,0.0,0.0,0.0,0.0,1.0,0.0,1.0,0.0,0.0,0.0,0.0,0.0,1.0,0.0,0.0,0.0,0.0,0.0,0.0,0.0,1.0,0.0,0.0,1.0,0.0,1.0,0.0
0.380952380952381,0.11103151862464183,0.7142857142857143,0.75,1.0,0.6285714285714286,1.0,0.25,1.0,0.27793475468790135,0.7158000401525798,0.1111111111111111,0.0714285714285714,0.0,1.0,0.0,0.3508771929824561,0.5,0.6666666666666667,0.5555555555555556,0.48275862068965514,0.6666666666666666,0.48275862068965514,0.0,0.0,1.0,0.0,0.0,1.0,0.0,1.0,0.0,0.0,0.0,0.0,0.0,1.0,0.0,0.0,0.0,0.0,0.0,0.0,0.0,1.0,0.0,0.0,0.0,1.0,1.0,0.0
0.21428571428571425,0.8409742120343839,0.25,1.0,0.0,0.8142857142857143,0.0,0.0,0.6666666666666667,0.2319547906498844,0.15157598875727765,0.1111111111111111,0.5714285714285713,0.0,1.0,1.0,0.10526315789473684,0.6666666666666666,0.6666666666666667,0.16666666666666666,0.13793103448275862,0.13333333333333333,0.13793103448275862,1.0,0.0,0.0,0.0,1.0,0.0,0.0,1.0,0.0,0.0,0.0,0.0,0.0,1.0,0.0,0.0,1.0,0.0,0.0,0.0,0.0,0.0,0.0,0.0,1.0,0.0,1.0,0.0
0.5714285714285714,0.25716332378223494,0.4642857142857143,0.25,0.6666666666666667,0.5428571428571429,0.3333333333333333,0.25,0.6666666666666667,0.3361803236578474,0.23007428227263602,0.7777777777777777,0.4285714285714285,0.0,0.0,0.0,0.3508771929824561,1.0,0.6666666666666667,0.2777777777777778,0.27586206896551724,0.0,0.20689655172413793,0.0,0.0,1.0,0.0,0.0,1.0,0.0,0.0,0.0,1.0,0.0,0.0,1.0,0.0,0.0,0.0,0.0,0.0,0.0,0.0,0.0,1.0,0.0,0.0,0.0,1.0,1.0,0.0
0.5476190476190477,0.7858166189111747,0.75,0.5,1.0,0.6428571428571428,0.6666666666666667,0.25,1.0,0.2862830721808374,0.47616944388676974,0.3333333333333333,0.2142857142857143,0.0,0.0,0.6666666666666666,0.42105263157894735,0.6666666666666666,0.3333333333333333,0.3333333333333333,0.13793103448275862,0.4,0.20689655172413793,0.0,1.0,0.0,0.0,1.0,0.0,0.0,1.0,0.0,0.0,0.0,0.0,1.0,0.0,0.0,0.0,0.0,0.0,0.0,0.0,1.0,0.0,0.0,1.0,0.0,0.0,0.0,1.0
0.4523809523809524,0.7779369627507163,0.07142857142857142,0.5,0.6666666666666667,0.8142857142857143,0.6666666666666667,0.5,1.0,0.4122142306704341,0.4983738205179683,0.2222222222222222,0.0714285714285714,0.0,0.0,0.0,0.42105263157894735,0.5,0.6666666666666667,0.2777777777777778,0.20689655172413793,0.13333333333333333,0.20689655172413793,0.0,0.0,1.0,0.0,0.0,1.0,0.0,1.0,0.0,0.0,0.0,0.0,0.0,1.0,0.0,0.0,0.0,0.0,0.0,0.0,0.0,1.0,0.0,0.0,0.0,1.0,1.0,0.0
0.16666666666666669,0.7994269340974212,0.10714285714285714,0.0,1.0,0.02857142857142858,0.6666666666666667,0.0,1.0,0.17223221166195735,0.10082312788596667,0.1111111111111111,0.2857142857142857,0.0,0.3333333333333333,0.3333333333333333,0.24561403508771928,0.5,1.0,0.38888888888888884,0.48275862068965514,0.6666666666666666,0.41379310344827586,0.0,0.0,1.0,0.0,1.0,0.0,0.0,0.0,0.0,0.0,0.0,1.0,0.0,1.0,0.0,0.0,1.0,0.0,0.0,0.0,0.0,0.0,0.0,0.0,1.0,0.0,0.0,1.0
0.35714285714285715,0.747134670487106,0.8571428571428571,0.5,0.3333333333333333,0.7428571428571429,0.6666666666666667,0.25,0.6666666666666667,0.22668892884664782,0.11286890182694237,0.1111111111111111,0.0714285714285714,0.0,0.0,0.3333333333333333,0.3508771929824561,0.5,0.3333333333333333,0.5555555555555556,0.48275862068965514,0.0,0.06896551724137931,0.0,1.0,0.0,0.0,0.0,1.0,0.0,0.0,0.0,1.0,0.0,0.0,1.0,0.0,0.0,0.0,0.0,0.0,0.0,0.0,0.0,1.0,0.0,0.0,1.0,0.0,1.0,0.0
0.3333333333333333,0.7091690544412607,0.17857142857142855,0.75,0.3333333333333333,0.8142857142857143,0.6666666666666667,0.25,0.6666666666666667,0.2569355253018238,0.8916683396908252,0.1111111111111111,0.3571428571428571,0.0,0.0,0.0,0.42105263157894735,0.0,0.6666666666666667,0.611111111111111,0.5517241379310345,0.6666666666666666,0.48275862068965514,0.0,0.0,1.0,0.0,0.0,1.0,0.0,0.0,0.0,1.0,0.0,0.0,0.0,1.0,0.0,0.0,0.0,0.0,0.0,0.0,0.0,1.0,0.0,0.0,0.0,1.0,1.0,0.0
0.42857142857142855,0.5365329512893983,0.14285714285714285,0.75,0.3333333333333333,0.7428571428571429,0.3333333333333333,0.0,0.0,0.15476496275366042,0.4407950210801044,1.0,0.2142857142857143,0.0,1.0,0.3333333333333333,0.21052631578947367,0.5,1.0,0.05555555555555555,0.06896551724137931,0.0,0.0,0.0,0.0,1.0,0.0,1.0,0.0,0.0,1.0,0.0,0.0,0.0,0.0,1.0,0.0,0.0,0.0,0.0,0.0,0.0,0.0,1.0,0.0,0.0,0.0,1.0,0.0,0.0,1.0
0.19047619047619052,0.9641833810888252,0.5357142857142857,0.75,0.0,0.21428571428571425,0.6666666666666667,0.0,0.3333333333333333,0.08759311584895968,0.48528407950210806,0.2222222222222222,0.1428571428571428,0.0,1.0,0.3333333333333333,0.17543859649122806,0.3333333333333333,0.6666666666666667,0.16666666666666666,0.13793103448275862,0.0,0.13793103448275862,0.0,0.0,1.0,0.0,1.0,0.0,0.0,0.0,0.0,1.0,0.0,0.0,0.0,1.0,0.0,0.0,1.0,0.0,0.0,0.0,0.0,0.0,0.0,1.0,0.0,0.0,0.0,1.0
0.5238095238095237,0.5594555873925501,0.5,0.5,0.0,0.7142857142857142,0.3333333333333333,0.5,0.6666666666666667,0.6053172360647316,0.9518570568159005,0.1111111111111111,0.1428571428571428,0.0,1.0,0.6666666666666666,0.631578947368421,0.3333333333333333,0.6666666666666667,1.0,1.0,1.0,0.8275862068965517,0.0,0.0,1.0,0.0,1.0,0.0,0.0,1.0,0.0,0.0,0.0,0.0,1.0,0.0,0.0,0.0,0.0,0.0,1.0,0.0,0.0,0.0,0.0,0.0,1.0,0.0,1.0,0.0
0.49999999999999994,0.6031518624641833,0.75,0.5,1.0,0.7428571428571429,0.6666666666666667,0.5,0.0,0.6338941690213202,0.1200160610319213,0.1111111111111111,0.1428571428571428,0.0,0.6666666666666667,0.0,0.7368421052631579,0.3333333333333333,0.6666666666666667,1.0,0.41379310344827586,0.26666666666666666,0.5517241379310345,0.0,1.0,0.0,0.0,1.0,0.0,0.0,0.0,0.0,1.0,0.0,0.0,1.0,0.0,0.0,0.0,0.0,0.0,1.0,0.0,0.0,0.0,0.0,0.0,0.0,1.0,0.0,1.0
0.7142857142857142,0.8302292263610315,0.0,0.75,0.0,0.07142857142857145,1.0,0.75,1.0,1.0,0.5645452720337282,0.2222222222222222,0.7857142857142857,1.0,0.6666666666666667,0.0,0.9473684210526315,0.5,0.3333333333333333,0.2777777777777778,0.27586206896551724,0.26666666666666666,0.06896551724137931,1.0,0.0,0.0,0.0,1.0,0.0,0.0,0.0,0.0,1.0,0.0,0.0,0.0,1.0,0.0,0.0,0.0,1.0,0.0,0.0,0.0,0.0,0.0,0.0,0.0,1.0,1.0,0.0
0.3333333333333333,0.14111747851002865,0.0,0.5,1.0,0.4428571428571429,0.6666666666666667,0.0,1.0,0.08380426406370409,0.2832362979321421,0.0,0.0714285714285714,0.0,0.3333333333333333,0.3333333333333333,0.14035087719298245,0.3333333333333333,0.6666666666666667,0.16666666666666666,0.0,0.0,0.13793103448275862,1.0,0.0,0.0,0.0,1.0,0.0,0.0,1.0,0.0,0.0,0.0,0.0,0.0,1.0,0.0,0.0,1.0,0.0,0.0,0.0,0.0,0.0,0.0,1.0,0.0,0.0,1.0,0.0
0.5952380952380951,0.5924068767908309,0.17857142857142855,0.5,0.0,0.6142857142857143,0.3333333333333333,0.25,0.6666666666666667,0.19727716414076546,0.7190925516964465,0.1111111111111111,0.2142857142857143,0.0,0.0,0.0,0.7017543859649122,0.5,0.0,1.0,0.48275862068965514,0.13333333333333333,0.5517241379310345,0.0,0.0,1.0,0.0,1.0,0.0,0.0,0.0,0.0,1.0,0.0,0.0,1.0,0.0,0.0,0.0,0.0,0.0,0.0,0.0,1.0,0.0,0.0,0.0,0.0,1.0,0.0,1.0
0.49999999999999994,0.07163323782234957,0.03571428571428571,0.5,0.0,0.7714285714285714,0.6666666666666667,0.75,1.0,0.7166709478551245,0.45986749648664926,0.7777777777777777,0.0,0.0,1.0,1.0,0.7368421052631579,0.6666666666666666,0.6666666666666667,1.0,0.48275862068965514,1.0,0.3448275862068966,0.0,1.0,0.0,0.0,1.0,0.0,0.0,1.0,0.0,0.0,0.0,0.0,0.0,1.0,1.0,0.0,0.0,0.0,0.0,0.0,0.0,0.0,0.0,1.0,0.0,0.0,1.0,0.0
0.047619047619047616,0.5501432664756447,0.17857142857142855,0.5,1.0,0.5142857142857142,0.3333333333333333,0.0,1.0,0.12310557410737222,0.710258984139731,0.1111111111111111,0.4999999999999999,0.0,0.3333333333333333,0.0,0.03508771929824561,0.8333333333333333,0.6666666666666667,0.05555555555555555,0.0,0.13333333333333333,0.0,0.0,1.0,0.0,0.0,1.0,0.0,0.0,1.0,0.0,0.0,0.0,0.0,1.0,0.0,0.0,0.0,1.0,0.0,0.0,0.0,0.0,0.0,0.0,0.0,0.0,1.0,0.0,1.0
0.49999999999999994,0.5673352435530086,0.14285714285714285,0.5,1.0,0.3714285714285714,0.6666666666666667,0.25,1.0,0.06916259953763165,0.049829351535836175,0.3333333333333333,0.2142857142857143,0.0,0.6666666666666667,0.3333333333333333,0.6666666666666666,1.0,1.0,0.05555555555555555,0.0,0.0,0.0,0.0,0.0,1.0,0.0,0.0,1.0,0.0,0.0,0.0,0.0,0.0,1.0,0.0,1.0,0.0,0.0,0.0,0.0,0.0,0.0,0.0,0.0,1.0,0.0,1.0,0.0,1.0,0.0
0.380952380952381,0.8717765042979942,0.6785714285714285,0.5,0.6666666666666667,0.8428571428571427,1.0,0.0,0.6666666666666667,0.1012072951451323,0.7849427825737804,0.0,0.4285714285714285,0.0,1.0,0.0,0.07017543859649122,0.8333333333333333,0.3333333333333333,0.05555555555555555,0.0,0.0,0.0,0.0,0.0,1.0,0.0,1.0,0.0,0.0,0.0,0.0,0.0,0.0,1.0,1.0,0.0,0.0,0.0,0.0,0.0,0.0,0.0,1.0,0.0,0.0,0.0,1.0,0.0,1.0,0.0
0.4761904761904761,0.09813753581661891,0.03571428571428571,0.75,0.0,0.6428571428571428,1.0,0.25,0.0,0.31922681736450037,0.9633005420598274,0.6666666666666666,0.0714285714285714,0.0,1.0,0.0,0.5964912280701754,0.3333333333333333,0.6666666666666667,0.8333333333333333,0.48275862068965514,0.5333333333333333,0.8275862068965517,0.0,1.0,0.0,0.0,1.0,0.0,0.0,1.0,0.0,0.0,0.0,0.0,1.0,0.0,0.0,0.0,0.0,0.0,1.0,0.0,0.0,0.0,0.0,0.0,0.0,1.0,0.0,1.0
0.23809523809523808,0.4706303724928367,0.03571428571428571,0.75,0.3333333333333333,0.7285714285714284,0.6666666666666667,0.25,0.3333333333333333,0.24210120729514512,0.06440473800441679,0.1111111111111111,0.6428571428571427,1.0,0.0,0.0,0.2807017543859649,0.3333333333333333,0.6666666666666667,0.4444444444444444,0.48275862068965514,0.9333333333333333,0.3448275862068966,0.0,0.0,1.0,0.0,0.0,1.0,0.0,0.0,1.0,0.0,0.0,0.0,1.0,0.0,0.0,0.0,0.0,0.0,0.0,0.0,0.0,1.0,0.0,0.0,1.0,0.0,0.0,1.0
0.23809523809523808,0.9319484240687679,0.5714285714285714,0.5,0.6666666666666667,0.02857142857142858,0.3333333333333333,0.0,1.0,0.08720780888774723,0.6699457940172656,0.5555555555555556,0.0714285714285714,0.0,0.0,0.3333333333333333,0.21052631578947367,0.3333333333333333,0.3333333333333333,0.2222222222222222,0.06896551724137931,0.0,0.20689655172413793,0.0,0.0,1.0,0.0,1.0,0.0,0.0,0.0,0.0,0.0,0.0,1.0,0.0,1.0,0.0,0.0,1.0,0.0,0.0,0.0,0.0,0.0,0.0,1.0,0.0,0.0,1.0,0.0
0.6428571428571428,0.6783667621776504,0.2857142857142857,0.75,0.3333333333333333,0.49999999999999994,0.3333333333333333,0.25,0.6666666666666667,0.29437451836629847,0.6374623569564345,0.1111111111111111,0.1428571428571428,0.0,1.0,0.3333333333333333,0.5263157894736842,0.3333333333333333,0.6666666666666667,0.8333333333333333,0.6896551724137931,0.5333333333333333,0.8275862068965517,1.0,0.0,0.0,0.0,0.0,1.0,0.0,1.0,0.0,0.0,0.0,0.0,1.0,0.0,0.0,0.0,0.0,0.0,0.0,0.0,0.0,1.0,0.0,0.0,1.0,0.0,1.0,0.0
0.19047619047619052,0.8452722063037249,0.0,0.5,0.6666666666666667,0.31428571428571433,0.3333333333333333,0.25,0.0,0.21095556126380682,0.36354145753864686,0.1111111111111111,0.0714285714285714,0.0,0.3333333333333333,0.0,0.24561403508771928,0.3333333333333333,0.6666666666666667,0.38888888888888884,0.48275862068965514,0.0,0.48275862068965514,0.0,1.0,0.0,0.0,0.0,1.0,0.0,0.0,0.0,1.0,0.0,0.0,0.0,1.0,0.0,0.0,0.0,0.0,0.0,0.0,0.0,1.0,0.0,0.0,0.0,1.0,1.0,0.0
0.42857142857142855,0.2335243553008596,0.03571428571428571,0.75,0.6666666666666667,0.32857142857142857,0.6666666666666667,0.25,0.3333333333333333,0.2826226560493193,0.009194940774944788,1.0,0.0,0.0,1.0,0.0,0.631578947368421,0.3333333333333333,0.6666666666666667,0.8888888888888888,0.9655172413793103,0.6666666666666666,0.8275862068965517,0.0,0.0,1.0,0.0,1.0,0.0,0.0,1.0,0.0,0.0,0.0,0.0,1.0,0.0,0.0,0.0,0.0,0.0,1.0,0.0,0.0,0.0,0.0,0.0,0.0,1.0,0.0,1.0
0.7142857142857142,0.5114613180515759,0.03571428571428571,0.0,0.3333333333333333,0.3714285714285714,1.0,0.25,0.3333333333333333,0.4566529668636013,0.6626380244930736,0.3333333333333333,0.0714285714285714,0.0,1.0,0.0,0.42105263157894735,0.5,0.6666666666666667,0.1111111111111111,0.13793103448275862,0.26666666666666666,0.13793103448275862,0.0,0.0,1.0,0.0,0.0,1.0,0.0,0.0,1.0,0.0,0.0,0.0,0.0,1.0,0.0,0.0,0.0,0.0,0.0,0.0,0.0,1.0,0.0,0.0,1.0,0.0,1.0,0.0
0.5952380952380951,0.981375358166189,0.25,0.75,0.6666666666666667,0.6285714285714286,0.6666666666666667,0.25,0.6666666666666667,0.22559722578987929,0.005340293113832564,0.4444444444444444,0.2142857142857143,0.0,1.0,0.0,0.2807017543859649,0.5,0.6666666666666667,0.2777777777777778,0.13793103448275862,0.0,0.13793103448275862,0.0,0.0,1.0,0.0,1.0,0.0,0.0,0.0,0.0,0.0,1.0,0.0,1.0,0.0,1.0,0.0,0.0,0.0,0.0,0.0,0.0,0.0,0.0,1.0,0.0,0.0,0.0,1.0
0.3095238095238095,0.6991404011461317,0.3214285714285714,0.25,0.6666666666666667,0.7999999999999998,0.6666666666666667,0.25,1.0,0.35795016696634985,0.7235896406344108,0.2222222222222222,0.0,0.0,1.0,0.3333333333333333,0.2807017543859649,0.3333333333333333,0.6666666666666667,0.2777777777777778,0.13793103448275862,0.13333333333333333,0.27586206896551724,0.0,0.0,1.0,0.0,0.0,1.0,0.0,0.0,0.0,1.0,0.0,0.0,1.0,0.0,0.0,0.0,0.0,0.0,0.0,0.0,0.0,1.0,0.0,1.0,0.0,0.0,0.0,1.0
0.380952380952381,0.45272206303724927,0.75,0.75,0.6666666666666667,0.7999999999999998,0.3333333333333333,0.25,1.0,0.30426406370408426,0.979803252358964,0.1111111111111111,0.2857142857142857,0.0,0.3333333333333333,0.0,0.5614035087719298,0.5,0.6666666666666667,0.8333333333333333,0.6896551724137931,0.8,0.7586206896551724,0.0,1.0,0.0,0.0,1.0,0.0,0.0,0.0,0.0,0.0,1.0,0.0,0.0,1.0,0.0,0.0,0.0,0.0,0.0,0.0,1.0,0.0,0.0,0.0,1.0,0.0,0.0,1.0
0.6904761904761905,0.2593123209169055,0.0,0.5,0.0,0.6285714285714286,0.6666666666666667,0.0,1.0,0.15482918058052916,0.3256775747841799,0.7777777777777777,0.0714285714285714,0.0,0.6666666666666667,0.3333333333333333,0.5964912280701754,0.3333333333333333,0.3333333333333333,0.3333333333333333,0.3448275862068966,0.13333333333333333,0.13793103448275862,0.0,0.0,1.0,0.0,1.0,0.0,0.0,0.0,0.0,0.0,0.0,1.0,0.0,1.0,0.0,0.0,0.0,0.0,0.0,0.0,1.0,0.0,0.0,0.0,1.0,0.0,1.0,0.0
0.380952380952381,0.1303724928366762,0.9999999999999999,0.5,0.3333333333333333,0.7999999999999998,0.6666666666666667,0.25,0.6666666666666667,0.2838427947598253,0.6182292712306766,0.4444444444444444,0.1428571428571428,0.0,0.0,0.6666666666666666,0.3508771929824561,0.16666666666666666,0.6666666666666667,0.4444444444444444,0.48275862068965514,0.9333333333333333,0.48275862068965514,0.0,0.0,1.0,0.0,1.0,0.0,0.0,0.0,0.0,1.0,0.0,0.0,0.0,1.0,0.0,0.0,1.0,0.0,0.0,0.0,0.0,0.0,0.0,0.0,1.0,0.0,1.0,0.0
0.4047619047619047,0.563753581661891,0.03571428571428571,0.5,1.0,0.9571428571428571,0.6666666666666667,0.0,1.0,0.06453891600308245,0.30487853844609514,0.1111111111111111,0.1428571428571428,0.0,0.0,0.0,0.07017543859649122,0.5,0.6666666666666667,0.1111111111111111,0.13793103448275862,0.26666666666666666,0.13793103448275862,0.0,0.0,1.0,0.0,0.0,1.0,0.0,0.0,1.0,0.0,0.0,0.0,1.0,0.0,0.0,0.0,0.0,0.0,0.0,0.0,0.0,0.0,1.0,0.0,1.0,0.0,1.0,0.0
0.4761904761904761,0.7027220630372493,0.9999999999999999,0.5,1.0,0.3428571428571428,0.6666666666666667,0.25,1.0,0.337272026714616,0.08395904436860069,0.3333333333333333,0.4999999999999999,0.0,0.0,0.3333333333333333,0.3157894736842105,0.5,0.0,0.38888888888888884,0.48275862068965514,0.13333333333333333,0.48275862068965514,0.0,0.0,1.0,0.0,1.0,0.0,0.0,0.0,0.0,0.0,0.0,1.0,0.0,1.0,0.0,0.0,0.0,0.0,1.0,0.0,0.0,0.0,0.0,0.0,1.0,0.0,1.0,0.0
0.11904761904761901,0.1934097421203438,0.0,0.25,1.0,0.24285714285714283,0.6666666666666667,0.0,0.6666666666666667,0.013742614949910095,0.5945392491467577,0.1111111111111111,0.7857142857142857,1.0,1.0,0.3333333333333333,0.03508771929824561,0.3333333333333333,0.6666666666666667,0.05555555555555555,0.0,0.0,0.06896551724137931,0.0,0.0,1.0,0.0,1.0,0.0,0.0,1.0,0.0,0.0,0.0,0.0,0.0,1.0,0.0,0.0,0.0,0.0,0.0,0.0,1.0,0.0,0.0,0.0,1.0,0.0,1.0,0.0
0.6190476190476188,0.585243553008596,0.8214285714285714,0.5,1.0,0.18571428571428567,0.6666666666666667,0.0,0.6666666666666667,0.13819676342152581,0.7157598875727765,0.3333333333333333,0.7857142857142857,1.0,1.0,0.3333333333333333,0.6666666666666666,0.0,0.0,0.05555555555555555,0.0,0.0,0.0,0.0,1.0,0.0,0.0,1.0,0.0,0.0,1.0,0.0,0.0,0.0,0.0,0.0,1.0,0.0,0.0,1.0,0.0,0.0,0.0,0.0,0.0,0.0,1.0,0.0,0.0,0.0,1.0
0.2619047619047619,0.2614613180515759,0.9642857142857143,0.75,1.0,0.6142857142857143,0.3333333333333333,0.0,0.0,0.1782686873876188,0.2567757478417988,0.1111111111111111,0.2142857142857143,0.0,0.3333333333333333,0.0,0.17543859649122806,0.5,0.0,0.2777777777777778,0.27586206896551724,0.0,0.27586206896551724,0.0,0.0,1.0,0.0,1.0,0.0,0.0,0.0,0.0,1.0,0.0,0.0,1.0,0.0,0.0,0.0,0.0,0.0,0.0,0.0,1.0,0.0,0.0,0.0,0.0,1.0,1.0,0.0
0.380952380952381,0.6217765042979942,0.0,0.5,1.0,0.4857142857142857,0.3333333333333333,0.5,0.6666666666666667,0.39005908040071924,0.4093153985143545,0.1111111111111111,0.2142857142857143,0.0,1.0,0.0,0.3508771929824561,0.5,0.6666666666666667,0.5555555555555556,0.6206896551724138,1.0,0.41379310344827586,0.0,0.0,1.0,0.0,0.0,1.0,0.0,0.0,0.0,0.0,0.0,1.0,0.0,1.0,0.0,0.0,0.0,0.0,0.0,0.0,0.0,1.0,0.0,0.0,1.0,0.0,0.0,1.0
0.42857142857142855,0.7177650429799427,0.8214285714285714,0.75,0.3333333333333333,0.24285714285714283,0.6666666666666667,0.25,0.3333333333333333,0.2995761623426663,0.19405741818911862,0.7777777777777777,0.2857142857142857,0.0,0.6666666666666667,0.3333333333333333,0.38596491228070173,0.5,0.6666666666666667,0.5,0.5517241379310345,0.0,0.5517241379310345,1.0,0.0,0.0,0.0,1.0,0.0,0.0,1.0,0.0,0.0,0.0,0.0,1.0,0.0,0.0,0.0,1.0,0.0,0.0,0.0,0.0,0.0,0.0,0.0,1.0,0.0,1.0,0.0
0.8809523809523809,0.05300859598853869,0.25,0.0,1.0,0.10000000000000003,0.3333333333333333,0.75,0.3333333333333333,0.8070896480863088,0.9435053202168239,0.1111111111111111,0.2857142857142857,0.0,1.0,0.3333333333333333,1.0,0.5,0.6666666666666667,1.0,0.6206896551724138,1.0,0.0,1.0,0.0,0.0,0.0,1.0,0.0,0.0,0.0,0.0,1.0,0.0,0.0,0.0,1.0,1.0,0.0,0.0,0.0,0.0,0.0,0.0,0.0,0.0,1.0,0.0,0.0,0.0,1.0
0.5952380952380951,0.3481375358166189,0.4642857142857143,0.25,0.3333333333333333,0.9142857142857141,0.6666666666666667,0.75,0.0,1.0,0.12471391286890182,0.6666666666666666,0.9285714285714285,1.0,0.6666666666666667,0.3333333333333333,0.7719298245614035,0.5,0.6666666666666667,0.2222222222222222,0.06896551724137931,0.13333333333333333,0.0,0.0,0.0,1.0,0.0,1.0,0.0,0.0,1.0,0.0,0.0,0.0,0.0,0.0,1.0,0.0,0.0,0.0,0.0,0.0,1.0,0.0,0.0,0.0,0.0,1.0,0.0,1.0,0.0
0.3333333333333333,0.8689111747851003,0.03571428571428571,0.25,1.0,0.11428571428571427,0.6666666666666667,0.25,0.6666666666666667,0.2561649113793989,0.009797229471993574,0.4444444444444444,0.2142857142857143,0.0,1.0,0.0,0.3508771929824561,0.3333333333333333,0.6666666666666667,0.4444444444444444,0.48275862068965514,0.0,0.48275862068965514,0.0,1.0,0.0,0.0,1.0,0.0,0.0,1.0,0.0,0.0,0.0,0.0,1.0,0.0,0.0,0.0,0.0,0.0,0.0,0.0,1.0,0.0,0.0,0.0,0.0,1.0,0.0,1.0
0.3333333333333333,0.8703438395415473,0.3214285714285714,0.75,1.0,0.7,0.6666666666666667,0.25,1.0,0.23368867197534038,0.9628990162617949,0.8888888888888888,0.1428571428571428,0.0,0.6666666666666667,0.0,0.14035087719298245,0.3333333333333333,1.0,0.0,0.0,0.0,0.0,0.0,1.0,0.0,0.0,0.0,1.0,0.0,0.0,1.0,0.0,0.0,0.0,0.0,1.0,0.0,0.0,0.0,0.0,0.0,0.0,0.0,1.0,0.0,0.0,0.0,1.0,1.0,0.0
0.16666666666666669,0.5587392550143266,0.8928571428571428,0.0,0.6666666666666667,0.02857142857142858,0.6666666666666667,0.25,1.0,0.3320703827382481,0.8316803854647661,0.1111111111111111,0.8571428571428571,1.0,0.3333333333333333,0.0,0.21052631578947367,0.8333333333333333,0.3333333333333333,0.3333333333333333,0.3448275862068966,0.13333333333333333,0.27586206896551724,0.0,0.0,1.0,0.0,0.0,1.0,0.0,0.0,0.0,1.0,0.0,0.0,1.0,0.0,0.0,0.0,0.0,0.0,0.0,0.0,0.0,1.0,0.0,0.0,0.0,1.0,1.0,0.0
0.4523809523809524,0.40902578796561606,0.42857142857142855,0.5,0.0,0.24285714285714283,0.6666666666666667,0.25,1.0,0.2103776008219882,0.037622967275647456,0.1111111111111111,0.4285714285714285,0.0,0.0,0.0,0.3508771929824561,0.3333333333333333,0.6666666666666667,0.5555555555555556,0.5517241379310345,0.4,0.48275862068965514,0.0,0.0,1.0,0.0,1.0,0.0,0.0,0.0,0.0,1.0,0.0,0.0,0.0,1.0,0.0,0.0,0.0,0.0,0.0,0.0,1.0,0.0,0.0,0.0,1.0,0.0,1.0,0.0
0.6428571428571428,0.6095988538681948,0.03571428571428571,0.25,0.3333333333333333,0.2285714285714286,0.0,0.25,0.6666666666666667,0.36109684048291807,0.4133306564946798,0.0,0.1428571428571428,0.0,0.0,0.0,0.3157894736842105,0.5,0.6666666666666667,0.4444444444444444,0.48275862068965514,0.4,0.06896551724137931,0.0,0.0,1.0,0.0,0.0,1.0,0.0,0.0,0.0,0.0,0.0,1.0,0.0,1.0,0.0,0.0,0.0,0.0,0.0,0.0,0.0,0.0,1.0,0.0,0.0,1.0,1.0,0.0
0.35714285714285715,0.7843839541547277,0.0,0.75,0.6666666666666667,1.0,0.3333333333333333,0.0,0.0,0.11494991009504238,0.0499899618550492,0.3333333333333333,0.0,0.0,0.3333333333333333,0.0,0.21052631578947367,0.16666666666666666,0.6666666666666667,0.16666666666666666,0.13793103448275862,0.0,0.13793103448275862,0.0,0.0,1.0,0.0,1.0,0.0,0.0,0.0,0.0,0.0,1.0,0.0,0.0,1.0,0.0,0.0,0.0,0.0,0.0,0.0,1.0,0.0,0.0,0.0,0.0,1.0,0.0,1.0
0.3095238095238095,0.26361031518624645,0.10714285714285714,0.5,0.0,0.45714285714285713,1.0,0.0,0.6666666666666667,0.19066272797328537,0.5596065047179282,0.8888888888888888,0.0714285714285714,0.0,0.3333333333333333,0.3333333333333333,0.14035087719298245,0.0,0.3333333333333333,0.1111111111111111,0.13793103448275862,0.26666666666666666,0.13793103448275862,0.0,0.0,1.0,0.0,1.0,0.0,0.0,0.0,0.0,1.0,0.0,0.0,1.0,0.0,0.0,0.0,1.0,0.0,0.0,0.0,0.0,0.0,0.0,1.0,0.0,0.0,1.0,0.0
0.19047619047619052,0.48137535816618904,0.9999999999999999,0.25,0.0,0.21428571428571425,0.6666666666666667,0.25,0.6666666666666667,0.2117261751862317,0.08725155591246736,0.5555555555555556,0.0714285714285714,0.0,0.0,0.6666666666666666,0.2807017543859649,0.8333333333333333,0.6666666666666667,0.0,0.0,0.0,0.0,0.0,0.0,1.0,0.0,0.0,1.0,0.0,0.0,0.0,1.0,0.0,0.0,0.0,1.0,0.0,0.0,0.0,0.0,0.0,0.0,0.0,1.0,0.0,1.0,0.0,0.0,1.0,0.0
0.6666666666666665,0.5343839541547277,0.8928571428571428,0.25,0.3333333333333333,0.9714285714285713,0.3333333333333333,0.25,0.3333333333333333,0.44836886719753405,0.9264003212206383,0.8888888888888888,0.2857142857142857,0.0,0.6666666666666667,0.0,0.21052631578947367,0.5,0.6666666666666667,0.1111111111111111,0.13793103448275862,0.26666666666666666,0.13793103448275862,1.0,0.0,0.0,0.0,0.0,1.0,0.0,1.0,0.0,0.0,0.0,0.0,0.0,1.0,0.0,0.0,0.0,0.0,0.0,0.0,0.0,1.0,0.0,0.0,0.0,1.0,1.0,0.0
0.2619047619047619,0.21848137535816617,0.7857142857142857,0.0,1.0,0.21428571428571425,0.3333333333333333,0.5,0.0,0.40630619059851014,0.3641035936558924,0.1111111111111111,0.1428571428571428,0.0,0.0,0.3333333333333333,0.38596491228070173,0.5,0.0,0.611111111111111,0.5517241379310345,0.4,0.6896551724137931,0.0,0.0,1.0,0.0,0.0,1.0,0.0,1.0,0.0,0.0,0.0,0.0,1.0,0.0,0.0,0.0,0.0,0.0,0.0,0.0,0.0,1.0,0.0,0.0,1.0,0.0,1.0,0.0
0.07142857142857145,0.20630372492836677,0.5,0.25,0.6666666666666667,0.9428571428571428,0.6666666666666667,0.0,1.0,0.014320575391728749,0.6901023890784983,0.1111111111111111,0.2142857142857143,0.0,1.0,0.0,0.0,1.0,0.6666666666666667,0.0,0.0,0.0,0.0,0.0,0.0,1.0,0.0,1.0,0.0,0.0,1.0,0.0,0.0,0.0,0.0,0.0,1.0,0.0,0.0,0.0,0.0,0.0,0.0,1.0,0.0,0.0,0.0,0.0,1.0,1.0,0.0
0.8095238095238095,0.11676217765042982,0.03571428571428571,0.0,0.0,0.38571428571428573,0.0,1.0,1.0,1.0,0.9537040754868501,0.1111111111111111,0.2857142857142857,0.0,1.0,0.3333333333333333,1.0,0.5,0.6666666666666667,1.0,0.9655172413793103,0.8,0.6206896551724138,0.0,0.0,1.0,0.0,0.0,1.0,0.0,0.0,1.0,0.0,0.0,0.0,1.0,0.0,0.0,0.0,0.0,1.0,0.0,0.0,0.0,0.0,0.0,0.0,1.0,0.0,1.0,0.0
0.4523809523809524,0.654727793696275,0.0,0.25,0.6666666666666667,0.7571428571428571,0.3333333333333333,0.0,0.0,0.18693809401489853,0.666653282473399,0.2222222222222222,0.2142857142857143,0.0,0.0,0.3333333333333333,0.5964912280701754,0.3333333333333333,0.3333333333333333,0.16666666666666666,0.06896551724137931,0.0,0.13793103448275862,0.0,0.0,1.0,0.0,1.0,0.0,0.0,0.0,0.0,1.0,0.0,0.0,1.0,0.0,0.0,0.0,0.0,0.0,0.0,0.0,1.0,0.0,0.0,0.0,1.0,0.0,1.0,0.0
0.49999999999999994,0.5472779369627507,0.2857142857142857,0.25,0.0,0.8142857142857143,0.6666666666666667,0.25,0.0,0.265990238890316,0.4103995181690423,0.1111111111111111,0.9999999999999999,1.0,1.0,0.3333333333333333,0.3508771929824561,0.5,0.6666666666666667,0.5555555555555556,0.0,0.9333333333333333,0.6206896551724138,0.0,0.0,1.0,0.0,1.0,0.0,0.0,0.0,0.0,1.0,0.0,0.0,0.0,1.0,0.0,0.0,0.0,0.0,1.0,0.0,0.0,0.0,0.0,0.0,1.0,0.0,1.0,0.0
0.21428571428571425,0.8510028653295129,0.35714285714285715,0.5,0.6666666666666667,0.9714285714285713,1.0,0.0,1.0,0.09793218597482661,0.1779963862678177,0.8888888888888888,0.2142857142857143,0.0,0.3333333333333333,0.3333333333333333,0.17543859649122806,0.6666666666666666,0.6666666666666667,0.05555555555555555,0.0,0.0,0.0,0.0,0.0,1.0,0.0,0.0,1.0,0.0,0.0,0.0,1.0,0.0,0.0,1.0,0.0,0.0,0.0,0.0,0.0,0.0,0.0,0.0,0.0,1.0,0.0,1.0,0.0,1.0,0.0
0.42857142857142855,0.9469914040114613,0.4642857142857143,0.0,0.6666666666666667,0.5428571428571429,0.6666666666666667,0.25,1.0,0.35814282044695606,0.10949608512346917,0.0,0.4285714285714285,0.0,0.0,0.3333333333333333,0.5964912280701754,0.3333333333333333,0.3333333333333333,0.8888888888888888,0.5517241379310345,0.5333333333333333,0.7586206896551724,0.0,0.0,1.0,0.0,1.0,0.0,0.0,1.0,0.0,0.0,0.0,0.0,0.0,1.0,1.0,0.0,0.0,0.0,0.0,0.0,0.0,0.0,0.0,0.0,1.0,0.0,0.0,1.0
0.7380952380952379,0.2628939828080229,0.6785714285714285,0.75,0.6666666666666667,0.9428571428571428,0.6666666666666667,0.25,0.0,0.35692268173645003,0.1387271632202369,0.1111111111111111,0.2142857142857143,0.0,0.6666666666666667,0.0,0.5614035087719298,0.3333333333333333,0.3333333333333333,0.8333333333333333,0.7586206896551724,0.6666666666666666,0.7586206896551724,0.0,0.0,1.0,0.0,1.0,0.0,0.0,0.0,0.0,1.0,0.0,0.0,1.0,0.0,0.0,0.0,0.0,0.0,1.0,0.0,0.0,0.0,0.0,0.0,1.0,0.0,1.0,0.0
0.6428571428571428,0.10386819484240689,0.7857142857142857,0.25,1.0,0.17142857142857143,0.6666666666666667,0.25,0.0,0.1685075777035705,0.4796225657498494,0.1111111111111111,0.2857142857142857,0.0,0.6666666666666667,0.3333333333333333,0.3157894736842105,0.3333333333333333,0.6666666666666667,0.5,0.5517241379310345,0.0,0.5517241379310345,1.0,0.0,0.0,0.0,1.0,0.0,0.0,1.0,0.0,0.0,0.0,0.0,0.0,1.0,0.0,0.0,1.0,0.0,0.0,0.0,0.0,0.0,0.0,0.0,1.0,0.0,0.0,1.0
0.6428571428571428,0.646131805157593,0.9642857142857143,0.25,1.0,0.2571428571428572,0.3333333333333333,0.75,0.3333333333333333,1.0,0.6032925115438666,0.1111111111111111,0.0,0.0,0.6666666666666667,0.0,0.7368421052631579,0.3333333333333333,0.6666666666666667,1.0,0.41379310344827586,1.0,0.41379310344827586,0.0,0.0,1.0,0.0,1.0,0.0,0.0,0.0,0.0,0.0,0.0,1.0,1.0,0.0,0.0,0.0,0.0,0.0,0.0,1.0,0.0,0.0,0.0,0.0,0.0,1.0,1.0,0.0
0.380952380952381,0.5551575931232091,0.3214285714285714,0.75,1.0,0.18571428571428567,0.6666666666666667,0.0,0.6666666666666667,0.18019522219368098,0.15571170447701263,0.1111111111111111,0.4285714285714285,0.0,1.0,0.3333333333333333,0.17543859649122806,0.6666666666666666,1.0,0.2777777777777778,0.20689655172413793,0.26666666666666666,0.0,0.0,1.0,0.0,0.0,1.0,0.0,0.0,0.0,0.0,1.0,0.0,0.0,0.0,1.0,0.0,0.0,0.0,0.0,0.0,0.0,1.0,0.0,0.0,1.0,0.0,0.0,0.0,1.0
0.4047619047619047,0.0830945558739255,0.5357142857142857,0.25,1.0,0.2,0.3333333333333333,0.25,0.3333333333333333,0.2426791677369638,0.9353141939369604,0.0,0.0,0.0,1.0,0.0,0.14035087719298245,0.3333333333333333,0.6666666666666667,0.16666666666666666,0.13793103448275862,0.0,0.13793103448275862,0.0,0.0,1.0,0.0,1.0,0.0,0.0,0.0,0.0,0.0,1.0,0.0,1.0,0.0,0.0,0.0,0.0,0.0,1.0,0.0,0.0,0.0,0.0,0.0,1.0,0.0,0.0,1.0
0.35714285714285715,0.03151862464183382,0.03571428571428571,0.5,0.3333333333333333,0.9857142857142855,0.6666666666666667,0.0,0.6666666666666667,0.16638838941690212,0.25436659305360365,0.1111111111111111,0.1428571428571428,0.0,1.0,0.3333333333333333,0.17543859649122806,0.3333333333333333,0.6666666666666667,0.2777777777777778,0.27586206896551724,0.13333333333333333,0.27586206896551724,0.0,0.0,1.0,1.0,0.0,0.0,1.0,0.0,0.0,0.0,0.0,0.0,0.0,1.0,0.0,1.0,0.0,0.0,0.0,0.0,0.0,0.0,0.0,0.0,1.0,0.0,1.0,0.0
0.3333333333333333,0.6747851002865329,0.10714285714285714,0.75,1.0,0.02857142857142858,0.0,0.5,1.0,0.6030696121243257,0.9523388877735394,0.1111111111111111,0.0,0.0,0.6666666666666667,0.0,0.49122807017543857,0.3333333333333333,0.3333333333333333,0.7777777777777777,0.5517241379310345,1.0,0.5517241379310345,0.0,0.0,1.0,0.0,0.0,1.0,0.0,0.0,0.0,1.0,0.0,0.0,0.0,1.0,0.0,0.0,0.0,0.0,0.0,0.0,0.0,1.0,0.0,0.0,1.0,0.0,1.0,0.0
0.28571428571428564,0.2851002865329513,0.9285714285714285,1.0,0.6666666666666667,0.9857142857142855,0.6666666666666667,0.25,1.0,0.275815566401233,0.930776952419193,0.7777777777777777,0.8571428571428571,1.0,1.0,0.3333333333333333,0.3508771929824561,0.3333333333333333,0.3333333333333333,0.4444444444444444,0.48275862068965514,0.9333333333333333,0.48275862068965514,0.0,0.0,1.0,0.0,0.0,1.0,0.0,0.0,1.0,0.0,0.0,0.0,0.0,1.0,0.0,0.0,0.0,0.0,0.0,0.0,0.0,1.0,0.0,1.0,0.0,0.0,1.0,0.0
0.380952380952381,0.9591690544412608,0.2857142857142857,0.5,1.0,0.2285714285714286,0.3333333333333333,0.5,0.3333333333333333,0.4888260981248394,0.6247741417386067,0.1111111111111111,0.2142857142857143,0.0,0.3333333333333333,0.0,0.3157894736842105,0.5,1.0,0.4444444444444444,0.48275862068965514,0.9333333333333333,0.48275862068965514,0.0,0.0,1.0,0.0,1.0,0.0,0.0,0.0,0.0,1.0,0.0,0.0,1.0,0.0,1.0,0.0,0.0,0.0,0.0,0.0,0.0,0.0,0.0,0.0,0.0,1.0,1.0,0.0
0.11904761904761901,0.31375358166189116,0.03571428571428571,0.0,0.6666666666666667,0.45714285714285713,0.6666666666666667,0.0,0.0,0.084318006678654,0.2980927524593455,0.3333333333333333,0.1428571428571428,0.0,0.6666666666666667,0.3333333333333333,0.10526315789473684,0.5,0.6666666666666667,0.0,0.0,0.0,0.0,0.0,0.0,1.0,0.0,0.0,1.0,0.0,0.0,0.0,0.0,0.0,1.0,0.0,1.0,0.0,0.0,0.0,0.0,0.0,0.0,0.0,0.0,1.0,1.0,0.0,0.0,1.0,0.0
0.7857142857142856,0.3789398280802292,0.7142857142857143,0.75,0.6666666666666667,0.5857142857142856,0.6666666666666667,0.25,1.0,0.2846134086822502,0.2541256775747842,0.0,0.7857142857142857,1.0,1.0,0.0,0.38596491228070173,0.3333333333333333,0.0,0.5555555555555556,0.48275862068965514,0.13333333333333333,0.0,0.0,0.0,1.0,0.0,0.0,1.0,0.0,0.0,1.0,0.0,0.0,0.0,0.0,1.0,0.0,0.0,0.0,0.0,0.0,0.0,0.0,1.0,0.0,0.0,0.0,1.0,0.0,1.0
0.23809523809523808,0.49283667621776506,0.0,0.75,1.0,0.2,0.6666666666666667,0.0,0.6666666666666667,0.07352941176470587,0.19064444890584217,0.0,0.0,0.0,0.6666666666666667,0.0,0.17543859649122806,0.3333333333333333,0.3333333333333333,0.2222222222222222,0.13793103448275862,0.0,0.13793103448275862,0.0,1.0,0.0,0.0,1.0,0.0,0.0,0.0,0.0,1.0,0.0,0.0,0.0,1.0,0.0,0.0,1.0,0.0,0.0,0.0,0.0,0.0,0.0,0.0,0.0,1.0,0.0,1.0
0.3095238095238095,0.3674785100286533,0.39285714285714285,0.5,1.0,0.1571428571428572,0.6666666666666667,0.25,1.0,0.31119958900590805,0.6133306564946798,0.0,0.0,0.0,0.6666666666666667,0.6666666666666666,0.3508771929824561,0.3333333333333333,0.0,0.5,0.48275862068965514,1.0,0.3448275862068966,0.0,0.0,1.0,0.0,1.0,0.0,0.0,0.0,0.0,1.0,0.0,0.0,1.0,0.0,1.0,0.0,0.0,0.0,0.0,0.0,0.0,0.0,0.0,0.0,1.0,0.0,0.0,1.0
0.21428571428571425,0.36174785100286533,0.0,0.25,0.6666666666666667,0.5428571428571429,0.6666666666666667,0.5,0.0,0.4111867454405343,0.15719734992973297,0.1111111111111111,0.0,0.0,1.0,0.0,0.3157894736842105,0.5,0.6666666666666667,0.5,0.48275862068965514,0.0,0.48275862068965514,0.0,0.0,1.0,0.0,1.0,0.0,0.0,1.0,0.0,0.0,0.0,0.0,1.0,0.0,0.0,0.0,0.0,0.0,1.0,0.0,0.0,0.0,0.0,0.0,1.0,0.0,1.0,0.0
0.23809523809523808,0.7636103151862463,0.25,0.25,0.3333333333333333,0.4714285714285715,0.3333333333333333,0.0,1.0,0.2521834061135371,0.8781770728769324,0.1111111111111111,0.1428571428571428,0.0,1.0,0.3333333333333333,0.21052631578947367,1.0,0.6666666666666667,0.2777777777777778,0.06896551724137931,0.0,0.27586206896551724,0.0,0.0,1.0,1.0,0.0,0.0,0.0,0.0,0.0,1.0,0.0,0.0,0.0,1.0,0.0,1.0,0.0,0.0,0.0,0.0,0.0,0.0,0.0,1.0,0.0,0.0,1.0,0.0
0.6428571428571428,0.3481375358166189,0.03571428571428571,0.75,0.6666666666666667,0.5285714285714285,0.6666666666666667,0.25,0.6666666666666667,0.2661828923709222,0.7055209797229471,0.4444444444444444,0.7857142857142857,1.0,0.3333333333333333,0.6666666666666666,0.3508771929824561,0.5,1.0,0.4444444444444444,0.48275862068965514,0.6666666666666666,0.48275862068965514,1.0,0.0,0.0,0.0,0.0,1.0,0.0,1.0,0.0,0.0,0.0,0.0,1.0,0.0,0.0,0.0,0.0,0.0,0.0,0.0,0.0,1.0,0.0,0.0,1.0,0.0,1.0,0.0
0.49999999999999994,0.4935530085959885,0.0,0.5,1.0,0.6714285714285713,0.6666666666666667,0.25,1.0,0.35082198818391985,0.27685203774342504,0.1111111111111111,0.2857142857142857,0.0,1.0,0.3333333333333333,0.3157894736842105,0.3333333333333333,0.6666666666666667,0.5,0.5517241379310345,0.6666666666666666,0.5517241379310345,1.0,0.0,0.0,0.0,1.0,0.0,0.0,1.0,0.0,0.0,0.0,0.0,0.0,1.0,0.0,0.0,1.0,0.0,0.0,0.0,0.0,0.0,0.0,0.0,1.0,0.0,0.0,1.0
0.5714285714285714,0.836676217765043,0.03571428571428571,0.0,0.3333333333333333,0.07142857142857145,0.6666666666666667,0.0,1.0,0.09671204726432059,0.280024091547882,0.5555555555555556,0.2142857142857143,0.0,1.0,0.0,0.2807017543859649,0.3333333333333333,0.6666666666666667,0.1111111111111111,0.06896551724137931,0.26666666666666666,0.13793103448275862,0.0,1.0,0.0,0.0,1.0,0.0,0.0,0.0,0.0,1.0,0.0,0.0,0.0,1.0,0.0,0.0,0.0,0.0,0.0,0.0,1.0,0.0,0.0,0.0,0.0,1.0,0.0,1.0
0.35714285714285715,0.2901146131805158,0.3214285714285714,0.5,0.3333333333333333,0.2285714285714286,0.3333333333333333,0.25,1.0,0.23587207808887745,0.08925918490262999,0.3333333333333333,0.2142857142857143,0.0,0.6666666666666667,0.0,0.3157894736842105,1.0,0.3333333333333333,0.38888888888888884,0.48275862068965514,0.0,0.06896551724137931,0.0,1.0,0.0,0.0,0.0,1.0,0.0,0.0,1.0,0.0,0.0,0.0,0.0,1.0,0.0,0.0,0.0,0.0,0.0,0.0,0.0,1.0,0.0,0.0,0.0,1.0,1.0,0.0
0.42857142857142855,0.32521489971346706,0.07142857142857142,0.5,0.0,0.9142857142857141,0.3333333333333333,0.5,1.0,0.4260852812740817,0.42565749849427825,0.0,0.5714285714285713,0.0,0.6666666666666667,0.6666666666666666,0.3508771929824561,0.3333333333333333,0.6666666666666667,0.5,0.48275862068965514,0.4,0.27586206896551724,0.0,0.0,1.0,0.0,0.0,1.0,0.0,0.0,0.0,1.0,0.0,0.0,1.0,0.0,0.0,0.0,0.0,0.0,0.0,0.0,0.0,1.0,0.0,0.0,1.0,0.0,1.0,0.0
0.4761904761904761,0.44412607449856734,0.03571428571428571,0.75,0.3333333333333333,0.6714285714285713,0.0,0.25,1.0,0.2823015669149756,0.08632804657699256,0.2222222222222222,0.6428571428571427,1.0,0.0,0.6666666666666666,0.7017543859649122,0.6666666666666666,0.3333333333333333,0.2222222222222222,0.13793103448275862,0.0,0.20689655172413793,0.0,0.0,1.0,0.0,0.0,1.0,0.0,0.0,1.0,0.0,0.0,0.0,1.0,0.0,0.0,0.0,0.0,0.0,0.0,0.0,0.0,0.0,1.0,0.0,1.0,0.0,0.0,1.0
0.976190476190476,0.4383954154727794,0.03571428571428571,0.5,0.6666666666666667,0.5571428571428572,0.3333333333333333,0.75,1.0,0.8166581042897507,0.7924111624171853,0.3333333333333333,0.1428571428571428,0.0,0.0,0.0,1.0,0.6666666666666666,0.6666666666666667,0.2777777777777778,0.20689655172413793,0.5333333333333333,0.20689655172413793,0.0,0.0,1.0,0.0,1.0,0.0,0.0,1.0,0.0,0.0,0.0,0.0,1.0,0.0,0.0,0.0,0.0,0.0,1.0,0.0,0.0,0.0,0.0,0.0,0.0,1.0,0.0,1.0
0.2619047619047619,0.819484240687679,0.6785714285714285,0.25,1.0,0.21428571428571425,0.6666666666666667,0.25,1.0,0.38029797071667093,0.34683798434049384,0.2222222222222222,0.2142857142857143,0.0,1.0,0.3333333333333333,0.3508771929824561,0.3333333333333333,0.6666666666666667,0.16666666666666666,0.13793103448275862,0.0,0.13793103448275862,0.0,0.0,1.0,0.0,0.0,1.0,0.0,0.0,1.0,0.0,0.0,0.0,0.0,1.0,0.0,0.0,0.0,0.0,0.0,0.0,0.0,1.0,0.0,1.0,0.0,0.0,1.0,0.0
0.7380952380952379,0.6883954154727794,0.03571428571428571,0.0,0.3333333333333333,0.17142857142857143,0.6666666666666667,1.0,1.0,1.0,0.4675366392290705,0.3333333333333333,0.2857142857142857,0.0,1.0,0.0,0.9824561403508771,0.5,0.6666666666666667,0.2777777777777778,0.27586206896551724,0.5333333333333333,0.20689655172413793,0.0,1.0,0.0,0.0,1.0,0.0,0.0,1.0,0.0,0.0,0.0,0.0,0.0,1.0,0.0,0.0,0.0,0.0,0.0,1.0,0.0,0.0,0.0,0.0,1.0,0.0,1.0,0.0
0.7619047619047619,0.03008595988538683,0.0,0.5,1.0,0.9285714285714286,0.6666666666666667,0.25,0.6666666666666667,0.34279475982532753,0.9165227865890383,0.0,0.0714285714285714,0.0,0.0,0.3333333333333333,0.6666666666666666,0.5,0.6666666666666667,1.0,0.48275862068965514,0.0,0.896551724137931,1.0,0.0,0.0,0.0,0.0,1.0,0.0,1.0,0.0,0.0,0.0,0.0,1.0,0.0,0.0,0.0,0.0,0.0,0.0,0.0,0.0,1.0,0.0,0.0,1.0,0.0,1.0,0.0
0.21428571428571425,0.07664756446991405,0.0,0.0,0.6666666666666667,0.6142857142857143,0.6666666666666667,0.25,0.3333333333333333,0.34292319547906497,0.8035735796024894,0.0,0.1428571428571428,0.0,1.0,0.3333333333333333,0.21052631578947367,0.0,0.6666666666666667,0.2777777777777778,0.27586206896551724,0.13333333333333333,0.27586206896551724,1.0,0.0,0.0,0.0,0.0,1.0,0.0,0.0,1.0,0.0,0.0,0.0,0.0,1.0,0.0,0.0,0.0,0.0,0.0,0.0,0.0,1.0,0.0,0.0,1.0,0.0,0.0,1.0
0.5714285714285714,0.18051575931232092,0.3214285714285714,0.75,0.6666666666666667,0.11428571428571427,0.6666666666666667,0.0,0.6666666666666667,0.12374775237605959,0.16330054205982733,0.3333333333333333,0.7857142857142857,1.0,0.3333333333333333,0.6666666666666666,0.3508771929824561,0.16666666666666666,0.3333333333333333,0.3333333333333333,0.20689655172413793,0.4,0.20689655172413793,1.0,0.0,0.0,0.0,1.0,0.0,0.0,0.0,0.0,0.0,0.0,1.0,0.0,1.0,0.0,0.0,0.0,0.0,0.0,0.0,1.0,0.0,0.0,0.0,1.0,0.0,1.0,0.0
0.4523809523809524,0.21848137535816617,0.6428571428571428,0.25,0.3333333333333333,0.6142857142857143,0.6666666666666667,0.0,0.3333333333333333,0.12927048548677114,0.32656093153985144,0.4444444444444444,0.7142857142857143,1.0,0.0,0.0,0.2807017543859649,0.16666666666666666,0.6666666666666667,0.05555555555555555,0.0,0.0,0.0,0.0,0.0,1.0,0.0,1.0,0.0,0.0,1.0,0.0,0.0,0.0,0.0,0.0,1.0,0.0,0.0,0.0,0.0,0.0,0.0,1.0,0.0,0.0,0.0,1.0,0.0,1.0,0.0
0.42857142857142855,0.26217765042979946,0.07142857142857142,0.5,0.6666666666666667,0.2285714285714286,0.6666666666666667,0.0,0.3333333333333333,0.1722964294888261,0.2875727765508934,0.1111111111111111,0.0714285714285714,0.0,0.6666666666666667,0.0,0.42105263157894735,0.3333333333333333,0.3333333333333333,0.611111111111111,0.6896551724137931,0.0,0.48275862068965514,0.0,1.0,0.0,0.0,1.0,0.0,0.0,0.0,0.0,0.0,0.0,1.0,0.0,1.0,0.0,0.0,0.0,0.0,0.0,0.0,1.0,0.0,0.0,0.0,1.0,0.0,1.0,0.0
0.6904761904761905,0.6303724928366762,0.03571428571428571,0.25,0.0,0.49999999999999994,0.6666666666666667,0.25,1.0,0.2607885949139481,0.21260791005822124,0.5555555555555556,0.1428571428571428,0.0,0.6666666666666667,1.0,0.7017543859649122,0.3333333333333333,0.6666666666666667,0.2777777777777778,0.0,0.0,0.27586206896551724,0.0,0.0,1.0,0.0,1.0,0.0,0.0,0.0,0.0,1.0,0.0,0.0,1.0,0.0,0.0,0.0,0.0,0.0,1.0,0.0,0.0,0.0,0.0,1.0,0.0,0.0,1.0,0.0
0.49999999999999994,0.011461318051575936,0.5,0.75,0.3333333333333333,0.6714285714285713,0.6666666666666667,0.75,0.0,0.7919342409452863,0.9236699457940173,0.0,0.0714285714285714,0.0,0.0,0.0,0.7368421052631579,0.5,0.6666666666666667,1.0,0.5517241379310345,1.0,0.6896551724137931,0.0,0.0,1.0,0.0,0.0,1.0,0.0,0.0,1.0,0.0,0.0,0.0,0.0,1.0,0.0,0.0,0.0,0.0,0.0,0.0,0.0,1.0,0.0,0.0,0.0,1.0,1.0,0.0
0.5476190476190477,0.32163323782234954,0.10714285714285714,0.5,0.6666666666666667,0.42857142857142855,0.0,0.25,0.3333333333333333,0.3481248394554328,0.7508532423208191,0.6666666666666666,0.5714285714285713,0.0,0.3333333333333333,0.3333333333333333,0.3508771929824561,0.6666666666666666,0.6666666666666667,0.16666666666666666,0.13793103448275862,0.13333333333333333,0.13793103448275862,1.0,0.0,0.0,1.0,0.0,0.0,1.0,0.0,0.0,0.0,0.0,0.0,0.0,1.0,0.0,1.0,0.0,0.0,0.0,0.0,0.0,0.0,0.0,0.0,1.0,0.0,1.0,0.0
0.2619047619047619,0.167621776504298,0.4642857142857143,0.0,0.6666666666666667,0.7714285714285714,0.6666666666666667,0.5,1.0,0.42024145902902643,0.8366191527805661,0.0,0.0714285714285714,0.0,0.0,0.0,0.3157894736842105,0.16666666666666666,0.6666666666666667,0.4444444444444444,0.48275862068965514,0.9333333333333333,0.48275862068965514,0.0,1.0,0.0,0.0,1.0,0.0,0.0,0.0,0.0,0.0,1.0,0.0,1.0,0.0,1.0,0.0,0.0,0.0,0.0,0.0,0.0,0.0,0.0,0.0,0.0,1.0,0.0,1.0
0.4761904761904761,0.18696275071633237,0.07142857142857142,1.0,1.0,0.02857142857142858,0.6666666666666667,0.25,0.6666666666666667,0.21243257128178783,0.008351736599076495,0.3333333333333333,0.6428571428571427,1.0,0.3333333333333333,0.0,0.6666666666666666,0.3333333333333333,0.6666666666666667,0.16666666666666666,0.13793103448275862,0.26666666666666666,0.13793103448275862,0.0,0.0,1.0,0.0,1.0,0.0,0.0,0.0,0.0,0.0,0.0,1.0,1.0,0.0,0.0,0.0,0.0,0.0,0.0,0.0,1.0,0.0,0.0,0.0,0.0,1.0,0.0,1.0
0.3333333333333333,0.6869627507163323,0.03571428571428571,0.5,0.6666666666666667,0.6428571428571428,0.6666666666666667,0.0,0.3333333333333333,0.08740046236835344,0.0747641035936559,0.1111111111111111,0.1428571428571428,0.0,0.6666666666666667,0.3333333333333333,0.2807017543859649,0.6666666666666666,0.6666666666666667,0.4444444444444444,0.0,0.0,0.48275862068965514,0.0,0.0,1.0,0.0,1.0,0.0,0.0,0.0,0.0,1.0,0.0,0.0,1.0,0.0,0.0,0.0,1.0,0.0,0.0,0.0,0.0,0.0,0.0,0.0,1.0,0.0,1.0,0.0
0.3095238095238095,0.9613180515759312,0.0,1.0,0.6666666666666667,1.0,1.0,0.5,0.3333333333333333,0.4133701515540714,0.27452318811483634,0.1111111111111111,0.0,0.0,0.0,0.0,0.3508771929824561,0.3333333333333333,0.6666666666666667,0.5555555555555556,0.5517241379310345,0.5333333333333333,0.48275862068965514,0.0,1.0,0.0,0.0,1.0,0.0,0.0,1.0,0.0,0.0,0.0,0.0,1.0,0.0,0.0,0.0,0.0,0.0,1.0,0.0,0.0,0.0,0.0,0.0,0.0,1.0,1.0,0.0
0.07142857142857145,0.3173352435530086,0.14285714285714285,0.0,0.6666666666666667,0.9571428571428571,0.6666666666666667,0.0,1.0,0.13537117903930132,0.9602489459947802,0.1111111111111111,0.4999999999999999,0.0,0.6666666666666667,0.0,0.10526315789473684,0.3333333333333333,0.6666666666666667,0.1111111111111111,0.13793103448275862,0.26666666666666666,0.13793103448275862,0.0,0.0,1.0,0.0,1.0,0.0,0.0,0.0,0.0,1.0,0.0,0.0,0.0,1.0,0.0,0.0,0.0,0.0,0.0,0.0,1.0,0.0,0.0,0.0,0.0,1.0,1.0,0.0
0.5952380952380951,0.22851002865329514,0.0,0.5,1.0,0.04285714285714287,0.6666666666666667,0.25,1.0,0.2923837657333676,0.7905239911664325,0.4444444444444444,0.1428571428571428,0.0,0.3333333333333333,0.3333333333333333,0.42105263157894735,0.3333333333333333,0.3333333333333333,0.2777777777777778,0.13793103448275862,0.26666666666666666,0.13793103448275862,0.0,1.0,0.0,0.0,1.0,0.0,0.0,1.0,0.0,0.0,0.0,0.0,1.0,0.0,1.0,0.0,0.0,0.0,0.0,0.0,0.0,0.0,0.0,0.0,1.0,0.0,1.0,0.0
0.4761904761904761,0.997134670487106,0.10714285714285714,0.25,1.0,0.8142857142857143,0.6666666666666667,0.0,0.6666666666666667,0.14750834831749293,0.9669544268219233,0.7777777777777777,0.5714285714285713,0.0,1.0,0.3333333333333333,0.24561403508771928,0.8333333333333333,0.3333333333333333,0.0,0.0,0.0,0.0,0.0,0.0,1.0,0.0,1.0,0.0,0.0,0.0,0.0,1.0,0.0,0.0,1.0,0.0,0.0,0.0,1.0,0.0,0.0,0.0,0.0,0.0,0.0,0.0,1.0,0.0,1.0,0.0
0.7619047619047619,0.5085959885386819,0.5714285714285714,1.0,1.0,0.28571428571428575,0.3333333333333333,0.5,0.0,0.7873105574107373,0.7985143545472797,0.5555555555555556,0.2857142857142857,0.0,0.6666666666666667,1.0,0.6666666666666666,0.5,0.6666666666666667,0.7777777777777777,0.7586206896551724,0.13333333333333333,0.7586206896551724,0.0,0.0,1.0,0.0,1.0,0.0,0.0,1.0,0.0,0.0,0.0,0.0,1.0,0.0,0.0,0.0,0.0,0.0,0.0,1.0,0.0,0.0,0.0,1.0,0.0,0.0,1.0,0.0
0.3095238095238095,0.8388252148997134,0.2857142857142857,0.0,0.6666666666666667,0.04285714285714287,0.6666666666666667,0.5,0.3333333333333333,0.6189956331877728,0.493876731580004,0.1111111111111111,0.9999999999999999,1.0,1.0,0.3333333333333333,0.45614035087719296,1.0,1.0,0.7222222222222222,0.5517241379310345,0.0,0.5517241379310345,0.0,0.0,1.0,0.0,1.0,0.0,0.0,1.0,0.0,0.0,0.0,0.0,0.0,1.0,0.0,0.0,0.0,0.0,1.0,0.0,0.0,0.0,0.0,1.0,0.0,0.0,1.0,0.0
0.4047619047619047,0.14326647564469913,0.9285714285714285,0.5,0.6666666666666667,0.7714285714285714,0.6666666666666667,0.25,1.0,0.308502440277421,0.4576591045974704,0.1111111111111111,0.4999999999999999,0.0,1.0,0.0,0.3508771929824561,0.3333333333333333,0.6666666666666667,0.5555555555555556,0.48275862068965514,0.9333333333333333,0.48275862068965514,0.0,0.0,1.0,0.0,0.0,1.0,0.0,1.0,0.0,0.0,0.0,0.0,0.0,1.0,0.0,0.0,0.0,0.0,0.0,0.0,0.0,1.0,0.0,0.0,0.0,1.0,0.0,1.0
0.4523809523809524,0.8610315186246418,0.3214285714285714,0.75,0.6666666666666667,0.2714285714285714,0.6666666666666667,0.25,0.3333333333333333,0.20472643205753915,0.7640634410760891,0.2222222222222222,0.0714285714285714,0.0,1.0,0.0,0.631578947368421,0.3333333333333333,0.3333333333333333,0.05555555555555555,0.0,0.0,0.06896551724137931,0.0,0.0,1.0,0.0,1.0,0.0,0.0,1.0,0.0,0.0,0.0,0.0,0.0,1.0,0.0,0.0,0.0,0.0,1.0,0.0,0.0,0.0,0.0,0.0,0.0,1.0,0.0,1.0
0.21428571428571425,0.73567335243553,0.25,0.75,0.3333333333333333,0.3714285714285714,0.6666666666666667,0.25,0.3333333333333333,0.33425378885178525,0.05304155792009638,0.1111111111111111,0.4999999999999999,0.0,0.0,0.3333333333333333,0.2807017543859649,0.5,0.6666666666666667,0.4444444444444444,0.48275862068965514,0.0,0.48275862068965514,0.0,0.0,1.0,0.0,0.0,1.0,0.0,0.0,1.0,0.0,0.0,0.0,1.0,0.0,0.0,0.0,0.0,0.0,0.0,0.0,0.0,1.0,0.0,0.0,1.0,0.0,1.0,0.0
0.7142857142857142,0.8968481375358166,0.10714285714285714,0.75,0.6666666666666667,0.6857142857142857,0.3333333333333333,0.5,0.6666666666666667,0.6415360904187002,0.8091146356153383,0.7777777777777777,0.2142857142857143,0.0,0.3333333333333333,0.0,0.9473684210526315,0.5,0.6666666666666667,0.8333333333333333,0.7586206896551724,0.5333333333333333,0.5517241379310345,0.0,0.0,1.0,0.0,1.0,0.0,0.0,1.0,0.0,0.0,0.0,0.0,0.0,1.0,1.0,0.0,0.0,0.0,0.0,0.0,0.0,0.0,0.0,0.0,0.0,1.0,1.0,0.0
0.4761904761904761,0.9247851002865329,0.25,0.5,1.0,0.39999999999999997,0.3333333333333333,0.25,0.3333333333333333,0.07218083740046238,0.643284481027906,0.1111111111111111,0.3571428571428571,0.0,0.6666666666666667,0.3333333333333333,0.7017543859649122,0.5,0.6666666666666667,1.0,0.7586206896551724,0.0,0.48275862068965514,0.0,1.0,0.0,0.0,1.0,0.0,0.0,0.0,0.0,1.0,0.0,0.0,1.0,0.0,0.0,0.0,0.0,0.0,0.0,0.0,1.0,0.0,0.0,1.0,0.0,0.0,0.0,1.0
0.42857142857142855,0.566618911174785,0.0,0.75,1.0,0.04285714285714287,0.3333333333333333,0.25,0.6666666666666667,0.21609298741330596,0.5347119052399116,0.0,0.2857142857142857,0.0,0.6666666666666667,0.0,0.14035087719298245,1.0,0.6666666666666667,0.16666666666666666,0.13793103448275862,0.13333333333333333,0.13793103448275862,1.0,0.0,0.0,0.0,1.0,0.0,0.0,0.0,0.0,1.0,0.0,0.0,1.0,0.0,0.0,0.0,0.0,0.0,1.0,0.0,0.0,0.0,0.0,0.0,1.0,0.0,1.0,0.0
0.21428571428571425,0.9126074498567335,0.35714285714285715,0.0,0.3333333333333333,0.8714285714285714,0.6666666666666667,0.0,0.0,0.06999743128692526,0.22425215820116443,0.0,0.2142857142857143,0.0,0.3333333333333333,0.0,0.21052631578947367,0.5,1.0,0.2777777777777778,0.0,0.13333333333333333,0.27586206896551724,0.0,0.0,1.0,0.0,1.0,0.0,0.0,1.0,0.0,0.0,0.0,0.0,0.0,1.0,0.0,0.0,1.0,0.0,0.0,0.0,0.0,0.0,0.0,0.0,1.0,0.0,1.0,0.0
0.380952380952381,0.6418338108882521,0.8928571428571428,0.0,0.0,0.8857142857142857,0.3333333333333333,0.0,0.6666666666666667,0.06550218340611355,0.5539851435454728,0.1111111111111111,0.6428571428571427,1.0,0.6666666666666667,1.0,0.17543859649122806,0.3333333333333333,0.6666666666666667,0.2777777777777778,0.27586206896551724,0.0,0.0,1.0,0.0,0.0,0.0,1.0,0.0,0.0,0.0,0.0,0.0,0.0,1.0,1.0,0.0,0.0,0.0,0.0,0.0,0.0,0.0,1.0,0.0,0.0,1.0,0.0,0.0,1.0,0.0
0.6904761904761905,0.08166189111747851,0.07142857142857142,0.5,1.0,0.2714285714285714,0.6666666666666667,0.75,0.6666666666666667,0.8194836886719754,0.3264806263802449,1.0,0.0714285714285714,0.0,1.0,0.6666666666666666,0.9824561403508771,0.3333333333333333,0.3333333333333333,1.0,0.13793103448275862,1.0,0.896551724137931,0.0,1.0,0.0,0.0,0.0,1.0,0.0,0.0,0.0,1.0,0.0,0.0,1.0,0.0,0.0,0.0,0.0,0.0,0.0,0.0,0.0,1.0,0.0,1.0,0.0,0.0,0.0,1.0
0.7380952380952379,0.25859598853868193,0.5357142857142857,0.5,1.0,0.6285714285714286,0.6666666666666667,0.0,0.0,0.10133573079886976,0.9173659907649067,0.4444444444444444,0.3571428571428571,0.0,0.3333333333333333,0.3333333333333333,0.5964912280701754,0.3333333333333333,0.3333333333333333,0.1111111111111111,0.13793103448275862,0.26666666666666666,0.13793103448275862,0.0,0.0,1.0,0.0,1.0,0.0,0.0,0.0,0.0,1.0,0.0,0.0,1.0,0.0,0.0,0.0,1.0,0.0,0.0,0.0,0.0,0.0,0.0,1.0,0.0,0.0,0.0,1.0
0.9523809523809523,0.3595988538681948,0.7142857142857143,0.5,1.0,0.5999999999999999,0.6666666666666667,0.75,1.0,1.0,0.38815498895804057,0.4444444444444444,0.1428571428571428,0.0,0.6666666666666667,0.3333333333333333,1.0,0.3333333333333333,0.3333333333333333,0.05555555555555555,0.0,0.0,0.0,0.0,0.0,1.0,0.0,0.0,1.0,0.0,1.0,0.0,0.0,0.0,0.0,1.0,0.0,0.0,0.0,0.0,1.0,0.0,0.0,0.0,0.0,0.0,0.0,1.0,0.0,0.0,1.0
0.14285714285714285,0.9634670487106016,0.0,0.0,0.0,0.45714285714285713,0.6666666666666667,0.0,0.3333333333333333,0.1408296943231441,0.7981529813290503,0.1111111111111111,0.3571428571428571,0.0,0.3333333333333333,0.0,0.21052631578947367,0.6666666666666666,0.6666666666666667,0.2777777777777778,0.20689655172413793,0.13333333333333333,0.27586206896551724,0.0,0.0,1.0,0.0,0.0,1.0,0.0,0.0,0.0,0.0,0.0,1.0,1.0,0.0,0.0,0.0,0.0,0.0,0.0,0.0,0.0,0.0,1.0,0.0,0.0,1.0,0.0,1.0
0.2619047619047619,0.21991404011461316,0.03571428571428571,0.0,1.0,0.9571428571428571,0.6666666666666667,0.0,0.3333333333333333,0.13941690213203187,0.10335274041357156,0.0,0.1428571428571428,0.0,0.6666666666666667,1.0,0.14035087719298245,0.5,0.6666666666666667,0.16666666666666666,0.13793103448275862,0.0,0.13793103448275862,0.0,1.0,0.0,0.0,1.0,0.0,0.0,1.0,0.0,0.0,0.0,0.0,1.0,0.0,0.0,0.0,1.0,0.0,0.0,0.0,0.0,0.0,0.0,0.0,1.0,0.0,1.0,0.0
0.4047619047619047,0.654727793696275,0.17857142857142855,0.75,0.3333333333333333,0.7428571428571429,0.0,0.25,1.0,0.3619958900590804,0.6935956635213812,0.1111111111111111,0.1428571428571428,0.0,0.3333333333333333,0.0,0.5964912280701754,0.5,0.6666666666666667,0.9444444444444444,0.7586206896551724,1.0,0.5517241379310345,0.0,0.0,1.0,0.0,1.0,0.0,0.0,1.0,0.0,0.0,0.0,0.0,0.0,1.0,0.0,0.0,0.0,0.0,0.0,0.0,1.0,0.0,0.0,0.0,0.0,1.0,1.0,0.0
0.19047619047619052,0.5286532951289398,0.17857142857142855,0.5,0.6666666666666667,0.2285714285714286,0.3333333333333333,0.0,0.3333333333333333,0.08727202671461598,0.8514756073077695,0.1111111111111111,0.5714285714285713,0.0,0.6666666666666667,0.0,0.17543859649122806,0.5,0.3333333333333333,0.2777777777777778,0.27586206896551724,0.5333333333333333,0.20689655172413793,0.0,0.0,1.0,0.0,1.0,0.0,0.0,0.0,0.0,0.0,1.0,0.0,1.0,0.0,0.0,0.0,0.0,0.0,0.0,0.0,1.0,0.0,0.0,0.0,1.0,0.0,1.0,0.0
0.9523809523809523,0.13108882521489973,0.03571428571428571,0.75,1.0,0.01428571428571429,0.6666666666666667,1.0,0.3333333333333333,1.0,0.9502911062035736,0.7777777777777777,0.0714285714285714,0.0,1.0,0.0,1.0,0.3333333333333333,0.6666666666666667,1.0,1.0,1.0,0.5517241379310345,0.0,0.0,1.0,0.0,1.0,0.0,0.0,1.0,0.0,0.0,0.0,0.0,0.0,1.0,0.0,0.0,0.0,0.0,0.0,1.0,0.0,0.0,0.0,0.0,0.0,1.0,0.0,1.0
0.6428571428571428,0.18696275071633237,0.8571428571428571,0.5,0.3333333333333333,0.7571428571428571,0.6666666666666667,1.0,0.3333333333333333,1.0,0.43930937562738404,0.3333333333333333,0.7857142857142857,1.0,0.6666666666666667,0.0,0.7719298245614035,0.6666666666666666,0.6666666666666667,0.0,0.0,0.0,0.0,0.0,1.0,0.0,0.0,1.0,0.0,0.0,0.0,0.0,1.0,0.0,0.0,1.0,0.0,0.0,0.0,0.0,1.0,0.0,0.0,0.0,0.0,0.0,0.0,0.0,1.0,1.0,0.0
0.4761904761904761,0.5343839541547277,0.8571428571428571,0.25,0.0,0.7285714285714284,0.3333333333333333,0.5,0.3333333333333333,0.7097354225533008,0.9882754466974503,0.3333333333333333,0.4285714285714285,0.0,0.6666666666666667,0.3333333333333333,0.6666666666666666,0.3333333333333333,0.6666666666666667,0.5555555555555556,0.5517241379310345,0.0,0.06896551724137931,0.0,0.0,1.0,0.0,1.0,0.0,0.0,1.0,0.0,0.0,0.0,0.0,1.0,0.0,0.0,0.0,0.0,0.0,0.0,1.0,0.0,0.0,0.0,0.0,1.0,0.0,1.0,0.0
0.09523809523809518,0.10744985673352436,0.35714285714285715,0.5,0.0,0.18571428571428567,0.6666666666666667,0.0,0.3333333333333333,0.07930901618289238,0.8972495482834772,0.1111111111111111,0.1428571428571428,0.0,1.0,0.3333333333333333,0.07017543859649122,0.16666666666666666,0.6666666666666667,0.1111111111111111,0.06896551724137931,0.13333333333333333,0.13793103448275862,0.0,0.0,1.0,0.0,1.0,0.0,0.0,0.0,0.0,1.0,0.0,0.0,1.0,0.0,0.0,0.0,0.0,0.0,0.0,0.0,1.0,0.0,0.0,0.0,1.0,0.0,1.0,0.0
0.35714285714285715,0.654727793696275,0.8571428571428571,0.5,0.0,0.35714285714285715,0.3333333333333333,0.0,0.3333333333333333,0.08374004623683534,0.03609716924312387,0.4444444444444444,0.6428571428571427,1.0,0.3333333333333333,0.0,0.17543859649122806,0.0,0.6666666666666667,0.1111111111111111,0.13793103448275862,0.26666666666666666,0.13793103448275862,0.0,0.0,1.0,0.0,1.0,0.0,0.0,0.0,0.0,1.0,0.0,0.0,0.0,1.0,0.0,0.0,0.0,0.0,0.0,0.0,1.0,0.0,0.0,0.0,0.0,1.0,0.0,1.0
0.28571428571428564,0.9276504297994268,0.75,0.75,0.6666666666666667,0.5571428571428572,0.6666666666666667,0.5,0.0,0.4754045723092731,0.031961453523388875,0.0,0.0,0.0,0.6666666666666667,0.0,0.3508771929824561,0.5,0.6666666666666667,0.5,0.5517241379310345,0.9333333333333333,0.5517241379310345,1.0,0.0,0.0,0.0,0.0,1.0,0.0,0.0,0.0,0.0,1.0,0.0,1.0,0.0,0.0,0.0,0.0,0.0,0.0,0.0,0.0,1.0,0.0,0.0,1.0,0.0,1.0,0.0
0.4761904761904761,0.20916905444126074,0.2857142857142857,0.5,0.3333333333333333,0.9714285714285713,0.3333333333333333,0.0,0.3333333333333333,0.12137169278191626,0.40184701867094963,0.0,0.5714285714285713,0.0,1.0,0.3333333333333333,0.10526315789473684,0.5,0.6666666666666667,0.1111111111111111,0.13793103448275862,0.13333333333333333,0.13793103448275862,0.0,0.0,1.0,0.0,0.0,1.0,0.0,0.0,1.0,0.0,0.0,0.0,0.0,1.0,0.0,0.0,0.0,0.0,0.0,0.0,0.0,0.0,1.0,0.0,1.0,0.0,1.0,0.0
0.4047619047619047,0.38180515759312317,0.10714285714285714,0.75,1.0,0.24285714285714283,0.3333333333333333,0.0,1.0,0.08778576932956589,0.9814495081308975,0.1111111111111111,0.1428571428571428,0.0,0.3333333333333333,0.3333333333333333,0.07017543859649122,0.3333333333333333,1.0,0.1111111111111111,0.13793103448275862,0.26666666666666666,0.13793103448275862,0.0,1.0,0.0,0.0,1.0,0.0,0.0,0.0,0.0,0.0,1.0,0.0,0.0,1.0,0.0,0.0,1.0,0.0,0.0,0.0,0.0,0.0,0.0,0.0,1.0,0.0,1.0,0.0
0.28571428571428564,0.741404011461318,0.17857142857142855,0.5,0.0,0.2571428571428572,0.3333333333333333,0.25,1.0,0.23234009761109686,0.864766111222646,0.0,0.0714285714285714,0.0,0.0,0.3333333333333333,0.3508771929824561,1.0,0.6666666666666667,0.5,0.13793103448275862,0.8,0.48275862068965514,0.0,0.0,1.0,0.0,1.0,0.0,0.0,0.0,0.0,0.0,0.0,1.0,1.0,0.0,0.0,0.0,1.0,0.0,0.0,0.0,0.0,0.0,0.0,0.0,1.0,0.0,1.0,0.0
0.21428571428571425,0.9362464183381087,0.07142857142857142,0.0,1.0,0.5857142857142856,1.0,0.25,1.0,0.2336244541484716,0.5853844609516161,0.1111111111111111,0.6428571428571427,1.0,0.3333333333333333,0.6666666666666666,0.21052631578947367,0.5,0.6666666666666667,0.3333333333333333,0.3448275862068966,0.0,0.27586206896551724,0.0,1.0,0.0,0.0,0.0,1.0,0.0,0.0,0.0,1.0,0.0,0.0,1.0,0.0,0.0,0.0,0.0,0.0,0.0,0.0,0.0,1.0,0.0,1.0,0.0,0.0,0.0,1.0
0.11904761904761901,0.335243553008596,0.39285714285714285,0.25,1.0,0.6857142857142857,0.6666666666666667,0.0,1.0,0.1051888004109941,0.4648865689620558,0.1111111111111111,0.1428571428571428,0.0,0.6666666666666667,0.0,0.17543859649122806,1.0,1.0,0.2777777777777778,0.13793103448275862,0.13333333333333333,0.27586206896551724,0.0,0.0,1.0,0.0,1.0,0.0,0.0,0.0,0.0,0.0,1.0,0.0,0.0,1.0,0.0,0.0,1.0,0.0,0.0,0.0,0.0,0.0,0.0,0.0,0.0,1.0,1.0,0.0
0.6666666666666665,0.4520057306590257,0.03571428571428571,0.75,0.6666666666666667,0.2285714285714286,0.6666666666666667,1.0,1.0,1.0,0.48680987753463156,0.7777777777777777,0.4285714285714285,0.0,0.6666666666666667,0.3333333333333333,0.8421052631578947,0.5,0.6666666666666667,0.1111111111111111,0.06896551724137931,0.26666666666666666,0.13793103448275862,0.0,0.0,1.0,0.0,1.0,0.0,0.0,0.0,0.0,1.0,0.0,0.0,0.0,1.0,0.0,0.0,0.0,0.0,0.0,1.0,0.0,0.0,0.0,1.0,0.0,0.0,0.0,1.0
0.21428571428571425,0.6246418338108882,0.2142857142857143,0.5,1.0,0.35714285714285715,0.3333333333333333,0.25,0.0,0.3725918314924223,0.8554105601284883,0.8888888888888888,0.5714285714285713,0.0,0.0,0.0,0.3157894736842105,0.3333333333333333,0.0,0.38888888888888884,0.41379310344827586,0.0,0.48275862068965514,0.0,0.0,1.0,0.0,1.0,0.0,0.0,0.0,0.0,1.0,0.0,0.0,1.0,0.0,1.0,0.0,0.0,0.0,0.0,0.0,0.0,0.0,0.0,0.0,0.0,1.0,1.0,0.0
0.35714285714285715,0.3467048710601719,0.3214285714285714,0.0,0.0,0.11428571428571427,0.0,0.0,1.0,0.1540585666581043,0.18514354547279663,0.7777777777777777,0.1428571428571428,0.0,0.0,1.0,0.2807017543859649,0.3333333333333333,0.6666666666666667,0.2222222222222222,0.20689655172413793,0.13333333333333333,0.20689655172413793,0.0,0.0,1.0,0.0,1.0,0.0,0.0,0.0,0.0,1.0,0.0,0.0,0.0,1.0,0.0,0.0,1.0,0.0,0.0,0.0,0.0,0.0,0.0,1.0,0.0,0.0,1.0,0.0
0.7142857142857142,0.27865329512893977,0.5357142857142857,0.75,0.6666666666666667,0.9428571428571428,0.6666666666666667,0.25,0.6666666666666667,0.34870279989725145,0.4657297731379241,0.8888888888888888,0.2142857142857143,0.0,0.6666666666666667,0.3333333333333333,0.631578947368421,0.3333333333333333,0.6666666666666667,0.4444444444444444,0.48275862068965514,0.9333333333333333,0.48275862068965514,0.0,0.0,1.0,0.0,0.0,1.0,0.0,1.0,0.0,0.0,0.0,0.0,1.0,0.0,0.0,0.0,0.0,0.0,0.0,0.0,0.0,1.0,0.0,1.0,0.0,0.0,1.0,0.0
0.4761904761904761,0.5229226361031518,0.6071428571428571,0.5,0.3333333333333333,0.42857142857142855,0.0,0.25,1.0,0.30837400462368353,0.9012246536839992,0.3333333333333333,0.3571428571428571,0.0,0.6666666666666667,0.3333333333333333,0.5263157894736842,0.3333333333333333,0.6666666666666667,0.05555555555555555,0.0,0.13333333333333333,0.0,0.0,0.0,1.0,0.0,1.0,0.0,0.0,0.0,0.0,1.0,0.0,0.0,0.0,1.0,1.0,0.0,0.0,0.0,0.0,0.0,0.0,0.0,0.0,0.0,1.0,0.0,0.0,1.0
0.380952380952381,0.4290830945558739,0.5357142857142857,0.75,0.6666666666666667,1.0,0.3333333333333333,0.0,1.0,0.09915232468533264,0.24942782573780362,0.1111111111111111,0.3571428571428571,0.0,0.6666666666666667,0.0,0.21052631578947367,0.5,0.6666666666666667,0.2777777777777778,0.13793103448275862,0.13333333333333333,0.20689655172413793,0.0,1.0,0.0,0.0,1.0,0.0,0.0,1.0,0.0,0.0,0.0,0.0,1.0,0.0,0.0,0.0,0.0,0.0,0.0,0.0,1.0,0.0,0.0,0.0,0.0,1.0,1.0,0.0
0.21428571428571425,0.5200573065902578,0.25,0.0,0.6666666666666667,0.7714285714285714,0.6666666666666667,0.25,1.0,0.21403801695350627,0.8799036338084721,0.0,0.5714285714285713,0.0,0.3333333333333333,0.3333333333333333,0.17543859649122806,0.5,0.6666666666666667,0.2222222222222222,0.13793103448275862,0.13333333333333333,0.06896551724137931,0.0,1.0,0.0,0.0,0.0,1.0,0.0,0.0,1.0,0.0,0.0,0.0,0.0,1.0,0.0,0.0,0.0,0.0,0.0,0.0,0.0,1.0,0.0,0.0,1.0,0.0,1.0,0.0
0.28571428571428564,0.04083094555873926,0.07142857142857142,0.5,0.6666666666666667,0.5857142857142856,0.6666666666666667,0.0,0.6666666666666667,0.06896994605702544,0.8254968881750653,0.1111111111111111,0.6428571428571427,1.0,0.6666666666666667,0.3333333333333333,0.03508771929824561,0.3333333333333333,0.6666666666666667,0.05555555555555555,0.0,0.0,0.0,0.0,1.0,0.0,0.0,1.0,0.0,0.0,0.0,0.0,1.0,0.0,0.0,1.0,0.0,0.0,0.0,0.0,0.0,0.0,0.0,1.0,0.0,0.0,1.0,0.0,0.0,1.0,0.0
0.35714285714285715,0.30587392550143266,0.5357142857142857,0.5,0.6666666666666667,0.08571428571428569,0.6666666666666667,0.25,1.0,0.27992550732083227,0.5635816101184501,0.1111111111111111,0.9999999999999999,1.0,0.6666666666666667,0.3333333333333333,0.24561403508771928,0.3333333333333333,0.6666666666666667,0.3333333333333333,0.3448275862068966,0.13333333333333333,0.13793103448275862,1.0,0.0,0.0,0.0,0.0,1.0,0.0,1.0,0.0,0.0,0.0,0.0,1.0,0.0,0.0,0.0,0.0,0.0,0.0,0.0,0.0,1.0,0.0,1.0,0.0,0.0,0.0,1.0
0.23809523809523808,0.648997134670487,0.0,0.5,0.0,0.21428571428571425,0.3333333333333333,0.0,0.3333333333333333,0.10191369124068841,0.20341296928327643,0.1111111111111111,0.2857142857142857,0.0,0.0,0.6666666666666666,0.03508771929824561,0.3333333333333333,0.6666666666666667,0.05555555555555555,0.0,0.0,0.0,0.0,1.0,0.0,0.0,1.0,0.0,0.0,0.0,0.0,1.0,0.0,0.0,0.0,1.0,0.0,0.0,1.0,0.0,0.0,0.0,0.0,0.0,0.0,1.0,0.0,0.0,1.0,0.0
0.11904761904761901,0.38323782234957016,0.2857142857142857,0.5,1.0,0.04285714285714287,0.6666666666666667,0.0,0.0,0.05015412278448497,0.9982734390684601,0.1111111111111111,0.5714285714285713,0.0,0.0,0.3333333333333333,0.03508771929824561,0.5,0.3333333333333333,0.05555555555555555,0.0,0.13333333333333333,0.0,0.0,1.0,0.0,0.0,0.0,1.0,0.0,0.0,1.0,0.0,0.0,0.0,0.0,1.0,0.0,0.0,0.0,0.0,0.0,0.0,0.0,0.0,1.0,0.0,1.0,0.0,1.0,0.0
0.6904761904761905,0.9140401146131805,0.5357142857142857,0.75,0.6666666666666667,0.4857142857142857,1.0,0.25,0.6666666666666667,0.2605959414333419,0.18731178478217222,0.1111111111111111,0.5714285714285713,0.0,0.6666666666666667,0.0,0.7017543859649122,0.5,1.0,1.0,0.6896551724137931,0.26666666666666666,0.48275862068965514,0.0,1.0,0.0,0.0,1.0,0.0,0.0,0.0,0.0,1.0,0.0,0.0,0.0,1.0,0.0,0.0,0.0,0.0,1.0,0.0,0.0,0.0,0.0,1.0,0.0,0.0,0.0,1.0
0.7857142857142856,0.2356733524355301,0.2857142857142857,0.75,1.0,0.9428571428571428,0.6666666666666667,0.0,1.0,0.06845620344207554,0.66777755470789,0.3333333333333333,0.8571428571428571,1.0,0.3333333333333333,0.6666666666666666,0.3508771929824561,0.6666666666666666,0.6666666666666667,0.2222222222222222,0.13793103448275862,0.0,0.20689655172413793,0.0,0.0,1.0,0.0,1.0,0.0,0.0,1.0,0.0,0.0,0.0,0.0,0.0,1.0,0.0,0.0,1.0,0.0,0.0,0.0,0.0,0.0,0.0,0.0,1.0,0.0,1.0,0.0
0.4047619047619047,0.46346704871060174,0.9642857142857143,0.5,0.3333333333333333,0.2285714285714286,1.0,0.25,0.6666666666666667,0.15399434883123556,0.9337080907448304,0.1111111111111111,0.4285714285714285,0.0,1.0,0.6666666666666666,0.3508771929824561,0.5,0.3333333333333333,0.5555555555555556,0.6206896551724138,0.8,0.5517241379310345,0.0,0.0,1.0,0.0,1.0,0.0,0.0,1.0,0.0,0.0,0.0,0.0,0.0,1.0,0.0,0.0,1.0,0.0,0.0,0.0,0.0,0.0,0.0,0.0,1.0,0.0,1.0,0.0
0.28571428571428564,0.646131805157593,0.07142857142857142,0.5,1.0,0.8285714285714285,0.6666666666666667,0.0,0.0,0.10583097867968147,0.25946597068861676,0.5555555555555556,0.0,0.0,0.6666666666666667,0.0,0.2807017543859649,0.8333333333333333,0.6666666666666667,0.2777777777777778,0.13793103448275862,0.0,0.27586206896551724,0.0,0.0,1.0,0.0,1.0,0.0,0.0,0.0,0.0,0.0,0.0,1.0,1.0,0.0,0.0,0.0,0.0,0.0,0.0,0.0,1.0,0.0,0.0,0.0,0.0,1.0,0.0,1.0
0.4761904761904761,0.26361031518624645,0.39285714285714285,0.5,0.0,0.21428571428571425,0.3333333333333333,0.25,0.0,0.3390059080400719,0.08793414976912267,0.2222222222222222,0.2857142857142857,0.0,0.6666666666666667,0.3333333333333333,0.45614035087719296,0.5,0.3333333333333333,0.2222222222222222,0.20689655172413793,0.13333333333333333,0.13793103448275862,0.0,1.0,0.0,0.0,1.0,0.0,0.0,1.0,0.0,0.0,0.0,0.0,0.0,1.0,1.0,0.0,0.0,0.0,0.0,0.0,0.0,0.0,0.0,1.0,0.0,0.0,1.0,0.0
0.16666666666666669,0.419054441260745,0.07142857142857142,0.5,0.0,0.8714285714285714,0.6666666666666667,0.0,0.0,0.19406627279732852,0.2931941377233487,0.5555555555555556,0.1428571428571428,0.0,0.6666666666666667,0.3333333333333333,0.21052631578947367,0.8333333333333333,0.6666666666666667,0.1111111111111111,0.13793103448275862,0.0,0.13793103448275862,0.0,0.0,1.0,0.0,1.0,0.0,0.0,0.0,0.0,1.0,0.0,0.0,0.0,1.0,0.0,0.0,1.0,0.0,0.0,0.0,0.0,0.0,0.0,0.0,1.0,0.0,1.0,0.0
0.6904761904761905,0.6103151862464183,0.10714285714285714,0.25,1.0,0.7571428571428571,0.6666666666666667,0.25,1.0,0.20254302594400203,0.26006825938566547,0.1111111111111111,0.4285714285714285,0.0,0.6666666666666667,0.0,0.3157894736842105,0.0,0.6666666666666667,0.5,0.0,0.0,0.48275862068965514,0.0,0.0,1.0,0.0,0.0,1.0,0.0,1.0,0.0,0.0,0.0,0.0,1.0,0.0,0.0,0.0,0.0,0.0,0.0,0.0,0.0,1.0,0.0,0.0,0.0,1.0,0.0,1.0
0.7142857142857142,0.8030085959885387,0.3214285714285714,0.5,1.0,0.8714285714285714,0.3333333333333333,1.0,0.3333333333333333,1.0,0.46131298935956633,0.4444444444444444,0.0714285714285714,0.0,1.0,0.0,1.0,0.5,0.6666666666666667,1.0,0.6896551724137931,1.0,0.6206896551724138,0.0,0.0,1.0,0.0,1.0,0.0,0.0,1.0,0.0,0.0,0.0,0.0,0.0,1.0,0.0,0.0,0.0,0.0,0.0,1.0,0.0,0.0,0.0,0.0,1.0,0.0,1.0,0.0
0.4047619047619047,0.4075931232091691,0.8571428571428571,0.5,1.0,0.6857142857142857,0.3333333333333333,0.5,0.3333333333333333,0.6353711790393013,0.2824733989158803,0.3333333333333333,0.3571428571428571,0.0,0.0,0.0,0.5614035087719298,0.3333333333333333,0.6666666666666667,0.7222222222222222,0.6896551724137931,0.5333333333333333,0.5517241379310345,0.0,0.0,1.0,0.0,1.0,0.0,0.0,0.0,0.0,0.0,0.0,1.0,0.0,1.0,0.0,0.0,0.0,0.0,1.0,0.0,0.0,0.0,0.0,0.0,1.0,0.0,1.0,0.0
0.19047619047619052,0.23137535816618912,0.5714285714285714,0.75,0.3333333333333333,0.39999999999999997,0.6666666666666667,0.0,0.6666666666666667,0.11122527613665553,0.8317205380445694,0.0,0.0,0.0,0.3333333333333333,0.3333333333333333,0.2807017543859649,0.3333333333333333,0.3333333333333333,0.38888888888888884,0.48275862068965514,0.13333333333333333,0.0,0.0,1.0,0.0,1.0,0.0,0.0,0.0,1.0,0.0,0.0,0.0,0.0,1.0,0.0,0.0,1.0,0.0,0.0,0.0,0.0,0.0,0.0,0.0,1.0,0.0,0.0,0.0,1.0
0.3333333333333333,0.6554441260744985,0.07142857142857142,0.25,0.6666666666666667,0.12857142857142861,0.6666666666666667,0.5,1.0,0.6518109427176983,0.6937964264203975,0.3333333333333333,0.2857142857142857,0.0,1.0,0.0,0.3508771929824561,1.0,0.6666666666666667,0.38888888888888884,0.48275862068965514,0.9333333333333333,0.48275862068965514,0.0,0.0,1.0,0.0,1.0,0.0,0.0,1.0,0.0,0.0,0.0,0.0,1.0,0.0,0.0,0.0,0.0,0.0,0.0,1.0,0.0,0.0,0.0,0.0,0.0,1.0,1.0,0.0
0.4047619047619047,0.3044412607449857,0.25,0.75,0.6666666666666667,1.0,0.6666666666666667,0.0,0.6666666666666667,0.21281787824300025,0.20132503513350733,0.1111111111111111,0.4285714285714285,0.0,0.3333333333333333,0.0,0.21052631578947367,0.3333333333333333,0.0,0.2777777777777778,0.27586206896551724,0.13333333333333333,0.27586206896551724,0.0,0.0,1.0,1.0,0.0,0.0,0.0,0.0,0.0,0.0,0.0,1.0,0.0,1.0,0.0,1.0,0.0,0.0,0.0,0.0,0.0,0.0,0.0,0.0,0.0,1.0,1.0,0.0
0.49999999999999994,0.3502865329512894,0.03571428571428571,0.5,0.0,0.3428571428571428,0.3333333333333333,0.0,0.0,0.1693424094528641,0.6057819714916683,0.2222222222222222,0.8571428571428571,1.0,0.3333333333333333,0.0,0.38596491228070173,0.3333333333333333,1.0,0.05555555555555555,0.0,0.0,0.0,1.0,0.0,0.0,0.0,1.0,0.0,0.0,1.0,0.0,0.0,0.0,0.0,1.0,0.0,0.0,0.0,1.0,0.0,0.0,0.0,0.0,0.0,0.0,0.0,0.0,1.0,0.0,1.0
0.5238095238095237,0.49283667621776506,0.03571428571428571,0.25,0.6666666666666667,0.11428571428571427,1.0,0.25,0.3333333333333333,0.20774466992036988,0.3146757679180887,0.1111111111111111,0.9285714285714285,1.0,1.0,0.3333333333333333,0.2807017543859649,0.3333333333333333,0.6666666666666667,0.4444444444444444,0.48275862068965514,0.4,0.48275862068965514,0.0,1.0,0.0,0.0,1.0,0.0,0.0,0.0,0.0,1.0,0.0,0.0,1.0,0.0,1.0,0.0,0.0,0.0,0.0,0.0,0.0,0.0,0.0,0.0,1.0,0.0,1.0,0.0
0.28571428571428564,0.9756446991404011,0.0,0.5,1.0,0.4714285714285715,0.6666666666666667,0.0,0.3333333333333333,0.1650398150526586,0.2921100180686609,0.0,0.7142857142857143,1.0,0.0,0.3333333333333333,0.42105263157894735,0.3333333333333333,0.6666666666666667,0.611111111111111,0.6206896551724138,0.6666666666666666,0.48275862068965514,0.0,0.0,1.0,0.0,1.0,0.0,0.0,0.0,0.0,1.0,0.0,0.0,0.0,1.0,0.0,0.0,0.0,0.0,0.0,0.0,1.0,0.0,0.0,0.0,1.0,0.0,0.0,1.0
0.5238095238095237,0.002865329512893991,0.3214285714285714,0.5,0.3333333333333333,0.7714285714285714,0.3333333333333333,0.25,0.3333333333333333,0.37522476239404057,0.3813290503914877,0.7777777777777777,0.0714285714285714,0.0,0.3333333333333333,0.3333333333333333,0.24561403508771928,0.3333333333333333,1.0,0.2777777777777778,0.06896551724137931,0.13333333333333333,0.20689655172413793,0.0,0.0,1.0,0.0,0.0,1.0,0.0,0.0,0.0,0.0,0.0,1.0,1.0,0.0,0.0,0.0,0.0,0.0,0.0,0.0,0.0,1.0,0.0,1.0,0.0,0.0,1.0,0.0
0.19047619047619052,0.06375358166189113,0.0,0.25,0.0,0.4142857142857143,0.3333333333333333,0.0,0.0,0.18918571795530437,0.36326038948002404,0.1111111111111111,0.3571428571428571,0.0,0.0,0.6666666666666666,0.21052631578947367,0.3333333333333333,0.6666666666666667,0.2777777777777778,0.20689655172413793,0.13333333333333333,0.20689655172413793,0.0,0.0,1.0,0.0,1.0,0.0,0.0,0.0,0.0,1.0,0.0,0.0,0.0,1.0,0.0,0.0,1.0,0.0,0.0,0.0,0.0,0.0,0.0,0.0,1.0,0.0,1.0,0.0
0.07142857142857145,0.5673352435530086,0.2857142857142857,0.25,0.0,0.12857142857142861,0.6666666666666667,0.0,1.0,0.10281274081685077,0.030395502911062036,0.1111111111111111,0.9285714285714285,1.0,0.6666666666666667,0.0,0.10526315789473684,0.5,0.3333333333333333,0.16666666666666666,0.13793103448275862,0.26666666666666666,0.13793103448275862,1.0,0.0,0.0,0.0,0.0,1.0,0.0,0.0,0.0,1.0,0.0,0.0,0.0,1.0,0.0,0.0,0.0,0.0,0.0,0.0,0.0,0.0,1.0,0.0,0.0,1.0,1.0,0.0
0.42857142857142855,0.5802292263610315,0.2857142857142857,0.25,0.3333333333333333,0.2571428571428572,0.3333333333333333,0.25,0.3333333333333333,0.5033393269971744,0.47540654487050793,0.2222222222222222,0.0,0.0,0.6666666666666667,0.3333333333333333,0.45614035087719296,0.3333333333333333,0.6666666666666667,0.16666666666666666,0.13793103448275862,0.0,0.13793103448275862,0.0,0.0,1.0,0.0,1.0,0.0,0.0,0.0,0.0,1.0,0.0,0.0,0.0,1.0,0.0,0.0,0.0,0.0,1.0,0.0,0.0,0.0,0.0,1.0,0.0,0.0,0.0,1.0
0.23809523809523808,0.7163323782234957,0.5357142857142857,0.5,0.6666666666666667,0.2714285714285714,0.6666666666666667,0.0,0.6666666666666667,0.0728872334960185,0.001124272234491061,0.1111111111111111,0.2142857142857143,0.0,0.6666666666666667,0.0,0.17543859649122806,0.5,0.3333333333333333,0.2777777777777778,0.20689655172413793,0.13333333333333333,0.27586206896551724,1.0,0.0,0.0,0.0,1.0,0.0,0.0,0.0,0.0,1.0,0.0,0.0,0.0,1.0,0.0,0.0,0.0,0.0,0.0,0.0,1.0,0.0,0.0,0.0,0.0,1.0,1.0,0.0
0.23809523809523808,0.1332378223495702,0.03571428571428571,0.25,0.6666666666666667,0.11428571428571427,0.3333333333333333,0.0,0.0,0.09966606730028257,0.13093756273840593,0.7777777777777777,0.0,0.0,0.6666666666666667,0.0,0.2807017543859649,0.3333333333333333,0.3333333333333333,0.0,0.0,0.0,0.0,0.0,1.0,0.0,0.0,1.0,0.0,0.0,0.0,0.0,1.0,0.0,0.0,0.0,1.0,0.0,0.0,1.0,0.0,0.0,0.0,0.0,0.0,0.0,0.0,0.0,1.0,1.0,0.0
0.07142857142857145,0.167621776504298,0.2142857142857143,0.0,0.3333333333333333,0.01428571428571429,0.6666666666666667,0.0,0.3333333333333333,0.10724377087079373,0.09929732985344308,0.1111111111111111,0.1428571428571428,0.0,0.3333333333333333,0.0,0.03508771929824561,0.5,0.6666666666666667,0.05555555555555555,0.0,0.13333333333333333,0.0,0.0,0.0,1.0,0.0,0.0,1.0,0.0,0.0,1.0,0.0,0.0,0.0,0.0,1.0,0.0,0.0,0.0,0.0,0.0,0.0,0.0,0.0,1.0,0.0,0.0,1.0,1.0,0.0
0.5238095238095237,0.3237822349570201,0.03571428571428571,0.5,0.3333333333333333,0.6857142857142857,0.3333333333333333,0.25,0.6666666666666667,0.15662727973285384,0.45541056012848824,0.6666666666666666,0.7857142857142857,1.0,0.3333333333333333,0.3333333333333333,0.7017543859649122,0.5,0.6666666666666667,0.05555555555555555,0.0,0.0,0.0,0.0,0.0,1.0,0.0,1.0,0.0,0.0,0.0,0.0,1.0,0.0,0.0,1.0,0.0,0.0,0.0,1.0,0.0,0.0,0.0,0.0,0.0,0.0,0.0,1.0,0.0,1.0,0.0
0.35714285714285715,0.6210601719197707,0.2142857142857143,0.5,1.0,0.0,0.6666666666666667,0.25,0.3333333333333333,0.21146930387875673,0.45400521983537445,0.0,0.4285714285714285,0.0,0.6666666666666667,0.3333333333333333,0.14035087719298245,0.5,0.6666666666666667,0.16666666666666666,0.13793103448275862,0.0,0.13793103448275862,0.0,1.0,0.0,0.0,0.0,1.0,0.0,1.0,0.0,0.0,0.0,0.0,1.0,0.0,0.0,0.0,0.0,0.0,0.0,0.0,0.0,1.0,0.0,0.0,1.0,0.0,1.0,0.0
0.5714285714285714,0.7442693409742119,0.25,0.5,1.0,0.7285714285714284,0.6666666666666667,0.0,0.6666666666666667,0.19002054970459797,0.46295924513149966,0.4444444444444444,0.1428571428571428,0.0,1.0,0.0,0.2807017543859649,0.5,0.6666666666666667,0.0,0.0,0.0,0.0,0.0,0.0,1.0,0.0,1.0,0.0,0.0,1.0,0.0,0.0,0.0,0.0,0.0,1.0,0.0,0.0,1.0,0.0,0.0,0.0,0.0,0.0,0.0,0.0,0.0,1.0,1.0,0.0
0.7619047619047619,0.505730659025788,0.39285714285714285,0.5,0.6666666666666667,0.6714285714285713,0.6666666666666667,0.5,1.0,0.5265219624967892,0.18273439068460148,0.4444444444444444,0.0,0.0,1.0,0.0,0.5614035087719298,0.5,0.6666666666666667,0.1111111111111111,0.13793103448275862,0.26666666666666666,0.06896551724137931,0.0,1.0,0.0,0.0,0.0,1.0,0.0,0.0,1.0,0.0,0.0,0.0,1.0,0.0,0.0,0.0,0.0,0.0,0.0,0.0,0.0,1.0,0.0,0.0,0.0,1.0,1.0,0.0
0.6666666666666665,0.3875358166189111,0.0,0.75,1.0,0.9571428571428571,0.6666666666666667,0.5,0.0,0.5385949139481121,0.41252760489861473,0.7777777777777777,0.3571428571428571,0.0,0.6666666666666667,0.3333333333333333,0.5964912280701754,0.5,0.6666666666666667,0.2222222222222222,0.13793103448275862,0.0,0.20689655172413793,0.0,0.0,1.0,0.0,1.0,0.0,0.0,0.0,0.0,1.0,0.0,0.0,0.0,1.0,1.0,0.0,0.0,0.0,0.0,0.0,0.0,0.0,0.0,1.0,0.0,0.0,1.0,0.0
0.047619047619047616,0.901862464183381,0.3214285714285714,0.0,1.0,0.02857142857142858,0.6666666666666667,0.0,0.6666666666666667,0.0,0.9999999999999999,0.1111111111111111,0.0,0.0,1.0,0.0,0.03508771929824561,0.8333333333333333,0.6666666666666667,0.05555555555555555,0.0,0.13333333333333333,0.06896551724137931,0.0,0.0,1.0,0.0,1.0,0.0,0.0,0.0,0.0,1.0,0.0,0.0,0.0,1.0,0.0,0.0,0.0,0.0,0.0,0.0,1.0,0.0,0.0,0.0,0.0,1.0,0.0,1.0
0.6428571428571428,0.1941260744985673,0.6785714285714285,0.5,1.0,0.28571428571428575,0.6666666666666667,0.25,0.6666666666666667,0.24666067300282557,0.8528006424412768,0.8888888888888888,0.2857142857142857,0.0,0.6666666666666667,0.0,0.2807017543859649,0.5,0.6666666666666667,0.2777777777777778,0.20689655172413793,0.0,0.06896551724137931,0.0,0.0,1.0,0.0,0.0,1.0,0.0,1.0,0.0,0.0,0.0,0.0,1.0,0.0,0.0,0.0,0.0,0.0,0.0,0.0,0.0,1.0,0.0,0.0,0.0,1.0,1.0,0.0
0.2619047619047619,0.17693409742120345,0.42857142857142855,0.5,0.0,0.3714285714285714,0.3333333333333333,0.0,0.0,0.0851528384279476,0.042682192330857266,0.4444444444444444,0.2857142857142857,0.0,1.0,1.0,0.14035087719298245,0.5,0.6666666666666667,0.1111111111111111,0.13793103448275862,0.26666666666666666,0.0,0.0,0.0,1.0,1.0,0.0,0.0,1.0,0.0,0.0,0.0,0.0,0.0,0.0,1.0,0.0,1.0,0.0,0.0,0.0,0.0,0.0,0.0,0.0,1.0,0.0,0.0,0.0,1.0
0.3333333333333333,0.6554441260744985,0.03571428571428571,0.75,0.0,0.6285714285714286,1.0,0.25,1.0,0.259825327510917,0.3398112828749247,0.7777777777777777,0.3571428571428571,0.0,0.6666666666666667,0.0,0.3508771929824561,0.0,0.3333333333333333,0.38888888888888884,0.48275862068965514,0.0,0.48275862068965514,0.0,0.0,1.0,0.0,1.0,0.0,0.0,0.0,0.0,1.0,0.0,0.0,1.0,0.0,0.0,0.0,0.0,0.0,0.0,0.0,1.0,0.0,0.0,0.0,0.0,1.0,1.0,0.0
0.4047619047619047,0.3696275071633238,0.0,0.5,0.3333333333333333,0.7857142857142856,0.6666666666666667,0.25,0.6666666666666667,0.23811970202928334,0.6651274844408753,1.0,0.0,0.0,0.6666666666666667,0.0,0.5263157894736842,0.3333333333333333,0.6666666666666667,0.611111111111111,0.6206896551724138,0.8,0.6206896551724138,0.0,0.0,1.0,0.0,0.0,1.0,0.0,0.0,1.0,0.0,0.0,0.0,0.0,1.0,0.0,0.0,0.0,0.0,0.0,0.0,0.0,1.0,0.0,0.0,1.0,0.0,1.0,0.0
0.5714285714285714,0.37177650429799425,0.03571428571428571,0.75,0.6666666666666667,0.7285714285714284,0.6666666666666667,0.25,1.0,0.19779090675571537,0.14551294920698654,0.1111111111111111,0.1428571428571428,0.0,0.3333333333333333,0.6666666666666666,0.3508771929824561,0.6666666666666666,0.6666666666666667,0.5555555555555556,0.13793103448275862,0.26666666666666666,0.13793103448275862,0.0,0.0,1.0,0.0,1.0,0.0,0.0,1.0,0.0,0.0,0.0,0.0,1.0,0.0,1.0,0.0,0.0,0.0,0.0,0.0,0.0,0.0,0.0,0.0,1.0,0.0,1.0,0.0
0.4523809523809524,0.2872492836676218,0.3214285714285714,0.5,0.0,0.4428571428571429,0.6666666666666667,0.5,0.6666666666666667,0.5804649370665296,0.822284681790805,0.6666666666666666,0.0,0.0,0.3333333333333333,0.6666666666666666,0.5964912280701754,0.8333333333333333,0.6666666666666667,0.05555555555555555,0.0,0.0,0.0,0.0,1.0,0.0,0.0,1.0,0.0,0.0,0.0,0.0,1.0,0.0,0.0,0.0,1.0,0.0,0.0,0.0,0.0,1.0,0.0,0.0,0.0,0.0,1.0,0.0,0.0,1.0,0.0
0.5238095238095237,0.46346704871060174,0.39285714285714285,0.5,0.3333333333333333,0.24285714285714283,0.6666666666666667,0.25,0.0,0.22084510660159262,0.34748042561734593,0.2222222222222222,0.0714285714285714,0.0,0.3333333333333333,0.3333333333333333,0.5263157894736842,0.5,0.6666666666666667,0.38888888888888884,0.27586206896551724,0.9333333333333333,0.48275862068965514,0.0,0.0,1.0,0.0,1.0,0.0,0.0,1.0,0.0,0.0,0.0,0.0,1.0,0.0,1.0,0.0,0.0,0.0,0.0,0.0,0.0,0.0,0.0,1.0,0.0,0.0,1.0,0.0
0.9047619047619047,0.7585959885386819,0.8214285714285714,0.25,0.0,0.9571428571428571,0.6666666666666667,0.0,1.0,0.10133573079886976,0.32792611925316195,0.1111111111111111,0.3571428571428571,0.0,1.0,0.0,0.17543859649122806,0.5,0.6666666666666667,0.2222222222222222,0.13793103448275862,0.13333333333333333,0.0,0.0,0.0,1.0,0.0,1.0,0.0,0.0,1.0,0.0,0.0,0.0,0.0,0.0,1.0,0.0,0.0,1.0,0.0,0.0,0.0,0.0,0.0,0.0,0.0,0.0,1.0,1.0,0.0
0.380952380952381,0.6919770773638968,0.03571428571428571,0.0,1.0,0.21428571428571425,0.3333333333333333,0.25,0.6666666666666667,0.5482918058052915,0.4810279060429633,0.1111111111111111,0.4285714285714285,0.0,0.6666666666666667,0.0,0.3508771929824561,0.3333333333333333,0.3333333333333333,0.5555555555555556,0.6206896551724138,0.13333333333333333,0.6206896551724138,0.0,1.0,0.0,0.0,1.0,0.0,0.0,1.0,0.0,0.0,0.0,0.0,0.0,1.0,0.0,0.0,0.0,0.0,1.0,0.0,0.0,0.0,0.0,0.0,1.0,0.0,1.0,0.0
0.3095238095238095,0.27005730659025784,0.2142857142857143,0.25,0.3333333333333333,0.01428571428571429,0.6666666666666667,0.25,0.0,0.2117261751862317,0.08279461955430636,0.1111111111111111,0.0714285714285714,0.0,0.3333333333333333,0.3333333333333333,0.45614035087719296,0.8333333333333333,0.0,0.7222222222222222,0.6896551724137931,0.4,0.8275862068965517,0.0,0.0,1.0,0.0,1.0,0.0,0.0,0.0,0.0,1.0,0.0,0.0,1.0,0.0,0.0,0.0,0.0,0.0,1.0,0.0,0.0,0.0,0.0,0.0,1.0,0.0,1.0,0.0
0.49999999999999994,0.7987106017191976,0.0,0.0,0.3333333333333333,0.31428571428571433,0.6666666666666667,1.0,0.6666666666666667,1.0,0.24569363581610118,0.1111111111111111,0.2142857142857143,0.0,0.6666666666666667,0.3333333333333333,0.7368421052631579,0.5,0.6666666666666667,1.0,0.5517241379310345,0.13333333333333333,0.41379310344827586,0.0,1.0,0.0,0.0,1.0,0.0,0.0,1.0,0.0,0.0,0.0,0.0,0.0,1.0,0.0,0.0,0.0,1.0,0.0,0.0,0.0,0.0,0.0,1.0,0.0,0.0,0.0,1.0
0.380952380952381,0.2693409742120344,0.2142857142857143,0.75,0.0,0.07142857142857145,0.6666666666666667,0.0,1.0,0.1260595941433342,0.8017265609315398,0.1111111111111111,0.1428571428571428,0.0,0.6666666666666667,0.0,0.03508771929824561,0.6666666666666666,0.0,0.05555555555555555,0.0,0.0,0.0,0.0,0.0,1.0,0.0,1.0,0.0,0.0,0.0,0.0,1.0,0.0,0.0,0.0,1.0,0.0,0.0,0.0,0.0,0.0,0.0,1.0,0.0,0.0,0.0,0.0,1.0,1.0,0.0
0.28571428571428564,0.0358166189111748,0.25,0.25,0.3333333333333333,0.6142857142857143,1.0,0.5,0.0,0.6683149242229642,0.630716723549488,0.0,0.0714285714285714,0.0,0.6666666666666667,1.0,0.3157894736842105,0.6666666666666666,0.3333333333333333,0.4444444444444444,0.48275862068965514,0.13333333333333333,0.48275862068965514,0.0,0.0,1.0,0.0,1.0,0.0,0.0,1.0,0.0,0.0,0.0,0.0,1.0,0.0,0.0,0.0,0.0,0.0,0.0,1.0,0.0,0.0,0.0,0.0,1.0,0.0,0.0,1.0
0.8095238095238095,0.15687679083094555,0.9642857142857143,0.25,1.0,0.4142857142857143,1.0,0.75,0.6666666666666667,0.7858977652196251,0.3066452519574383,0.2222222222222222,0.0,0.0,0.3333333333333333,0.3333333333333333,0.8421052631578947,0.5,0.3333333333333333,0.2777777777777778,0.20689655172413793,0.0,0.13793103448275862,0.0,1.0,0.0,0.0,1.0,0.0,0.0,0.0,0.0,1.0,0.0,0.0,1.0,0.0,0.0,0.0,0.0,0.0,1.0,0.0,0.0,0.0,0.0,0.0,1.0,0.0,0.0,1.0
0.4523809523809524,0.27148997134670483,0.07142857142857142,0.5,0.6666666666666667,0.08571428571428569,0.6666666666666667,0.5,0.6666666666666667,0.541035191369124,0.30162617948203174,0.1111111111111111,0.2857142857142857,0.0,0.6666666666666667,0.3333333333333333,0.3508771929824561,0.3333333333333333,0.6666666666666667,0.5555555555555556,0.48275862068965514,0.9333333333333333,0.5517241379310345,0.0,0.0,1.0,0.0,1.0,0.0,0.0,0.0,0.0,0.0,1.0,0.0,0.0,1.0,0.0,0.0,0.0,0.0,1.0,0.0,0.0,0.0,0.0,0.0,1.0,0.0,1.0,0.0
0.3333333333333333,0.38323782234957016,0.25,0.25,0.6666666666666667,0.8714285714285714,1.0,0.25,0.6666666666666667,0.2675314667351657,0.8057819714916683,0.5555555555555556,0.0714285714285714,0.0,0.6666666666666667,0.3333333333333333,0.3157894736842105,0.5,0.3333333333333333,0.2777777777777778,0.20689655172413793,0.13333333333333333,0.20689655172413793,0.0,0.0,1.0,0.0,1.0,0.0,0.0,0.0,0.0,1.0,0.0,0.0,1.0,0.0,0.0,0.0,0.0,0.0,0.0,0.0,1.0,0.0,0.0,0.0,1.0,0.0,1.0,0.0
0.35714285714285715,0.20702005730659026,0.03571428571428571,0.75,1.0,0.8999999999999999,0.6666666666666667,0.25,1.0,0.2887233496018495,0.07335876330054206,0.1111111111111111,0.2142857142857143,0.0,0.6666666666666667,0.6666666666666666,0.21052631578947367,0.8333333333333333,0.6666666666666667,0.3333333333333333,0.13793103448275862,0.0,0.27586206896551724,0.0,0.0,1.0,0.0,0.0,1.0,0.0,0.0,0.0,1.0,0.0,0.0,0.0,1.0,0.0,0.0,0.0,0.0,0.0,0.0,0.0,1.0,0.0,1.0,0.0,0.0,1.0,0.0
0.0,0.1031518624641834,0.25,0.0,0.6666666666666667,0.7142857142857142,0.6666666666666667,0.0,0.6666666666666667,0.05747495504752119,0.46022886970487853,0.1111111111111111,0.0714285714285714,0.0,1.0,0.0,0.0,0.0,0.6666666666666667,0.0,0.0,0.0,0.0,1.0,0.0,0.0,0.0,1.0,0.0,0.0,0.0,0.0,1.0,0.0,0.0,0.0,1.0,0.0,0.0,1.0,0.0,0.0,0.0,0.0,0.0,0.0,0.0,0.0,1.0,1.0,0.0
0.35714285714285715,0.2593123209169055,0.03571428571428571,0.25,0.0,0.12857142857142861,0.6666666666666667,0.0,0.0,0.10904187002311841,0.7795623368801445,0.7777777777777777,0.6428571428571427,1.0,0.0,0.0,0.45614035087719296,0.5,1.0,0.5,0.48275862068965514,0.13333333333333333,0.48275862068965514,0.0,0.0,1.0,0.0,1.0,0.0,0.0,1.0,0.0,0.0,0.0,0.0,1.0,0.0,0.0,0.0,1.0,0.0,0.0,0.0,0.0,0.0,0.0,0.0,1.0,0.0,1.0,0.0
0.35714285714285715,0.8667621776504297,0.0,0.25,0.3333333333333333,0.4142857142857143,0.3333333333333333,0.0,0.6666666666666667,0.06415360904187004,0.7365990764906645,0.1111111111111111,0.0714285714285714,0.0,0.6666666666666667,1.0,0.03508771929824561,0.3333333333333333,0.3333333333333333,0.05555555555555555,0.06896551724137931,0.0,0.0,1.0,0.0,0.0,0.0,1.0,0.0,0.0,0.0,0.0,1.0,0.0,0.0,0.0,1.0,0.0,0.0,1.0,0.0,0.0,0.0,0.0,0.0,0.0,1.0,0.0,0.0,1.0,0.0
0.28571428571428564,0.6511461318051576,0.14285714285714285,0.75,0.3333333333333333,0.6428571428571428,0.3333333333333333,0.0,1.0,0.17672745954276908,0.011202569765107404,1.0,0.0714285714285714,0.0,0.3333333333333333,0.3333333333333333,0.3508771929824561,0.5,0.3333333333333333,0.2777777777777778,0.27586206896551724,0.0,0.20689655172413793,0.0,1.0,0.0,0.0,1.0,0.0,0.0,1.0,0.0,0.0,0.0,0.0,0.0,1.0,0.0,0.0,0.0,0.0,0.0,0.0,1.0,0.0,0.0,1.0,0.0,0.0,1.0,0.0
0.42857142857142855,0.04369627507163325,0.03571428571428571,0.25,0.3333333333333333,0.4428571428571429,0.3333333333333333,0.5,0.6666666666666667,0.42300282558438224,0.06886167436257778,0.1111111111111111,0.1428571428571428,0.0,0.3333333333333333,0.6666666666666666,0.3508771929824561,0.3333333333333333,0.6666666666666667,0.5555555555555556,0.6206896551724138,1.0,0.0,0.0,0.0,1.0,0.0,0.0,1.0,0.0,0.0,0.0,1.0,0.0,0.0,0.0,1.0,0.0,0.0,0.0,0.0,0.0,0.0,0.0,1.0,0.0,0.0,1.0,0.0,1.0,0.0
0.5238095238095237,0.42191977077363896,0.35714285714285715,0.5,1.0,0.6142857142857143,0.6666666666666667,0.25,0.6666666666666667,0.34125353198047775,0.9939771130295122,0.1111111111111111,0.0,0.0,0.0,0.3333333333333333,0.3508771929824561,0.3333333333333333,1.0,0.5555555555555556,0.6206896551724138,1.0,0.27586206896551724,0.0,1.0,0.0,0.0,1.0,0.0,0.0,0.0,0.0,0.0,0.0,1.0,1.0,0.0,0.0,0.0,1.0,0.0,0.0,0.0,0.0,0.0,0.0,0.0,1.0,0.0,1.0,0.0
0.21428571428571425,0.4212034383954155,0.2857142857142857,0.5,1.0,0.38571428571428573,0.6666666666666667,0.0,0.3333333333333333,0.06518109427176985,0.15563139931740613,0.6666666666666666,0.4999999999999999,0.0,1.0,0.3333333333333333,0.21052631578947367,0.16666666666666666,0.0,0.1111111111111111,0.13793103448275862,0.26666666666666666,0.13793103448275862,1.0,0.0,0.0,0.0,1.0,0.0,0.0,0.0,0.0,1.0,0.0,0.0,0.0,1.0,0.0,0.0,0.0,0.0,0.0,0.0,1.0,0.0,0.0,1.0,0.0,0.0,1.0,0.0
0.7142857142857142,0.4383954154727794,0.0,0.5,1.0,0.657142857142857,0.3333333333333333,1.0,1.0,1.0,0.26657297731379237,0.6666666666666666,0.0714285714285714,0.0,0.6666666666666667,0.0,0.8771929824561403,0.5,1.0,0.05555555555555555,0.0,0.0,0.0,0.0,0.0,1.0,0.0,1.0,0.0,0.0,1.0,0.0,0.0,0.0,0.0,0.0,1.0,0.0,0.0,0.0,0.0,0.0,1.0,0.0,0.0,0.0,0.0,0.0,1.0,1.0,0.0
0.4523809523809524,0.3481375358166189,0.2857142857142857,0.25,0.3333333333333333,0.2285714285714286,0.3333333333333333,0.25,0.3333333333333333,0.20421268944258925,0.26926320016061034,0.1111111111111111,0.2142857142857143,0.0,0.0,0.6666666666666666,0.17543859649122806,0.3333333333333333,0.6666666666666667,0.2777777777777778,0.13793103448275862,0.0,0.20689655172413793,0.0,0.0,1.0,0.0,0.0,1.0,0.0,0.0,1.0,0.0,0.0,0.0,0.0,1.0,0.0,0.0,0.0,0.0,0.0,0.0,0.0,1.0,0.0,0.0,1.0,0.0,1.0,0.0
0.7619047619047619,0.16117478510028654,0.0,0.5,0.6666666666666667,0.7999999999999998,0.3333333333333333,0.0,0.6666666666666667,0.17216799383508863,0.05344308371812889,0.2222222222222222,0.2857142857142857,0.0,1.0,0.3333333333333333,0.17543859649122806,0.3333333333333333,0.3333333333333333,0.16666666666666666,0.13793103448275862,0.0,0.13793103448275862,0.0,0.0,1.0,0.0,1.0,0.0,0.0,0.0,0.0,1.0,0.0,0.0,0.0,1.0,0.0,0.0,1.0,0.0,0.0,0.0,0.0,0.0,0.0,0.0,1.0,0.0,1.0,0.0
0.19047619047619052,0.6361031518624641,0.17857142857142855,0.5,0.6666666666666667,0.5857142857142856,0.6666666666666667,0.0,1.0,0.10595941433341896,0.6289901626179482,0.1111111111111111,0.1428571428571428,0.0,0.6666666666666667,0.3333333333333333,0.10526315789473684,0.3333333333333333,0.6666666666666667,0.16666666666666666,0.13793103448275862,0.0,0.13793103448275862,0.0,0.0,1.0,0.0,1.0,0.0,0.0,1.0,0.0,0.0,0.0,0.0,1.0,0.0,0.0,0.0,1.0,0.0,0.0,0.0,0.0,0.0,0.0,0.0,1.0,0.0,0.0,1.0
0.5714285714285714,0.07020057306590258,0.0,0.75,0.3333333333333333,0.9285714285714286,0.6666666666666667,0.0,0.0,0.10062933470331364,0.7386468580606304,0.3333333333333333,0.3571428571428571,0.0,0.3333333333333333,0.3333333333333333,0.2807017543859649,0.8333333333333333,0.6666666666666667,0.2777777777777778,0.13793103448275862,0.13333333333333333,0.13793103448275862,0.0,0.0,1.0,0.0,1.0,0.0,0.0,1.0,0.0,0.0,0.0,0.0,1.0,0.0,0.0,0.0,1.0,0.0,0.0,0.0,0.0,0.0,0.0,1.0,0.0,0.0,1.0,0.0
0.19047619047619052,0.6898280802292264,0.03571428571428571,0.25,1.0,0.02857142857142858,1.0,0.25,1.0,0.28660416131518107,0.049789198956032926,0.1111111111111111,0.0714285714285714,0.0,0.3333333333333333,0.0,0.2807017543859649,0.3333333333333333,0.6666666666666667,0.4444444444444444,0.48275862068965514,0.13333333333333333,0.20689655172413793,0.0,0.0,1.0,0.0,1.0,0.0,0.0,0.0,0.0,1.0,0.0,0.0,0.0,1.0,0.0,0.0,0.0,0.0,1.0,0.0,0.0,0.0,0.0,0.0,1.0,0.0,1.0,0.0
0.16666666666666669,0.8431232091690544,0.2142857142857143,0.0,1.0,0.4857142857142857,0.3333333333333333,0.0,1.0,0.12072951451322889,0.9959044368600681,0.1111111111111111,0.0,0.0,0.6666666666666667,0.6666666666666666,0.07017543859649122,0.3333333333333333,0.6666666666666667,0.1111111111111111,0.13793103448275862,0.26666666666666666,0.06896551724137931,0.0,0.0,1.0,0.0,1.0,0.0,0.0,0.0,0.0,1.0,0.0,0.0,0.0,1.0,0.0,0.0,0.0,0.0,0.0,0.0,1.0,0.0,0.0,0.0,1.0,0.0,1.0,0.0
0.7619047619047619,0.3287965616045845,0.25,0.25,0.3333333333333333,0.28571428571428575,0.6666666666666667,0.25,0.6666666666666667,0.3716285640893912,0.8575787994378639,0.3333333333333333,0.2142857142857143,0.0,0.0,0.3333333333333333,0.631578947368421,0.6666666666666666,0.6666666666666667,0.2222222222222222,0.20689655172413793,0.13333333333333333,0.20689655172413793,0.0,1.0,0.0,0.0,0.0,1.0,0.0,0.0,0.0,0.0,0.0,1.0,0.0,1.0,0.0,0.0,0.0,0.0,0.0,0.0,0.0,1.0,0.0,0.0,1.0,0.0,0.0,1.0
0.5238095238095237,0.9785100286532951,0.2857142857142857,0.75,1.0,0.07142857142857145,0.6666666666666667,0.0,0.3333333333333333,0.16748009247367068,0.9222646055009035,0.8888888888888888,0.2142857142857143,0.0,1.0,0.3333333333333333,0.10526315789473684,0.3333333333333333,0.6666666666666667,0.05555555555555555,0.06896551724137931,0.0,0.0,0.0,1.0,0.0,0.0,1.0,0.0,0.0,0.0,0.0,1.0,0.0,0.0,0.0,1.0,0.0,0.0,0.0,0.0,0.0,0.0,1.0,0.0,0.0,1.0,0.0,0.0,0.0,1.0
0.5238095238095237,0.569484240687679,0.17857142857142855,0.25,0.6666666666666667,0.11428571428571427,0.6666666666666667,0.75,1.0,0.9907526329309018,0.6138124874523188,0.1111111111111111,0.7142857142857143,1.0,1.0,0.0,0.7368421052631579,0.3333333333333333,0.6666666666666667,1.0,0.48275862068965514,0.9333333333333333,0.48275862068965514,0.0,0.0,1.0,1.0,0.0,0.0,0.0,0.0,0.0,1.0,0.0,0.0,0.0,1.0,0.0,0.0,0.0,1.0,0.0,0.0,0.0,0.0,0.0,0.0,0.0,1.0,0.0,1.0
0.7857142857142856,0.9691977077363896,0.0,0.75,0.0,0.0,0.3333333333333333,0.5,0.0,0.41581042897508347,0.9516964464966874,0.3333333333333333,0.6428571428571427,1.0,0.6666666666666667,0.0,0.8070175438596491,0.16666666666666666,0.3333333333333333,0.7222222222222222,0.8275862068965517,1.0,0.5517241379310345,0.0,1.0,0.0,0.0,1.0,0.0,0.0,0.0,0.0,1.0,0.0,0.0,1.0,0.0,1.0,0.0,0.0,0.0,0.0,0.0,0.0,0.0,0.0,0.0,0.0,1.0,1.0,0.0
0.23809523809523808,0.3946991404011462,0.0,0.25,0.0,0.5285714285714285,0.0,0.0,0.3333333333333333,0.0775109170305677,0.0713912868901827,0.7777777777777777,0.1428571428571428,0.0,1.0,0.0,0.3508771929824561,0.6666666666666666,0.6666666666666667,0.38888888888888884,0.48275862068965514,0.4,0.48275862068965514,0.0,0.0,1.0,0.0,1.0,0.0,0.0,1.0,0.0,0.0,0.0,0.0,1.0,0.0,0.0,0.0,0.0,0.0,0.0,0.0,1.0,0.0,0.0,0.0,0.0,1.0,0.0,1.0
0.5238095238095237,0.7743553008595988,0.03571428571428571,0.75,0.3333333333333333,0.45714285714285713,0.6666666666666667,0.25,0.3333333333333333,0.21307474955047523,0.9374021280867296,0.5555555555555556,0.0714285714285714,0.0,1.0,1.0,0.17543859649122806,0.3333333333333333,0.6666666666666667,0.0,0.0,0.0,0.0,0.0,1.0,0.0,0.0,0.0,1.0,0.0,0.0,0.0,1.0,0.0,0.0,0.0,1.0,0.0,0.0,0.0,0.0,0.0,0.0,0.0,1.0,0.0,0.0,1.0,0.0,1.0,0.0
0.6666666666666665,0.6446991404011461,0.25,0.75,1.0,0.6285714285714286,0.3333333333333333,0.25,0.0,0.23156948368867197,0.7602890985745834,0.8888888888888888,0.8571428571428571,1.0,0.0,1.0,0.6666666666666666,0.3333333333333333,0.6666666666666667,0.8888888888888888,0.896551724137931,0.13333333333333333,0.48275862068965514,0.0,0.0,1.0,0.0,1.0,0.0,0.0,1.0,0.0,0.0,0.0,0.0,1.0,0.0,0.0,0.0,0.0,0.0,0.0,0.0,1.0,0.0,0.0,1.0,0.0,0.0,0.0,1.0
0.5238095238095237,0.30085959885386815,0.03571428571428571,0.5,0.6666666666666667,0.9714285714285713,0.6666666666666667,0.25,1.0,0.23452350372463393,0.8175466773740213,0.1111111111111111,0.1428571428571428,0.0,0.6666666666666667,0.0,0.3157894736842105,0.6666666666666666,0.6666666666666667,0.5,0.5517241379310345,1.0,0.5517241379310345,0.0,0.0,1.0,0.0,1.0,0.0,0.0,1.0,0.0,0.0,0.0,0.0,0.0,1.0,0.0,0.0,0.0,0.0,0.0,0.0,1.0,0.0,0.0,0.0,0.0,1.0,1.0,0.0
0.35714285714285715,0.6919770773638968,0.0,0.5,0.3333333333333333,0.17142857142857143,0.3333333333333333,0.25,1.0,0.38145389160030824,0.40943585625376433,0.0,0.2142857142857143,0.0,0.0,0.0,0.21052631578947367,0.5,0.6666666666666667,0.2777777777777778,0.0,0.13333333333333333,0.27586206896551724,0.0,0.0,1.0,0.0,1.0,0.0,0.0,1.0,0.0,0.0,0.0,0.0,1.0,0.0,1.0,0.0,0.0,0.0,0.0,0.0,0.0,0.0,0.0,0.0,0.0,1.0,1.0,0.0
0.8333333333333333,0.7994269340974212,0.03571428571428571,0.75,0.0,0.6857142857142857,0.3333333333333333,0.75,1.0,0.9258926277934754,0.8001204577394098,0.2222222222222222,0.3571428571428571,0.0,0.6666666666666667,0.0,1.0,0.5,0.6666666666666667,1.0,0.5517241379310345,0.4,0.48275862068965514,0.0,0.0,1.0,0.0,0.0,1.0,0.0,1.0,0.0,0.0,0.0,0.0,1.0,0.0,0.0,0.0,0.0,1.0,0.0,0.0,0.0,0.0,0.0,0.0,1.0,0.0,1.0,0.0
0.28571428571428564,0.07091690544412607,0.03571428571428571,0.0,0.6666666666666667,0.5999999999999999,0.6666666666666667,0.0,0.3333333333333333,0.09420755201643977,0.6159405741818912,0.1111111111111111,0.4999999999999999,0.0,0.0,0.3333333333333333,0.03508771929824561,0.5,0.6666666666666667,0.05555555555555555,0.0,0.0,0.0,0.0,0.0,1.0,0.0,0.0,1.0,0.0,0.0,0.0,0.0,0.0,1.0,0.0,1.0,0.0,0.0,0.0,0.0,0.0,0.0,0.0,0.0,1.0,0.0,1.0,0.0,1.0,0.0
0.5238095238095237,0.8875358166189111,0.2857142857142857,0.25,0.0,0.24285714285714283,0.6666666666666667,0.25,0.0,0.28666837914204985,0.6926721541859064,0.0,0.0714285714285714,0.0,1.0,0.0,0.3157894736842105,0.8333333333333333,1.0,0.4444444444444444,0.27586206896551724,0.9333333333333333,0.06896551724137931,0.0,0.0,1.0,0.0,0.0,1.0,0.0,0.0,0.0,1.0,0.0,0.0,0.0,1.0,0.0,0.0,0.0,0.0,0.0,0.0,0.0,1.0,0.0,0.0,1.0,0.0,1.0,0.0
0.49999999999999994,0.28796561604584525,0.03571428571428571,0.75,0.6666666666666667,0.4857142857142857,0.6666666666666667,0.5,0.6666666666666667,0.6376188029797072,0.17370006022886972,0.0,0.9999999999999999,1.0,1.0,0.0,0.7017543859649122,0.16666666666666666,0.6666666666666667,1.0,0.41379310344827586,1.0,0.5517241379310345,0.0,1.0,0.0,0.0,1.0,0.0,0.0,0.0,0.0,0.0,0.0,1.0,1.0,0.0,1.0,0.0,0.0,0.0,0.0,0.0,0.0,0.0,0.0,0.0,0.0,1.0,1.0,0.0
0.19047619047619052,0.038681948424068774,0.0,0.5,0.6666666666666667,0.9285714285714286,0.6666666666666667,0.0,0.0,0.11931672232211663,0.7192130094358562,0.0,0.1428571428571428,0.0,1.0,0.0,0.2807017543859649,1.0,0.3333333333333333,0.38888888888888884,0.48275862068965514,0.9333333333333333,0.41379310344827586,0.0,0.0,1.0,0.0,1.0,0.0,0.0,0.0,0.0,1.0,0.0,0.0,0.0,1.0,0.0,0.0,1.0,0.0,0.0,0.0,0.0,0.0,0.0,0.0,0.0,1.0,1.0,0.0
0.8095238095238095,0.8739255014326647,0.03571428571428571,0.5,0.6666666666666667,0.8428571428571427,0.3333333333333333,0.0,1.0,0.1414718725918315,0.04842401124272233,0.7777777777777777,0.2857142857142857,0.0,0.3333333333333333,0.0,0.21052631578947367,0.5,0.3333333333333333,0.1111111111111111,0.13793103448275862,0.26666666666666666,0.13793103448275862,0.0,0.0,1.0,0.0,1.0,0.0,0.0,1.0,0.0,0.0,0.0,0.0,1.0,0.0,0.0,0.0,1.0,0.0,0.0,0.0,0.0,0.0,0.0,0.0,0.0,1.0,1.0,0.0
0.3095238095238095,0.4255014326647565,0.3214285714285714,0.5,0.6666666666666667,0.14285714285714285,0.6666666666666667,0.5,0.6666666666666667,0.6435910608784998,0.9944990965669543,0.4444444444444444,0.6428571428571427,1.0,0.6666666666666667,0.3333333333333333,0.45614035087719296,0.3333333333333333,1.0,0.611111111111111,0.48275862068965514,0.5333333333333333,0.5517241379310345,1.0,0.0,0.0,0.0,1.0,0.0,0.0,0.0,0.0,1.0,0.0,0.0,1.0,0.0,0.0,0.0,0.0,0.0,0.0,1.0,0.0,0.0,0.0,0.0,1.0,0.0,1.0,0.0
0.42857142857142855,0.8567335243553008,0.9285714285714285,0.5,0.6666666666666667,0.9142857142857141,0.6666666666666667,0.25,0.6666666666666667,0.2715129720010275,0.5815298132905039,0.6666666666666666,0.1428571428571428,0.0,0.3333333333333333,0.6666666666666666,0.5964912280701754,0.5,0.3333333333333333,0.38888888888888884,0.48275862068965514,0.9333333333333333,0.48275862068965514,0.0,0.0,1.0,0.0,1.0,0.0,0.0,0.0,0.0,1.0,0.0,0.0,0.0,1.0,1.0,0.0,0.0,0.0,0.0,0.0,0.0,0.0,0.0,0.0,1.0,0.0,1.0,0.0
0.4761904761904761,0.4226361031518625,0.2142857142857143,0.5,1.0,0.38571428571428573,1.0,0.0,0.6666666666666667,0.10281274081685077,0.5482433246336077,0.1111111111111111,0.0,0.0,1.0,1.0,0.14035087719298245,0.3333333333333333,0.6666666666666667,0.2222222222222222,0.13793103448275862,0.0,0.20689655172413793,0.0,1.0,0.0,0.0,1.0,0.0,0.0,1.0,0.0,0.0,0.0,0.0,0.0,1.0,0.0,0.0,0.0,0.0,0.0,0.0,1.0,0.0,0.0,1.0,0.0,0.0,1.0,0.0
0.5714285714285714,0.2808022922636103,0.03571428571428571,0.0,0.6666666666666667,0.10000000000000003,0.6666666666666667,0.75,0.6666666666666667,1.0,0.9832563742220438,0.0,0.1428571428571428,0.0,1.0,0.0,0.7368421052631579,0.5,0.3333333333333333,1.0,0.5517241379310345,0.26666666666666666,0.6896551724137931,1.0,0.0,0.0,0.0,1.0,0.0,0.0,1.0,0.0,0.0,0.0,0.0,0.0,1.0,0.0,0.0,0.0,1.0,0.0,0.0,0.0,0.0,0.0,0.0,1.0,0.0,0.0,1.0
0.4761904761904761,0.23638968481375358,0.0,0.5,0.6666666666666667,0.10000000000000003,1.0,0.0,0.6666666666666667,0.11783971230413562,0.15699658703071673,0.1111111111111111,0.1428571428571428,0.0,1.0,0.3333333333333333,0.24561403508771928,0.3333333333333333,1.0,0.38888888888888884,0.41379310344827586,0.6666666666666666,0.0,0.0,0.0,1.0,1.0,0.0,0.0,1.0,0.0,0.0,0.0,0.0,0.0,0.0,1.0,0.0,1.0,0.0,0.0,0.0,0.0,0.0,0.0,0.0,0.0,1.0,0.0,1.0,0.0
0.49999999999999994,0.9169054441260744,0.03571428571428571,0.5,1.0,0.17142857142857143,0.3333333333333333,0.25,1.0,0.2693937837143591,0.22870909455932545,0.8888888888888888,0.0,0.0,0.6666666666666667,0.6666666666666666,0.45614035087719296,0.3333333333333333,0.6666666666666667,0.2777777777777778,0.27586206896551724,0.0,0.27586206896551724,0.0,0.0,1.0,1.0,0.0,0.0,0.0,1.0,0.0,0.0,0.0,0.0,1.0,0.0,0.0,1.0,0.0,0.0,0.0,0.0,0.0,0.0,0.0,0.0,1.0,0.0,1.0,0.0
0.09523809523809518,0.20630372492836677,0.2142857142857143,0.0,1.0,0.6428571428571428,0.6666666666666667,0.0,0.3333333333333333,0.09395068070896481,0.9635816101184501,0.1111111111111111,0.8571428571428571,1.0,0.0,0.0,0.03508771929824561,0.3333333333333333,0.6666666666666667,0.05555555555555555,0.0,0.0,0.0,0.0,0.0,1.0,0.0,1.0,0.0,0.0,1.0,0.0,0.0,0.0,0.0,0.0,1.0,0.0,0.0,0.0,0.0,0.0,0.0,1.0,0.0,0.0,0.0,0.0,1.0,0.0,1.0
0.14285714285714285,0.09813753581661891,0.75,0.0,1.0,0.39999999999999997,0.0,0.0,0.6666666666666667,0.03506293347033136,0.38108813491266813,0.1111111111111111,0.0,0.0,0.6666666666666667,0.3333333333333333,0.03508771929824561,0.3333333333333333,0.6666666666666667,0.05555555555555555,0.0,0.0,0.0,0.0,0.0,1.0,1.0,0.0,0.0,1.0,0.0,0.0,0.0,0.0,0.0,0.0,1.0,0.0,1.0,0.0,0.0,0.0,0.0,0.0,0.0,0.0,0.0,1.0,0.0,1.0,0.0
0.6904761904761905,0.07091690544412607,0.03571428571428571,0.25,0.6666666666666667,0.04285714285714287,0.6666666666666667,0.75,1.0,1.0,0.4371812888978117,0.1111111111111111,0.0,0.0,0.6666666666666667,0.3333333333333333,0.9122807017543859,0.5,0.3333333333333333,1.0,0.9655172413793103,0.4,0.0,0.0,0.0,1.0,0.0,1.0,0.0,0.0,0.0,0.0,0.0,1.0,0.0,1.0,0.0,0.0,0.0,0.0,1.0,0.0,0.0,0.0,0.0,0.0,0.0,1.0,0.0,0.0,1.0
0.6190476190476188,0.3997134670487106,0.2857142857142857,0.25,0.3333333333333333,0.4428571428571429,0.6666666666666667,0.0,0.0,0.09953763164654508,0.21738606705480826,0.1111111111111111,0.1428571428571428,0.0,1.0,0.0,0.2807017543859649,0.0,0.6666666666666667,0.4444444444444444,0.48275862068965514,0.9333333333333333,0.06896551724137931,0.0,0.0,1.0,0.0,1.0,0.0,0.0,1.0,0.0,0.0,0.0,0.0,0.0,1.0,0.0,0.0,0.0,0.0,0.0,0.0,1.0,0.0,0.0,0.0,1.0,0.0,0.0,1.0
0.6666666666666665,0.33166189111747846,0.2142857142857143,0.25,1.0,0.6428571428571428,0.6666666666666667,0.5,0.6666666666666667,0.6316465450809146,0.8879341497691227,0.6666666666666666,0.1428571428571428,0.0,0.3333333333333333,0.3333333333333333,0.45614035087719296,0.5,0.6666666666666667,0.4444444444444444,0.48275862068965514,0.0,0.48275862068965514,0.0,0.0,1.0,0.0,1.0,0.0,0.0,0.0,0.0,1.0,0.0,0.0,0.0,1.0,0.0,0.0,0.0,0.0,1.0,0.0,0.0,0.0,0.0,1.0,0.0,0.0,1.0,0.0
0.380952380952381,0.6339541547277937,0.7857142857142857,0.5,0.3333333333333333,0.18571428571428567,0.6666666666666667,0.5,0.0,0.5741715900333932,0.379000200762899,1.0,0.2857142857142857,0.0,0.6666666666666667,1.0,0.38596491228070173,0.3333333333333333,0.6666666666666667,0.16666666666666666,0.13793103448275862,0.0,0.13793103448275862,0.0,1.0,0.0,1.0,0.0,0.0,1.0,0.0,0.0,0.0,0.0,0.0,1.0,0.0,0.0,1.0,0.0,0.0,0.0,0.0,0.0,0.0,0.0,1.0,0.0,0.0,0.0,1.0
0.5238095238095237,0.9856733524355301,0.8214285714285714,0.5,0.3333333333333333,1.0,1.0,0.75,0.3333333333333333,0.7824942203955818,0.6013651877133106,0.4444444444444444,0.3571428571428571,0.0,1.0,0.0,0.7719298245614035,0.3333333333333333,0.3333333333333333,0.05555555555555555,0.0,0.0,0.0,1.0,0.0,0.0,0.0,0.0,1.0,0.0,1.0,0.0,0.0,0.0,0.0,1.0,0.0,0.0,0.0,0.0,0.0,0.0,0.0,0.0,1.0,0.0,0.0,0.0,1.0,0.0,1.0
0.28571428571428564,0.8488538681948423,0.9999999999999999,0.75,0.6666666666666667,0.04285714285714287,0.6666666666666667,0.5,0.3333333333333333,0.5292191112252762,0.6305962658100783,0.3333333333333333,0.0714285714285714,0.0,0.3333333333333333,0.3333333333333333,0.3157894736842105,0.5,0.6666666666666667,0.2222222222222222,0.13793103448275862,0.13333333333333333,0.20689655172413793,0.0,0.0,1.0,0.0,0.0,1.0,0.0,0.0,0.0,0.0,0.0,1.0,0.0,1.0,0.0,0.0,0.0,0.0,0.0,0.0,0.0,1.0,0.0,0.0,1.0,0.0,1.0,0.0
0.7380952380952379,0.3037249283667621,0.25,0.25,0.0,0.3,0.6666666666666667,0.5,0.3333333333333333,0.4106087849987156,0.8184300341296928,0.4444444444444444,0.0,0.0,0.6666666666666667,0.3333333333333333,1.0,0.5,0.3333333333333333,1.0,0.6206896551724138,0.13333333333333333,0.48275862068965514,0.0,0.0,1.0,0.0,1.0,0.0,0.0,0.0,0.0,0.0,1.0,0.0,1.0,0.0,0.0,0.0,1.0,0.0,0.0,0.0,0.0,0.0,0.0,0.0,1.0,0.0,1.0,0.0
0.8809523809523809,0.41690544412607444,0.8928571428571428,1.0,0.6666666666666667,0.42857142857142855,0.3333333333333333,1.0,1.0,1.0,0.8409154788195141,0.1111111111111111,0.7142857142857143,1.0,0.6666666666666667,0.3333333333333333,1.0,0.5,0.6666666666666667,1.0,0.41379310344827586,0.26666666666666666,0.896551724137931,0.0,0.0,1.0,0.0,0.0,1.0,0.0,0.0,1.0,0.0,0.0,0.0,0.0,1.0,0.0,0.0,0.0,1.0,0.0,0.0,0.0,0.0,0.0,0.0,1.0,0.0,1.0,0.0
0.28571428571428564,0.1654727793696275,0.8928571428571428,0.75,0.6666666666666667,0.31428571428571433,0.3333333333333333,0.25,0.0,0.36520678140251733,0.8381047982332864,0.5555555555555556,0.2857142857142857,0.0,0.6666666666666667,0.0,0.3157894736842105,0.8333333333333333,0.3333333333333333,0.3333333333333333,0.20689655172413793,0.0,0.06896551724137931,0.0,1.0,0.0,0.0,0.0,1.0,0.0,0.0,1.0,0.0,0.0,0.0,1.0,0.0,0.0,0.0,0.0,0.0,0.0,0.0,0.0,1.0,0.0,0.0,0.0,1.0,1.0,0.0
0.5238095238095237,0.9255014326647564,0.8928571428571428,0.5,0.3333333333333333,0.3428571428571428,0.6666666666666667,0.25,0.3333333333333333,0.29514513228872336,0.2573780365388476,0.1111111111111111,0.0,0.0,0.0,0.3333333333333333,0.7017543859649122,0.3333333333333333,0.6666666666666667,1.0,0.48275862068965514,0.26666666666666666,0.896551724137931,0.0,1.0,0.0,0.0,1.0,0.0,0.0,0.0,0.0,1.0,0.0,0.0,1.0,0.0,0.0,0.0,0.0,0.0,0.0,0.0,1.0,0.0,0.0,1.0,0.0,0.0,1.0,0.0
0.21428571428571425,0.9648997134670487,0.07142857142857142,0.5,0.6666666666666667,0.7,0.3333333333333333,0.0,0.6666666666666667,0.09998715643462625,0.9328247339891588,0.1111111111111111,0.2857142857142857,0.0,1.0,0.3333333333333333,0.03508771929824561,0.3333333333333333,0.3333333333333333,0.05555555555555555,0.06896551724137931,0.0,0.06896551724137931,1.0,0.0,0.0,0.0,1.0,0.0,0.0,0.0,0.0,1.0,0.0,0.0,0.0,1.0,0.0,0.0,0.0,0.0,0.0,0.0,1.0,0.0,0.0,1.0,0.0,0.0,0.0,1.0
0.3333333333333333,0.31876790830945556,0.0,0.5,0.3333333333333333,0.5142857142857142,0.6666666666666667,0.25,0.3333333333333333,0.33463909581299767,0.21088134912668136,0.1111111111111111,0.4285714285714285,0.0,0.3333333333333333,0.6666666666666666,0.3508771929824561,0.5,0.6666666666666667,0.5555555555555556,0.27586206896551724,0.0,0.6206896551724138,0.0,0.0,1.0,0.0,1.0,0.0,0.0,1.0,0.0,0.0,0.0,0.0,0.0,1.0,0.0,0.0,0.0,0.0,0.0,0.0,1.0,0.0,0.0,0.0,1.0,0.0,1.0,0.0
0.8333333333333333,0.3997134670487106,0.2142857142857143,0.25,0.0,0.6857142857142857,0.3333333333333333,0.5,1.0,0.6373619316722321,0.7476811885163621,0.7777777777777777,0.4999999999999999,0.0,1.0,0.3333333333333333,1.0,0.5,0.6666666666666667,0.2777777777777778,0.13793103448275862,0.0,0.27586206896551724,0.0,0.0,1.0,0.0,0.0,1.0,0.0,0.0,1.0,0.0,0.0,0.0,1.0,0.0,0.0,0.0,0.0,0.0,0.0,0.0,0.0,1.0,0.0,0.0,1.0,0.0,0.0,1.0
0.21428571428571425,0.896131805157593,0.03571428571428571,0.75,0.3333333333333333,0.1571428571428572,0.6666666666666667,0.0,0.3333333333333333,0.07815309529925507,0.15976711503714114,0.1111111111111111,0.0,0.0,0.6666666666666667,0.3333333333333333,0.21052631578947367,0.5,0.3333333333333333,0.2777777777777778,0.20689655172413793,0.13333333333333333,0.13793103448275862,0.0,0.0,1.0,0.0,1.0,0.0,0.0,0.0,0.0,0.0,0.0,1.0,0.0,1.0,0.0,0.0,0.0,0.0,0.0,0.0,1.0,0.0,0.0,0.0,1.0,0.0,1.0,0.0
0.3095238095238095,0.5193409742120344,0.03571428571428571,0.0,0.3333333333333333,0.6714285714285713,0.6666666666666667,0.25,1.0,0.35788594913948113,0.2510339289299337,0.4444444444444444,0.1428571428571428,0.0,0.6666666666666667,0.0,0.3508771929824561,0.3333333333333333,1.0,0.3333333333333333,0.3448275862068966,0.0,0.3448275862068966,0.0,0.0,1.0,0.0,0.0,1.0,0.0,1.0,0.0,0.0,0.0,0.0,0.0,1.0,0.0,0.0,0.0,0.0,0.0,0.0,0.0,1.0,0.0,0.0,0.0,1.0,0.0,1.0
0.42857142857142855,0.15902578796561606,0.3214285714285714,0.75,1.0,0.4714285714285715,0.6666666666666667,0.5,0.6666666666666667,0.39076547649627535,0.14667737402128087,0.3333333333333333,0.0714285714285714,0.0,0.0,0.0,0.3508771929824561,0.0,0.6666666666666667,0.38888888888888884,0.48275862068965514,0.13333333333333333,0.48275862068965514,0.0,0.0,1.0,0.0,1.0,0.0,0.0,0.0,0.0,0.0,0.0,1.0,1.0,0.0,1.0,0.0,0.0,0.0,0.0,0.0,0.0,0.0,0.0,0.0,1.0,0.0,1.0,0.0
0.4047619047619047,0.4727793696275071,0.5,0.25,0.0,0.4142857142857143,0.0,0.25,1.0,0.28454919085538144,0.8032122063842602,0.6666666666666666,0.2142857142857143,0.0,1.0,0.6666666666666666,0.24561403508771928,0.3333333333333333,0.3333333333333333,0.1111111111111111,0.13793103448275862,0.26666666666666666,0.13793103448275862,0.0,0.0,1.0,0.0,0.0,1.0,0.0,0.0,0.0,1.0,0.0,0.0,0.0,1.0,0.0,0.0,0.0,0.0,0.0,0.0,0.0,1.0,0.0,1.0,0.0,0.0,0.0,1.0
0.5714285714285714,0.32521489971346706,0.6071428571428571,0.75,1.0,0.07142857142857145,0.6666666666666667,0.25,0.0,0.2826226560493193,0.3651877133105802,0.6666666666666666,0.4285714285714285,0.0,0.6666666666666667,0.3333333333333333,0.3157894736842105,0.5,0.3333333333333333,0.2222222222222222,0.20689655172413793,0.13333333333333333,0.13793103448275862,0.0,0.0,1.0,0.0,1.0,0.0,0.0,1.0,0.0,0.0,0.0,0.0,0.0,1.0,0.0,0.0,0.0,0.0,0.0,0.0,1.0,0.0,0.0,1.0,0.0,0.0,0.0,1.0
0.5476190476190477,0.583810888252149,0.17857142857142855,0.5,1.0,0.07142857142857145,0.6666666666666667,0.5,0.6666666666666667,0.5286411507834574,0.5531017867898013,0.1111111111111111,0.0714285714285714,0.0,0.3333333333333333,0.0,0.3508771929824561,0.5,0.6666666666666667,0.5555555555555556,0.5517241379310345,1.0,0.48275862068965514,0.0,0.0,1.0,0.0,0.0,1.0,0.0,0.0,1.0,0.0,0.0,0.0,0.0,1.0,0.0,0.0,0.0,0.0,0.0,0.0,0.0,1.0,0.0,0.0,0.0,1.0,1.0,0.0
0.6428571428571428,0.14541547277936964,0.8928571428571428,0.75,0.0,1.0,0.6666666666666667,0.25,0.0,0.21044181864885692,0.14197952218430032,0.2222222222222222,0.2142857142857143,0.0,1.0,0.6666666666666666,0.17543859649122806,0.6666666666666666,0.6666666666666667,0.05555555555555555,0.06896551724137931,0.0,0.0,0.0,1.0,0.0,0.0,0.0,1.0,0.0,1.0,0.0,0.0,0.0,0.0,1.0,0.0,0.0,0.0,0.0,0.0,0.0,0.0,0.0,1.0,0.0,0.0,1.0,0.0,1.0,0.0
0.4761904761904761,0.5623209169054441,0.3214285714285714,0.75,0.6666666666666667,0.5857142857142856,0.6666666666666667,0.25,0.6666666666666667,0.32545594657076804,0.51074081509737,0.3333333333333333,0.0,0.0,0.6666666666666667,0.0,0.3508771929824561,0.3333333333333333,0.6666666666666667,0.3333333333333333,0.20689655172413793,0.13333333333333333,0.13793103448275862,0.0,1.0,0.0,1.0,0.0,0.0,1.0,0.0,0.0,0.0,0.0,0.0,0.0,1.0,0.0,1.0,0.0,0.0,0.0,0.0,0.0,0.0,0.0,0.0,1.0,0.0,1.0,0.0
0.3333333333333333,0.19770773638968483,0.14285714285714285,0.25,0.3333333333333333,0.2571428571428572,0.6666666666666667,0.25,0.3333333333333333,0.3541613151810943,0.2729170849227063,0.1111111111111111,0.2142857142857143,0.0,1.0,0.3333333333333333,0.3508771929824561,0.5,0.6666666666666667,0.5555555555555556,0.5517241379310345,0.6666666666666666,0.20689655172413793,0.0,1.0,0.0,0.0,0.0,1.0,0.0,1.0,0.0,0.0,0.0,0.0,0.0,1.0,0.0,0.0,0.0,0.0,0.0,0.0,0.0,1.0,0.0,0.0,1.0,0.0,1.0,0.0
0.4761904761904761,0.7521489971346704,0.17857142857142855,0.25,1.0,0.14285714285714285,0.3333333333333333,0.0,0.6666666666666667,0.1729386077575135,0.5734591447500502,0.1111111111111111,0.0,0.0,0.3333333333333333,0.3333333333333333,0.17543859649122806,0.5,0.6666666666666667,0.2777777777777778,0.27586206896551724,0.0,0.27586206896551724,0.0,0.0,1.0,0.0,1.0,0.0,0.0,0.0,0.0,0.0,1.0,0.0,1.0,0.0,0.0,0.0,1.0,0.0,0.0,0.0,0.0,0.0,0.0,0.0,1.0,0.0,1.0,0.0
0.19047619047619052,0.33595988538681953,0.3214285714285714,0.5,0.6666666666666667,0.2285714285714286,0.6666666666666667,0.25,1.0,0.23600051374261494,0.2823127885966673,0.1111111111111111,0.1428571428571428,0.0,0.0,0.0,0.17543859649122806,0.6666666666666666,0.6666666666666667,0.2777777777777778,0.20689655172413793,0.13333333333333333,0.13793103448275862,0.0,0.0,1.0,0.0,0.0,1.0,0.0,0.0,0.0,1.0,0.0,0.0,0.0,1.0,0.0,0.0,0.0,0.0,0.0,0.0,0.0,1.0,0.0,0.0,0.0,1.0,1.0,0.0
0.5476190476190477,0.7156160458452722,0.0,0.25,0.3333333333333333,0.9142857142857141,0.6666666666666667,0.25,1.0,0.320061649113794,0.6980525998795423,0.8888888888888888,0.0,0.0,0.0,0.0,0.2807017543859649,0.0,0.0,0.3333333333333333,0.27586206896551724,0.0,0.3448275862068966,0.0,0.0,1.0,0.0,0.0,1.0,0.0,1.0,0.0,0.0,0.0,0.0,1.0,0.0,0.0,0.0,0.0,0.0,0.0,0.0,0.0,1.0,0.0,0.0,0.0,1.0,0.0,1.0
0.4523809523809524,0.17120343839541546,0.5357142857142857,0.75,1.0,0.5142857142857142,0.3333333333333333,0.25,0.6666666666666667,0.3419599280760339,0.901987552700261,0.4444444444444444,0.5714285714285713,0.0,1.0,0.6666666666666666,0.3157894736842105,0.3333333333333333,0.6666666666666667,0.05555555555555555,0.0,0.0,0.0,0.0,0.0,1.0,0.0,0.0,1.0,0.0,0.0,1.0,0.0,0.0,0.0,0.0,1.0,0.0,0.0,0.0,0.0,0.0,0.0,0.0,1.0,0.0,1.0,0.0,0.0,1.0,0.0
0.2619047619047619,0.16404011461318052,0.5714285714285714,0.5,0.3333333333333333,0.3,0.3333333333333333,0.5,0.0,0.4481762137169278,0.3081710499899618,0.1111111111111111,0.1428571428571428,0.0,0.0,0.0,0.3508771929824561,0.5,0.3333333333333333,0.5555555555555556,0.6206896551724138,0.0,0.6206896551724138,0.0,0.0,1.0,1.0,0.0,0.0,0.0,0.0,0.0,0.0,1.0,0.0,0.0,1.0,0.0,1.0,0.0,0.0,0.0,0.0,0.0,0.0,0.0,0.0,0.0,1.0,1.0,0.0
0.6190476190476188,0.8681948424068767,0.07142857142857142,0.75,1.0,0.07142857142857145,0.6666666666666667,1.0,1.0,1.0,0.2916683396908252,0.4444444444444444,0.0714285714285714,0.0,0.0,0.3333333333333333,0.9122807017543859,0.3333333333333333,1.0,0.1111111111111111,0.13793103448275862,0.0,0.06896551724137931,0.0,0.0,1.0,0.0,1.0,0.0,0.0,0.0,0.0,0.0,1.0,0.0,0.0,1.0,0.0,0.0,0.0,1.0,0.0,0.0,0.0,0.0,0.0,0.0,1.0,0.0,0.0,1.0
0.3095238095238095,0.6991404011461317,0.5357142857142857,0.75,0.0,0.5714285714285714,0.6666666666666667,0.5,0.6666666666666667,0.4592858977652196,0.6788998193133908,0.2222222222222222,0.1428571428571428,0.0,0.0,1.0,0.3508771929824561,0.3333333333333333,0.6666666666666667,0.05555555555555555,0.0,0.0,0.0,0.0,0.0,1.0,0.0,0.0,1.0,0.0,0.0,1.0,0.0,0.0,0.0,0.0,1.0,0.0,0.0,0.0,0.0,0.0,0.0,0.0,1.0,0.0,0.0,1.0,0.0,1.0,0.0
0.7142857142857142,0.3746418338108882,0.0,0.25,0.0,0.9714285714285713,0.3333333333333333,0.5,0.6666666666666667,0.2807603390701259,0.6906243726159406,1.0,0.1428571428571428,0.0,1.0,0.0,0.8070175438596491,0.3333333333333333,0.6666666666666667,0.05555555555555555,0.0,0.0,0.0,0.0,0.0,1.0,0.0,1.0,0.0,0.0,1.0,0.0,0.0,0.0,0.0,0.0,1.0,0.0,0.0,1.0,0.0,0.0,0.0,0.0,0.0,0.0,0.0,0.0,1.0,0.0,1.0
0.3333333333333333,0.5916905444126074,0.3214285714285714,0.5,1.0,0.35714285714285715,0.6666666666666667,0.25,1.0,0.281723606473157,0.7873519373619755,0.1111111111111111,0.0714285714285714,0.0,1.0,0.0,0.3508771929824561,0.3333333333333333,0.3333333333333333,0.5555555555555556,0.48275862068965514,0.0,0.5517241379310345,0.0,0.0,1.0,0.0,0.0,1.0,0.0,0.0,1.0,0.0,0.0,0.0,0.0,1.0,0.0,0.0,0.0,0.0,0.0,0.0,0.0,1.0,0.0,0.0,0.0,1.0,1.0,0.0
0.9047619047619047,0.40401146131805155,0.0,0.75,0.6666666666666667,0.38571428571428573,0.6666666666666667,0.25,0.6666666666666667,0.3401618289237092,0.9693635816101184,0.1111111111111111,0.7142857142857143,1.0,0.0,0.3333333333333333,0.45614035087719296,0.3333333333333333,0.3333333333333333,0.7222222222222222,0.8275862068965517,0.13333333333333333,0.6206896551724138,1.0,0.0,0.0,0.0,1.0,0.0,0.0,1.0,0.0,0.0,0.0,0.0,0.0,1.0,1.0,0.0,0.0,0.0,0.0,0.0,0.0,0.0,0.0,1.0,0.0,0.0,1.0,0.0
0.42857142857142855,0.18624641833810887,0.0,0.5,0.6666666666666667,0.6714285714285713,0.0,0.5,0.0,0.5935653737477524,0.08596667335876329,0.2222222222222222,0.7142857142857143,1.0,0.6666666666666667,0.3333333333333333,0.5964912280701754,0.3333333333333333,0.6666666666666667,0.38888888888888884,0.48275862068965514,0.9333333333333333,0.48275862068965514,0.0,0.0,1.0,0.0,1.0,0.0,0.0,0.0,0.0,0.0,0.0,1.0,1.0,0.0,0.0,0.0,0.0,0.0,1.0,0.0,0.0,0.0,0.0,1.0,0.0,0.0,0.0,1.0
0.02380952380952378,0.2872492836676218,0.3214285714285714,0.5,0.0,0.9428571428571428,0.3333333333333333,0.0,0.3333333333333333,0.05458515283842795,0.16277855852238507,0.1111111111111111,0.9999999999999999,1.0,0.3333333333333333,0.0,0.03508771929824561,0.3333333333333333,1.0,0.05555555555555555,0.06896551724137931,0.0,0.0,1.0,0.0,0.0,0.0,1.0,0.0,0.0,0.0,0.0,1.0,0.0,0.0,1.0,0.0,0.0,0.0,0.0,0.0,0.0,0.0,1.0,0.0,0.0,0.0,0.0,1.0,0.0,1.0
0.14285714285714285,0.3424068767908309,0.2857142857142857,0.5,0.6666666666666667,0.45714285714285713,1.0,0.0,0.6666666666666667,0.2178268687387619,0.6232483437060831,0.1111111111111111,0.3571428571428571,0.0,1.0,0.3333333333333333,0.17543859649122806,0.16666666666666666,0.6666666666666667,0.2777777777777778,0.20689655172413793,0.0,0.27586206896551724,0.0,0.0,1.0,0.0,1.0,0.0,0.0,0.0,0.0,1.0,0.0,0.0,0.0,1.0,0.0,0.0,0.0,0.0,0.0,0.0,1.0,0.0,0.0,0.0,1.0,0.0,1.0,0.0
0.42857142857142855,0.9534383954154728,0.25,0.75,0.0,0.657142857142857,0.3333333333333333,0.5,0.0,0.42242486514256355,0.4872515559124674,0.1111111111111111,0.2857142857142857,0.0,0.3333333333333333,0.0,0.3508771929824561,0.16666666666666666,0.6666666666666667,0.5555555555555556,0.48275862068965514,0.0,0.6206896551724138,1.0,0.0,0.0,0.0,0.0,1.0,0.0,1.0,0.0,0.0,0.0,0.0,0.0,1.0,0.0,0.0,0.0,0.0,0.0,0.0,0.0,1.0,0.0,0.0,0.0,1.0,1.0,0.0
0.16666666666666669,0.909025787965616,0.6071428571428571,0.0,0.0,0.8999999999999999,1.0,0.25,0.6666666666666667,0.33540970973542256,0.4169042360971692,0.2222222222222222,0.0,0.0,0.3333333333333333,0.0,0.21052631578947367,0.5,0.3333333333333333,0.16666666666666666,0.13793103448275862,0.13333333333333333,0.13793103448275862,0.0,0.0,1.0,0.0,0.0,1.0,0.0,1.0,0.0,0.0,0.0,0.0,0.0,1.0,0.0,0.0,0.0,0.0,0.0,0.0,0.0,1.0,0.0,0.0,1.0,0.0,1.0,0.0
0.2619047619047619,0.17836676217765043,0.17857142857142855,0.0,1.0,0.8142857142857143,0.3333333333333333,0.0,0.3333333333333333,0.11527099922938608,0.5356354145753864,0.1111111111111111,0.0,0.0,1.0,0.0,0.03508771929824561,0.5,0.6666666666666667,0.05555555555555555,0.0,0.0,0.0,0.0,0.0,1.0,1.0,0.0,0.0,0.0,0.0,0.0,1.0,0.0,0.0,0.0,1.0,0.0,1.0,0.0,0.0,0.0,0.0,0.0,0.0,0.0,0.0,1.0,0.0,1.0,0.0
0.42857142857142855,0.020773638968481375,0.17857142857142855,0.5,0.3333333333333333,0.35714285714285715,1.0,0.0,1.0,0.13029797071667096,0.799357558723148,0.3333333333333333,0.0714285714285714,0.0,0.3333333333333333,0.0,0.17543859649122806,0.5,0.6666666666666667,0.05555555555555555,0.0,0.0,0.0,0.0,0.0,1.0,0.0,1.0,0.0,0.0,1.0,0.0,0.0,0.0,0.0,1.0,0.0,0.0,0.0,1.0,0.0,0.0,0.0,0.0,0.0,0.0,0.0,1.0,0.0,1.0,0.0
0.2619047619047619,0.7070200573065902,0.3214285714285714,0.5,1.0,0.7571428571428571,0.6666666666666667,0.0,0.3333333333333333,0.08271256100693553,0.6373418992170247,0.1111111111111111,0.2142857142857143,0.0,1.0,0.6666666666666666,0.07017543859649122,0.3333333333333333,0.6666666666666667,0.1111111111111111,0.13793103448275862,0.26666666666666666,0.13793103448275862,0.0,0.0,1.0,0.0,0.0,1.0,0.0,0.0,1.0,0.0,0.0,0.0,0.0,1.0,0.0,0.0,0.0,0.0,0.0,0.0,0.0,0.0,1.0,1.0,0.0,0.0,1.0,0.0
0.14285714285714285,0.8954154727793696,0.07142857142857142,0.25,0.0,0.04285714285714287,0.6666666666666667,0.25,0.6666666666666667,0.25622912920626767,0.6193535434651677,0.0,0.7142857142857143,1.0,0.0,0.3333333333333333,0.14035087719298245,0.3333333333333333,0.3333333333333333,0.16666666666666666,0.13793103448275862,0.0,0.13793103448275862,0.0,0.0,1.0,0.0,0.0,1.0,0.0,0.0,0.0,0.0,1.0,0.0,1.0,0.0,0.0,0.0,0.0,0.0,0.0,0.0,0.0,1.0,0.0,0.0,1.0,0.0,1.0,0.0
0.3333333333333333,0.11747851002865331,0.9999999999999999,0.75,0.6666666666666667,0.2714285714285714,0.3333333333333333,0.0,0.3333333333333333,0.11739018751605446,0.5551094157799639,0.1111111111111111,0.1428571428571428,0.0,0.6666666666666667,0.0,0.21052631578947367,0.5,0.6666666666666667,0.3333333333333333,0.13793103448275862,0.5333333333333333,0.06896551724137931,0.0,0.0,1.0,0.0,1.0,0.0,0.0,1.0,0.0,0.0,0.0,0.0,1.0,0.0,0.0,0.0,1.0,0.0,0.0,0.0,0.0,0.0,0.0,0.0,0.0,1.0,1.0,0.0
0.49999999999999994,0.0014326647564470024,0.2857142857142857,0.5,1.0,0.8142857142857143,0.6666666666666667,1.0,1.0,1.0,0.5303352740413572,0.2222222222222222,0.1428571428571428,0.0,0.6666666666666667,0.0,0.7368421052631579,0.5,0.3333333333333333,0.3333333333333333,0.0,0.13333333333333333,0.20689655172413793,1.0,0.0,0.0,0.0,1.0,0.0,0.0,1.0,0.0,0.0,0.0,0.0,0.0,1.0,0.0,0.0,0.0,1.0,0.0,0.0,0.0,0.0,0.0,0.0,0.0,1.0,1.0,0.0
0.5476190476190477,0.7901146131805157,0.7857142857142857,0.25,1.0,0.7142857142857142,0.6666666666666667,0.5,0.6666666666666667,0.3899948625738505,0.3813290503914877,0.3333333333333333,0.3571428571428571,0.0,1.0,0.0,0.7368421052631579,0.3333333333333333,0.6666666666666667,0.1111111111111111,0.0,0.0,0.13793103448275862,0.0,0.0,1.0,0.0,0.0,1.0,0.0,1.0,0.0,0.0,0.0,0.0,0.0,1.0,0.0,0.0,0.0,0.0,0.0,0.0,0.0,1.0,0.0,0.0,0.0,1.0,0.0,1.0
0.6666666666666665,0.9648997134670487,0.5,0.25,1.0,0.31428571428571433,0.6666666666666667,1.0,0.3333333333333333,1.0,0.3515358361774744,0.5555555555555556,0.0,0.0,0.0,0.3333333333333333,0.8771929824561403,0.3333333333333333,0.6666666666666667,0.2222222222222222,0.13793103448275862,0.0,0.20689655172413793,0.0,0.0,1.0,0.0,1.0,0.0,0.0,1.0,0.0,0.0,0.0,0.0,0.0,1.0,0.0,0.0,0.0,0.0,0.0,1.0,0.0,0.0,0.0,0.0,1.0,0.0,1.0,0.0
0.2619047619047619,0.15401146131805157,0.25,0.75,0.3333333333333333,0.6714285714285713,0.0,0.0,0.0,0.07128178782430003,0.10700662517566753,0.1111111111111111,0.0,0.0,1.0,0.0,0.24561403508771928,0.6666666666666666,0.3333333333333333,0.38888888888888884,0.48275862068965514,0.0,0.48275862068965514,0.0,0.0,1.0,0.0,1.0,0.0,0.0,0.0,0.0,0.0,1.0,0.0,0.0,1.0,0.0,0.0,1.0,0.0,0.0,0.0,0.0,0.0,0.0,0.0,1.0,0.0,0.0,1.0
0.3095238095238095,0.30873925501432664,0.6785714285714285,0.5,0.0,0.5142857142857142,0.6666666666666667,0.5,0.6666666666666667,0.5660801438479321,0.8357357960248946,0.3333333333333333,0.0714285714285714,0.0,0.0,0.0,0.42105263157894735,0.3333333333333333,0.6666666666666667,0.05555555555555555,0.0,0.0,0.0,0.0,1.0,0.0,0.0,1.0,0.0,0.0,1.0,0.0,0.0,0.0,0.0,0.0,1.0,1.0,0.0,0.0,0.0,0.0,0.0,0.0,0.0,0.0,0.0,1.0,0.0,1.0,0.0
0.6904761904761905,0.335243553008596,0.4642857142857143,0.5,0.6666666666666667,0.6857142857142857,0.6666666666666667,0.25,0.6666666666666667,0.23002825584382225,0.8876129291306967,0.3333333333333333,0.4285714285714285,0.0,0.6666666666666667,0.3333333333333333,0.38596491228070173,0.6666666666666666,0.3333333333333333,0.2777777777777778,0.27586206896551724,0.13333333333333333,0.13793103448275862,0.0,0.0,1.0,0.0,0.0,1.0,0.0,0.0,0.0,1.0,0.0,0.0,1.0,0.0,0.0,0.0,0.0,0.0,0.0,0.0,0.0,1.0,0.0,0.0,1.0,0.0,0.0,1.0
0.23809523809523808,0.563753581661891,0.03571428571428571,0.75,0.6666666666666667,0.2285714285714286,0.6666666666666667,0.0,0.6666666666666667,0.21660673002825587,0.5733788395904437,0.6666666666666666,0.4285714285714285,0.0,1.0,0.0,0.17543859649122806,0.5,0.3333333333333333,0.1111111111111111,0.13793103448275862,0.26666666666666666,0.06896551724137931,0.0,0.0,1.0,0.0,1.0,0.0,0.0,0.0,0.0,1.0,0.0,0.0,0.0,1.0,0.0,0.0,0.0,0.0,0.0,0.0,1.0,0.0,0.0,0.0,0.0,1.0,1.0,0.0
0.6190476190476188,0.27650429799426934,0.7857142857142857,0.5,0.3333333333333333,0.5285714285714285,0.6666666666666667,0.25,0.3333333333333333,0.06633701515540713,0.9214615539048384,0.4444444444444444,0.0714285714285714,0.0,0.6666666666666667,0.3333333333333333,0.5964912280701754,0.5,1.0,0.16666666666666666,0.13793103448275862,0.13333333333333333,0.13793103448275862,1.0,0.0,0.0,0.0,1.0,0.0,0.0,0.0,0.0,1.0,0.0,0.0,0.0,1.0,0.0,0.0,1.0,0.0,0.0,0.0,0.0,0.0,0.0,0.0,1.0,0.0,1.0,0.0
0.49999999999999994,0.729942693409742,0.17857142857142855,0.5,1.0,0.5714285714285714,0.6666666666666667,0.0,0.0,0.08958386848189057,0.08869704878538445,0.7777777777777777,0.7142857142857143,1.0,1.0,0.0,0.2807017543859649,0.3333333333333333,0.0,0.1111111111111111,0.13793103448275862,0.26666666666666666,0.13793103448275862,0.0,0.0,1.0,0.0,1.0,0.0,0.0,0.0,0.0,1.0,0.0,0.0,0.0,1.0,0.0,0.0,1.0,0.0,0.0,0.0,0.0,0.0,0.0,0.0,1.0,0.0,0.0,1.0
0.28571428571428564,0.5200573065902578,0.0,0.0,0.6666666666666667,0.8285714285714285,0.3333333333333333,0.5,0.6666666666666667,0.4793860775751349,0.7561132302750452,0.1111111111111111,0.7857142857142857,1.0,0.6666666666666667,0.0,0.42105263157894735,0.3333333333333333,0.6666666666666667,0.611111111111111,0.5517241379310345,0.6666666666666666,0.5517241379310345,1.0,0.0,0.0,0.0,1.0,0.0,0.0,1.0,0.0,0.0,0.0,0.0,0.0,1.0,0.0,0.0,0.0,0.0,1.0,0.0,0.0,0.0,0.0,0.0,0.0,1.0,1.0,0.0
0.976190476190476,0.5121776504297993,0.17857142857142855,0.25,0.3333333333333333,0.31428571428571433,0.6666666666666667,0.0,0.6666666666666667,0.08078602620087336,0.9461152379040353,0.8888888888888888,0.4285714285714285,0.0,1.0,0.0,0.24561403508771928,0.3333333333333333,0.3333333333333333,0.1111111111111111,0.13793103448275862,0.26666666666666666,0.13793103448275862,0.0,0.0,1.0,1.0,0.0,0.0,0.0,0.0,0.0,1.0,0.0,0.0,0.0,1.0,0.0,1.0,0.0,0.0,0.0,0.0,0.0,0.0,0.0,0.0,1.0,0.0,1.0,0.0
0.23809523809523808,0.5673352435530086,0.5,0.25,0.0,0.28571428571428575,0.6666666666666667,0.0,0.6666666666666667,0.07693295658874905,0.8186307970287091,0.1111111111111111,0.3571428571428571,0.0,1.0,0.3333333333333333,0.14035087719298245,0.8333333333333333,0.3333333333333333,0.2222222222222222,0.13793103448275862,0.26666666666666666,0.13793103448275862,0.0,0.0,1.0,0.0,1.0,0.0,0.0,1.0,0.0,0.0,0.0,0.0,0.0,1.0,0.0,0.0,1.0,0.0,0.0,0.0,0.0,0.0,0.0,1.0,0.0,0.0,1.0,0.0
0.49999999999999994,0.24068767908309455,0.2857142857142857,0.5,0.6666666666666667,0.5714285714285714,0.6666666666666667,0.25,0.3333333333333333,0.3707295145132289,0.2680586227665127,1.0,0.2857142857142857,0.0,0.6666666666666667,0.0,0.3157894736842105,0.3333333333333333,0.3333333333333333,0.2777777777777778,0.27586206896551724,0.0,0.20689655172413793,1.0,0.0,0.0,0.0,1.0,0.0,0.0,1.0,0.0,0.0,0.0,0.0,0.0,1.0,0.0,0.0,1.0,0.0,0.0,0.0,0.0,0.0,0.0,0.0,0.0,1.0,1.0,0.0
0.7619047619047619,0.15257879656160458,0.25,0.75,1.0,0.3428571428571428,0.6666666666666667,0.0,0.3333333333333333,0.1840482918058053,0.31676370206785787,0.7777777777777777,0.2857142857142857,0.0,1.0,0.3333333333333333,0.14035087719298245,0.3333333333333333,0.6666666666666667,0.1111111111111111,0.13793103448275862,0.26666666666666666,0.13793103448275862,0.0,0.0,1.0,0.0,0.0,1.0,0.0,0.0,1.0,0.0,0.0,0.0,0.0,1.0,0.0,0.0,0.0,0.0,0.0,0.0,0.0,0.0,1.0,0.0,1.0,0.0,1.0,0.0
0.6190476190476188,0.9634670487106016,0.9642857142857143,0.5,1.0,0.32857142857142857,1.0,0.75,1.0,0.7905856665810429,0.3871913270427625,0.3333333333333333,0.4999999999999999,0.0,0.6666666666666667,0.3333333333333333,0.8070175438596491,0.3333333333333333,0.6666666666666667,0.6666666666666666,0.7586206896551724,1.0,0.7586206896551724,0.0,0.0,1.0,0.0,0.0,1.0,0.0,0.0,0.0,1.0,0.0,0.0,1.0,0.0,0.0,0.0,0.0,0.0,0.0,0.0,0.0,1.0,0.0,0.0,1.0,0.0,0.0,1.0
0.35714285714285715,0.5186246418338109,0.9999999999999999,0.75,0.0,0.3428571428571428,0.3333333333333333,0.25,0.6666666666666667,0.2246981762137169,0.04155792009636619,0.1111111111111111,0.7857142857142857,1.0,0.3333333333333333,0.0,0.49122807017543857,0.6666666666666666,0.6666666666666667,0.7222222222222222,0.48275862068965514,0.4,0.5517241379310345,0.0,1.0,0.0,0.0,1.0,0.0,0.0,0.0,0.0,1.0,0.0,0.0,1.0,0.0,0.0,0.0,0.0,0.0,0.0,0.0,1.0,0.0,0.0,0.0,0.0,1.0,1.0,0.0
0.7619047619047619,0.9663323782234956,0.35714285714285715,0.5,0.6666666666666667,0.32857142857142857,0.6666666666666667,1.0,0.3333333333333333,1.0,0.6006424412768521,0.3333333333333333,0.2857142857142857,0.0,0.3333333333333333,0.0,0.7368421052631579,0.8333333333333333,0.6666666666666667,0.2777777777777778,0.27586206896551724,0.5333333333333333,0.27586206896551724,0.0,0.0,1.0,0.0,1.0,0.0,0.0,1.0,0.0,0.0,0.0,0.0,1.0,0.0,0.0,0.0,0.0,1.0,0.0,0.0,0.0,0.0,0.0,0.0,0.0,1.0,1.0,0.0
0.02380952380952378,0.35744985673352436,0.0,0.0,0.6666666666666667,1.0,0.0,0.0,0.0,0.0845106601592602,0.7586829953824533,0.0,0.7142857142857143,1.0,0.0,0.0,0.03508771929824561,0.8333333333333333,1.0,0.0,0.0,0.0,0.0,0.0,1.0,0.0,0.0,0.0,1.0,0.0,0.0,0.0,0.0,0.0,1.0,1.0,0.0,0.0,0.0,0.0,0.0,0.0,0.0,0.0,0.0,1.0,0.0,0.0,1.0,1.0,0.0
0.5714285714285714,0.15472779369627507,0.8214285714285714,0.5,1.0,0.3714285714285714,0.6666666666666667,0.5,0.0,0.4108014384793219,0.19498092752459342,0.1111111111111111,0.7142857142857143,1.0,1.0,0.3333333333333333,0.3508771929824561,0.8333333333333333,0.3333333333333333,0.5555555555555556,0.6206896551724138,0.6666666666666666,0.5517241379310345,0.0,0.0,1.0,0.0,1.0,0.0,0.0,0.0,0.0,1.0,0.0,0.0,0.0,1.0,0.0,0.0,0.0,0.0,1.0,0.0,0.0,0.0,0.0,0.0,1.0,0.0,0.0,1.0
0.4761904761904761,0.818051575931232,0.4642857142857143,0.5,0.6666666666666667,0.7142857142857142,0.6666666666666667,0.25,0.3333333333333333,0.5725019265348061,0.41200562136117247,0.0,0.0,0.0,1.0,0.3333333333333333,0.3508771929824561,0.5,0.6666666666666667,0.5,0.5517241379310345,0.9333333333333333,0.48275862068965514,0.0,0.0,1.0,0.0,0.0,1.0,0.0,1.0,0.0,0.0,0.0,0.0,0.0,1.0,0.0,0.0,0.0,0.0,0.0,0.0,0.0,1.0,0.0,0.0,1.0,0.0,1.0,0.0
0.7619047619047619,0.5379656160458453,0.0,0.75,1.0,0.5428571428571429,0.6666666666666667,1.0,1.0,1.0,0.8843204175868299,0.3333333333333333,0.0,0.0,0.6666666666666667,0.3333333333333333,1.0,0.5,0.3333333333333333,0.38888888888888884,0.0,0.0,0.41379310344827586,0.0,0.0,1.0,0.0,0.0,1.0,0.0,0.0,0.0,1.0,0.0,0.0,1.0,0.0,0.0,0.0,0.0,1.0,0.0,0.0,0.0,0.0,0.0,1.0,0.0,0.0,1.0,0.0
0.11904761904761901,0.3918338108882522,0.2857142857142857,0.0,0.3333333333333333,0.10000000000000003,0.6666666666666667,0.0,0.0,0.09574877986128949,0.09034330455731782,0.1111111111111111,0.2142857142857143,0.0,1.0,0.3333333333333333,0.17543859649122806,0.3333333333333333,1.0,0.2222222222222222,0.20689655172413793,0.0,0.13793103448275862,0.0,0.0,1.0,0.0,1.0,0.0,0.0,0.0,0.0,1.0,0.0,0.0,0.0,1.0,0.0,0.0,1.0,0.0,0.0,0.0,0.0,0.0,0.0,0.0,1.0,0.0,1.0,0.0
0.2619047619047619,0.7686246418338109,0.07142857142857142,0.25,0.3333333333333333,0.45714285714285713,0.6666666666666667,0.25,0.6666666666666667,0.29231954790649883,0.055932543665930534,0.1111111111111111,0.2142857142857143,0.0,0.0,0.3333333333333333,0.21052631578947367,0.8333333333333333,0.3333333333333333,0.3333333333333333,0.0,0.13333333333333333,0.13793103448275862,0.0,0.0,1.0,0.0,0.0,1.0,0.0,0.0,0.0,1.0,0.0,0.0,1.0,0.0,0.0,0.0,0.0,0.0,0.0,0.0,0.0,1.0,0.0,0.0,1.0,0.0,1.0,0.0
0.3095238095238095,0.752865329512894,0.03571428571428571,0.25,0.0,0.3428571428571428,0.6666666666666667,0.0,0.6666666666666667,0.13216028769586438,0.17261594057418186,0.0,0.5714285714285713,0.0,0.6666666666666667,0.3333333333333333,0.10526315789473684,0.16666666666666666,0.6666666666666667,0.1111111111111111,0.13793103448275862,0.13333333333333333,0.13793103448275862,0.0,0.0,1.0,0.0,0.0,1.0,0.0,1.0,0.0,0.0,0.0,0.0,0.0,1.0,0.0,0.0,0.0,0.0,0.0,0.0,0.0,0.0,1.0,0.0,1.0,0.0,1.0,0.0
0.35714285714285715,0.58810888252149,0.03571428571428571,0.5,0.6666666666666667,0.6857142857142857,0.6666666666666667,0.0,1.0,0.09549190855381454,0.18373820517968278,0.4444444444444444,0.0,0.0,1.0,0.0,0.24561403508771928,0.5,0.6666666666666667,0.05555555555555555,0.06896551724137931,0.0,0.0,0.0,0.0,1.0,0.0,1.0,0.0,0.0,0.0,0.0,1.0,0.0,0.0,0.0,1.0,0.0,0.0,1.0,0.0,0.0,0.0,0.0,0.0,0.0,0.0,0.0,1.0,1.0,0.0
0.2619047619047619,0.3373925501432665,0.6785714285714285,0.0,1.0,0.14285714285714285,0.6666666666666667,0.0,1.0,0.18000256871307474,0.1971090142541658,0.1111111111111111,0.1428571428571428,0.0,0.3333333333333333,0.0,0.38596491228070173,0.5,1.0,0.611111111111111,0.5517241379310345,0.4,0.6896551724137931,0.0,1.0,0.0,0.0,1.0,0.0,0.0,0.0,0.0,1.0,0.0,0.0,0.0,1.0,0.0,0.0,1.0,0.0,0.0,0.0,0.0,0.0,0.0,0.0,1.0,0.0,1.0,0.0
0.2619047619047619,0.26217765042979946,0.3214285714285714,0.5,0.6666666666666667,0.17142857142857143,0.3333333333333333,0.25,0.6666666666666667,0.3120986385820704,0.8560128488255371,1.0,0.0,0.0,0.6666666666666667,0.0,0.2807017543859649,0.3333333333333333,0.6666666666666667,0.2777777777777778,0.13793103448275862,0.13333333333333333,0.27586206896551724,0.0,0.0,1.0,0.0,0.0,1.0,0.0,0.0,0.0,1.0,0.0,0.0,0.0,1.0,0.0,0.0,0.0,0.0,0.0,0.0,0.0,1.0,0.0,0.0,0.0,1.0,1.0,0.0
0.6428571428571428,0.8689111747851003,0.9999999999999999,0.5,0.6666666666666667,0.7571428571428571,0.6666666666666667,0.0,1.0,0.1568841510403288,0.30748845613330655,0.5555555555555556,0.1428571428571428,0.0,0.3333333333333333,0.0,0.3157894736842105,0.3333333333333333,0.3333333333333333,0.3333333333333333,0.3448275862068966,0.0,0.20689655172413793,0.0,0.0,1.0,0.0,1.0,0.0,0.0,0.0,0.0,1.0,0.0,0.0,0.0,1.0,0.0,0.0,0.0,0.0,0.0,0.0,1.0,0.0,0.0,0.0,0.0,1.0,1.0,0.0
0.6428571428571428,0.10673352435530087,0.0,0.5,0.6666666666666667,0.5714285714285714,1.0,1.0,1.0,1.0,0.5571571973499297,0.0,0.0,0.0,0.6666666666666667,0.3333333333333333,0.8771929824561403,0.3333333333333333,0.6666666666666667,1.0,0.0,0.13333333333333333,0.48275862068965514,0.0,0.0,1.0,0.0,1.0,0.0,0.0,0.0,0.0,0.0,1.0,0.0,0.0,1.0,0.0,0.0,0.0,1.0,0.0,0.0,0.0,0.0,0.0,0.0,1.0,0.0,1.0,0.0
0.42857142857142855,0.8588825214899714,0.17857142857142855,0.75,0.0,0.7142857142857142,1.0,0.25,0.0,0.2923837657333676,0.7073679983938967,0.3333333333333333,0.1428571428571428,0.0,1.0,0.3333333333333333,0.3157894736842105,0.5,0.6666666666666667,0.16666666666666666,0.13793103448275862,0.0,0.13793103448275862,0.0,1.0,0.0,0.0,1.0,0.0,0.0,1.0,0.0,0.0,0.0,0.0,0.0,1.0,0.0,0.0,1.0,0.0,0.0,0.0,0.0,0.0,0.0,0.0,1.0,0.0,0.0,1.0
0.4523809523809524,0.7249283667621776,0.0,0.75,0.0,0.3,0.3333333333333333,0.25,0.6666666666666667,0.320061649113794,0.023890784982935148,0.1111111111111111,0.4999999999999999,0.0,0.6666666666666667,0.3333333333333333,0.24561403508771928,0.3333333333333333,1.0,0.38888888888888884,0.3448275862068966,0.0,0.48275862068965514,0.0,0.0,1.0,0.0,1.0,0.0,0.0,1.0,0.0,0.0,0.0,0.0,0.0,1.0,0.0,0.0,0.0,0.0,1.0,0.0,0.0,0.0,0.0,1.0,0.0,0.0,1.0,0.0
0.3333333333333333,0.8280802292263609,0.03571428571428571,0.75,1.0,0.9285714285714286,0.6666666666666667,0.0,0.3333333333333333,0.024659645517595682,0.9137924111624172,0.1111111111111111,0.0714285714285714,0.0,0.0,0.0,0.03508771929824561,0.3333333333333333,0.6666666666666667,0.05555555555555555,0.0,0.0,0.0,0.0,0.0,1.0,0.0,1.0,0.0,0.0,1.0,0.0,0.0,0.0,0.0,0.0,1.0,0.0,0.0,1.0,0.0,0.0,0.0,0.0,0.0,0.0,0.0,0.0,1.0,1.0,0.0
0.14285714285714285,0.19914040114613182,0.2857142857142857,0.5,0.3333333333333333,0.8428571428571427,0.6666666666666667,0.0,0.0,0.13890315951708193,0.5984340493876732,0.2222222222222222,0.0,0.0,0.6666666666666667,0.0,0.14035087719298245,0.3333333333333333,0.3333333333333333,0.0,0.0,0.0,0.0,0.0,1.0,0.0,0.0,1.0,0.0,0.0,0.0,0.0,1.0,0.0,0.0,0.0,1.0,0.0,0.0,1.0,0.0,0.0,0.0,0.0,0.0,0.0,0.0,0.0,1.0,0.0,1.0
0.23809523809523808,0.7263610315186246,0.25,0.25,1.0,0.5142857142857142,0.6666666666666667,0.0,1.0,0.1477652196249679,0.09612527604898613,0.1111111111111111,0.7142857142857143,1.0,1.0,0.0,0.17543859649122806,0.5,0.6666666666666667,0.2777777777777778,0.20689655172413793,0.0,0.13793103448275862,0.0,0.0,1.0,0.0,1.0,0.0,0.0,1.0,0.0,0.0,0.0,0.0,1.0,0.0,0.0,0.0,0.0,0.0,0.0,0.0,1.0,0.0,0.0,0.0,0.0,1.0,1.0,0.0
0.380952380952381,0.6189111747851003,0.5357142857142857,0.75,1.0,0.7857142857142856,0.0,0.0,0.0,0.08335473927562292,0.4965268018470187,0.1111111111111111,0.8571428571428571,1.0,0.3333333333333333,0.3333333333333333,0.17543859649122806,0.3333333333333333,0.6666666666666667,0.2777777777777778,0.13793103448275862,0.4,0.0,1.0,0.0,0.0,0.0,1.0,0.0,0.0,0.0,0.0,0.0,0.0,1.0,0.0,1.0,0.0,0.0,0.0,0.0,0.0,0.0,1.0,0.0,0.0,0.0,1.0,0.0,0.0,1.0
0.2619047619047619,0.3545845272206304,0.2857142857142857,0.5,0.6666666666666667,0.8714285714285714,1.0,0.0,0.6666666666666667,0.0926021063447213,0.8143746235695644,0.6666666666666666,0.4999999999999999,0.0,0.0,0.6666666666666666,0.17543859649122806,0.3333333333333333,0.3333333333333333,0.05555555555555555,0.0,0.0,0.0,0.0,0.0,1.0,0.0,1.0,0.0,0.0,1.0,0.0,0.0,0.0,0.0,0.0,1.0,0.0,0.0,0.0,0.0,0.0,0.0,1.0,0.0,0.0,0.0,1.0,0.0,1.0,0.0
0.6428571428571428,0.4906876790830945,0.8214285714285714,0.75,0.3333333333333333,0.08571428571428569,0.6666666666666667,0.0,0.3333333333333333,0.07500642178268688,0.24990965669544266,0.1111111111111111,0.3571428571428571,0.0,0.0,0.0,0.21052631578947367,0.5,0.6666666666666667,0.3333333333333333,0.20689655172413793,0.0,0.27586206896551724,0.0,0.0,1.0,1.0,0.0,0.0,0.0,0.0,0.0,1.0,0.0,0.0,0.0,1.0,0.0,1.0,0.0,0.0,0.0,0.0,0.0,0.0,0.0,0.0,0.0,1.0,1.0,0.0
0.28571428571428564,0.5558739255014327,0.2857142857142857,0.25,0.6666666666666667,0.5999999999999999,0.6666666666666667,0.25,0.6666666666666667,0.23670690983817105,0.43220236900220843,0.7777777777777777,0.4999999999999999,0.0,0.6666666666666667,0.0,0.3508771929824561,0.5,0.6666666666666667,0.4444444444444444,0.27586206896551724,0.13333333333333333,0.48275862068965514,1.0,0.0,0.0,0.0,1.0,0.0,0.0,0.0,0.0,1.0,0.0,0.0,1.0,0.0,0.0,0.0,0.0,0.0,1.0,0.0,0.0,0.0,0.0,0.0,0.0,1.0,0.0,1.0
0.14285714285714285,0.5085959885386819,0.0,0.5,0.3333333333333333,0.4428571428571429,0.6666666666666667,0.0,1.0,0.08245568969946057,0.03718128889781168,0.2222222222222222,0.3571428571428571,0.0,0.0,0.3333333333333333,0.21052631578947367,0.3333333333333333,0.3333333333333333,0.1111111111111111,0.0,0.26666666666666666,0.0,0.0,0.0,1.0,0.0,1.0,0.0,0.0,0.0,0.0,1.0,0.0,0.0,0.0,1.0,0.0,0.0,0.0,0.0,0.0,0.0,1.0,0.0,0.0,0.0,1.0,0.0,0.0,1.0
0.3095238095238095,0.21848137535816617,0.2857142857142857,0.75,0.6666666666666667,0.17142857142857143,0.3333333333333333,0.0,0.3333333333333333,0.10583097867968147,0.2191126279863481,0.0,0.3571428571428571,0.0,1.0,0.0,0.10526315789473684,0.8333333333333333,0.6666666666666667,0.1111111111111111,0.13793103448275862,0.26666666666666666,0.13793103448275862,0.0,0.0,1.0,0.0,1.0,0.0,0.0,1.0,0.0,0.0,0.0,0.0,0.0,1.0,0.0,0.0,0.0,0.0,0.0,0.0,1.0,0.0,0.0,0.0,0.0,1.0,0.0,1.0
0.857142857142857,0.7478510028653295,0.07142857142857142,0.5,1.0,0.31428571428571433,0.6666666666666667,0.25,0.0,0.31665810428975083,0.5989560329251155,0.2222222222222222,0.2142857142857143,0.0,1.0,0.3333333333333333,0.5614035087719298,0.6666666666666666,0.6666666666666667,0.3333333333333333,0.13793103448275862,0.0,0.3448275862068966,0.0,0.0,1.0,0.0,0.0,1.0,0.0,0.0,1.0,0.0,0.0,0.0,1.0,0.0,0.0,0.0,0.0,0.0,0.0,0.0,0.0,1.0,0.0,0.0,1.0,0.0,1.0,0.0
0.4523809523809524,0.08954154727793698,0.17857142857142855,0.75,0.6666666666666667,0.9714285714285713,0.6666666666666667,0.25,1.0,0.352748522989982,0.8324031319012246,0.4444444444444444,0.2142857142857143,0.0,0.3333333333333333,0.3333333333333333,0.24561403508771928,0.8333333333333333,1.0,0.2777777777777778,0.27586206896551724,0.0,0.06896551724137931,0.0,0.0,1.0,0.0,0.0,1.0,0.0,0.0,0.0,1.0,0.0,0.0,0.0,1.0,0.0,0.0,0.0,0.0,0.0,0.0,0.0,1.0,0.0,0.0,1.0,0.0,1.0,0.0
0.4047619047619047,0.25859598853868193,0.10714285714285714,0.25,0.6666666666666667,0.6428571428571428,0.6666666666666667,0.0,1.0,0.060493192910351906,0.35398514354547284,0.1111111111111111,0.0714285714285714,0.0,0.6666666666666667,0.3333333333333333,0.03508771929824561,0.5,0.6666666666666667,0.05555555555555555,0.0,0.0,0.0,0.0,0.0,1.0,0.0,1.0,0.0,0.0,0.0,0.0,0.0,1.0,0.0,0.0,1.0,0.0,0.0,1.0,0.0,0.0,0.0,0.0,0.0,0.0,1.0,0.0,0.0,1.0,0.0
0.9999999999999998,0.19126074498567333,0.0,0.75,0.6666666666666667,0.8857142857142857,0.0,0.5,1.0,0.6340868225019265,0.7377233487251555,0.3333333333333333,0.6428571428571427,1.0,0.6666666666666667,0.3333333333333333,0.6666666666666666,0.3333333333333333,1.0,0.05555555555555555,0.0,0.0,0.0,0.0,0.0,1.0,0.0,1.0,0.0,0.0,0.0,0.0,1.0,0.0,0.0,0.0,1.0,1.0,0.0,0.0,0.0,0.0,0.0,0.0,0.0,0.0,1.0,0.0,0.0,1.0,0.0
0.42857142857142855,0.5830945558739254,0.17857142857142855,0.75,0.6666666666666667,0.42857142857142855,0.0,0.0,0.6666666666666667,0.11122527613665553,0.19156795824131698,0.1111111111111111,0.2142857142857143,0.0,0.6666666666666667,0.3333333333333333,0.24561403508771928,0.6666666666666666,0.6666666666666667,0.38888888888888884,0.48275862068965514,0.13333333333333333,0.48275862068965514,0.0,0.0,1.0,0.0,1.0,0.0,0.0,1.0,0.0,0.0,0.0,0.0,0.0,1.0,0.0,0.0,1.0,0.0,0.0,0.0,0.0,0.0,0.0,1.0,0.0,0.0,1.0,0.0
0.49999999999999994,0.4434097421203438,0.8214285714285714,0.0,0.3333333333333333,0.42857142857142855,0.3333333333333333,0.75,1.0,0.7078088877472386,0.2703874723951014,0.0,0.0,0.0,0.0,0.3333333333333333,0.7368421052631579,0.3333333333333333,0.3333333333333333,1.0,0.6206896551724138,1.0,0.41379310344827586,0.0,0.0,1.0,0.0,0.0,1.0,0.0,0.0,1.0,0.0,0.0,0.0,1.0,0.0,0.0,0.0,0.0,0.0,0.0,0.0,0.0,1.0,0.0,0.0,1.0,0.0,1.0,0.0
0.2619047619047619,0.0358166189111748,0.5,0.25,1.0,0.2714285714285714,0.3333333333333333,0.25,0.6666666666666667,0.20446956075006423,0.425135514956836,0.0,0.0714285714285714,0.0,1.0,0.0,0.3508771929824561,0.5,0.6666666666666667,0.5,0.3448275862068966,0.0,0.5517241379310345,0.0,0.0,1.0,0.0,1.0,0.0,0.0,1.0,0.0,0.0,0.0,0.0,1.0,0.0,0.0,0.0,1.0,0.0,0.0,0.0,0.0,0.0,0.0,0.0,0.0,1.0,0.0,1.0
0.21428571428571425,0.7249283667621776,0.07142857142857142,0.75,0.0,0.3428571428571428,0.3333333333333333,0.0,1.0,0.06652966863601337,0.5251957438265409,0.0,0.1428571428571428,0.0,1.0,0.0,0.17543859649122806,0.0,0.6666666666666667,0.2222222222222222,0.13793103448275862,0.13333333333333333,0.06896551724137931,0.0,0.0,1.0,0.0,1.0,0.0,0.0,0.0,0.0,1.0,0.0,0.0,0.0,1.0,0.0,0.0,0.0,0.0,0.0,0.0,1.0,0.0,0.0,0.0,0.0,1.0,1.0,0.0
0.4761904761904761,0.4777936962750716,0.3214285714285714,0.75,0.6666666666666667,0.6142857142857143,0.3333333333333333,0.5,0.6666666666666667,0.49646801952221936,0.13953021481630193,0.0,0.2142857142857143,0.0,0.3333333333333333,0.6666666666666666,0.3157894736842105,0.3333333333333333,0.6666666666666667,0.4444444444444444,0.48275862068965514,0.26666666666666666,0.48275862068965514,0.0,0.0,1.0,0.0,0.0,1.0,0.0,0.0,1.0,0.0,0.0,0.0,0.0,1.0,0.0,0.0,0.0,0.0,0.0,0.0,0.0,1.0,0.0,1.0,0.0,0.0,0.0,1.0
0.5714285714285714,0.25429799426934097,0.8928571428571428,1.0,0.0,0.42857142857142855,0.6666666666666667,0.5,0.0,0.7823015669149755,0.8507127082915077,0.3333333333333333,0.4285714285714285,0.0,0.6666666666666667,0.0,0.7017543859649122,1.0,0.6666666666666667,0.05555555555555555,0.0,0.0,0.0,0.0,1.0,0.0,0.0,1.0,0.0,0.0,0.0,0.0,1.0,0.0,0.0,1.0,0.0,0.0,0.0,0.0,0.0,0.0,1.0,0.0,0.0,0.0,0.0,1.0,0.0,0.0,1.0
0.976190476190476,0.8746418338108882,0.07142857142857142,0.5,0.6666666666666667,0.7285714285714284,1.0,0.0,0.0,0.10666581042897508,0.31600080305159606,0.4444444444444444,0.6428571428571427,1.0,0.0,1.0,0.42105263157894735,0.5,0.3333333333333333,0.05555555555555555,0.0,0.0,0.0,0.0,0.0,1.0,0.0,1.0,0.0,0.0,0.0,0.0,1.0,0.0,0.0,1.0,0.0,0.0,0.0,1.0,0.0,0.0,0.0,0.0,0.0,0.0,0.0,1.0,0.0,0.0,1.0
0.5714285714285714,0.26217765042979946,0.03571428571428571,0.25,1.0,0.07142857142857145,0.6666666666666667,0.75,0.0,1.0,0.4940774944790203,0.0,0.4285714285714285,0.0,1.0,0.3333333333333333,0.8070175438596491,0.5,0.6666666666666667,1.0,0.41379310344827586,1.0,0.48275862068965514,0.0,0.0,1.0,0.0,1.0,0.0,0.0,0.0,0.0,1.0,0.0,0.0,0.0,1.0,0.0,0.0,0.0,1.0,0.0,0.0,0.0,0.0,0.0,0.0,1.0,0.0,1.0,0.0
0.19047619047619052,0.8789398280802292,0.7142857142857143,0.5,0.0,0.10000000000000003,0.6666666666666667,0.0,0.6666666666666667,0.08784998715643463,0.6937964264203975,0.1111111111111111,0.6428571428571427,1.0,0.6666666666666667,0.3333333333333333,0.03508771929824561,0.0,0.3333333333333333,0.05555555555555555,0.06896551724137931,0.0,0.0,0.0,0.0,1.0,0.0,1.0,0.0,0.0,0.0,0.0,1.0,0.0,0.0,0.0,1.0,0.0,0.0,1.0,0.0,0.0,0.0,0.0,0.0,0.0,1.0,0.0,0.0,1.0,0.0
0.5476190476190477,0.2722063037249284,0.17857142857142855,0.5,1.0,0.9285714285714286,0.3333333333333333,0.25,0.3333333333333333,0.3225661443616748,0.32186307970287087,0.6666666666666666,0.2857142857142857,0.0,1.0,0.0,0.2807017543859649,0.5,0.6666666666666667,0.2777777777777778,0.27586206896551724,0.13333333333333333,0.13793103448275862,0.0,0.0,1.0,0.0,1.0,0.0,0.0,0.0,0.0,1.0,0.0,0.0,0.0,1.0,0.0,0.0,0.0,0.0,1.0,0.0,0.0,0.0,0.0,0.0,0.0,1.0,0.0,1.0
0.4047619047619047,0.029369627507163334,0.75,0.5,1.0,0.2285714285714286,0.0,0.0,0.6666666666666667,0.20684562034420756,0.6878538446095162,0.0,0.2857142857142857,0.0,0.6666666666666667,0.0,0.21052631578947367,0.3333333333333333,0.6666666666666667,0.2777777777777778,0.27586206896551724,0.5333333333333333,0.20689655172413793,0.0,0.0,1.0,0.0,1.0,0.0,0.0,1.0,0.0,0.0,0.0,0.0,0.0,1.0,0.0,0.0,1.0,0.0,0.0,0.0,0.0,0.0,0.0,0.0,0.0,1.0,1.0,0.0
0.9285714285714284,0.35100286532951286,0.0,0.75,1.0,0.8285714285714285,0.6666666666666667,0.25,0.6666666666666667,0.3689956331877729,0.0350532021682393,0.2222222222222222,0.0,0.0,0.6666666666666667,0.0,0.5263157894736842,0.3333333333333333,0.6666666666666667,0.16666666666666666,0.13793103448275862,0.13333333333333333,0.13793103448275862,0.0,0.0,1.0,0.0,1.0,0.0,0.0,0.0,0.0,1.0,0.0,0.0,0.0,1.0,1.0,0.0,0.0,0.0,0.0,0.0,0.0,0.0,0.0,0.0,1.0,0.0,1.0,0.0
0.3095238095238095,0.6869627507163323,0.8214285714285714,0.5,0.6666666666666667,0.9428571428571428,0.3333333333333333,0.25,0.0,0.372656049319291,0.6064645653483236,0.1111111111111111,0.5714285714285713,0.0,0.3333333333333333,0.0,0.3508771929824561,0.3333333333333333,0.6666666666666667,0.5555555555555556,0.6206896551724138,0.13333333333333333,0.5517241379310345,0.0,0.0,1.0,0.0,1.0,0.0,0.0,0.0,0.0,1.0,0.0,0.0,1.0,0.0,1.0,0.0,0.0,0.0,0.0,0.0,0.0,0.0,0.0,0.0,0.0,1.0,1.0,0.0
0.976190476190476,0.9434097421203438,0.03571428571428571,0.75,0.6666666666666667,0.02857142857142858,0.3333333333333333,1.0,1.0,1.0,0.7961453523388877,1.0,0.7142857142857143,1.0,1.0,0.3333333333333333,1.0,0.5,0.6666666666666667,0.16666666666666666,0.13793103448275862,0.26666666666666666,0.13793103448275862,1.0,0.0,0.0,1.0,0.0,0.0,1.0,0.0,0.0,0.0,0.0,0.0,1.0,0.0,0.0,0.0,0.0,1.0,0.0,0.0,0.0,0.0,0.0,0.0,1.0,0.0,1.0,0.0
0.380952380952381,0.6017191977077363,0.2857142857142857,0.5,1.0,0.7999999999999998,0.6666666666666667,0.5,1.0,0.481055741073722,0.13651877133105803,0.0,0.0,0.0,1.0,0.3333333333333333,0.3508771929824561,0.0,0.3333333333333333,0.5,0.48275862068965514,0.13333333333333333,0.41379310344827586,0.0,0.0,1.0,0.0,1.0,0.0,0.0,1.0,0.0,0.0,0.0,0.0,0.0,1.0,1.0,0.0,0.0,0.0,0.0,0.0,0.0,0.0,0.0,1.0,0.0,0.0,1.0,0.0
0.5238095238095237,0.5744985673352435,0.6428571428571428,0.25,0.6666666666666667,0.9857142857142855,0.6666666666666667,0.25,1.0,0.11122527613665553,0.5793615739811283,0.8888888888888888,0.2857142857142857,0.0,0.6666666666666667,0.3333333333333333,0.5263157894736842,0.3333333333333333,1.0,0.38888888888888884,0.13793103448275862,0.4,0.48275862068965514,0.0,0.0,1.0,0.0,1.0,0.0,0.0,0.0,0.0,1.0,0.0,0.0,0.0,1.0,0.0,0.0,1.0,0.0,0.0,0.0,0.0,0.0,0.0,0.0,1.0,0.0,0.0,1.0
0.380952380952381,0.36891117478510027,0.07142857142857142,0.0,0.0,0.21428571428571425,0.6666666666666667,0.25,1.0,0.4332776778833804,0.8099578397912066,0.0,0.4285714285714285,0.0,0.6666666666666667,0.0,0.24561403508771928,0.16666666666666666,0.3333333333333333,0.3333333333333333,0.13793103448275862,0.0,0.27586206896551724,0.0,1.0,0.0,0.0,1.0,0.0,0.0,1.0,0.0,0.0,0.0,0.0,0.0,1.0,1.0,0.0,0.0,0.0,0.0,0.0,0.0,0.0,0.0,0.0,0.0,1.0,1.0,0.0
0.5476190476190477,0.5279369627507163,0.2857142857142857,0.5,0.0,0.4857142857142857,0.6666666666666667,1.0,0.6666666666666667,1.0,0.06589038345713713,0.2222222222222222,0.4285714285714285,0.0,0.3333333333333333,0.3333333333333333,0.7368421052631579,0.3333333333333333,1.0,1.0,1.0,0.0,0.7586206896551724,0.0,1.0,0.0,0.0,1.0,0.0,0.0,0.0,0.0,1.0,0.0,0.0,0.0,1.0,0.0,0.0,0.0,0.0,0.0,1.0,0.0,0.0,0.0,1.0,0.0,0.0,1.0,0.0
0.4047619047619047,0.7886819484240687,0.10714285714285714,0.5,1.0,0.7999999999999998,0.6666666666666667,0.5,0.0,0.5505394297456974,0.3308171049989962,0.0,0.7857142857142857,1.0,0.0,0.0,0.3157894736842105,0.3333333333333333,0.6666666666666667,0.4444444444444444,0.48275862068965514,0.5333333333333333,0.48275862068965514,0.0,0.0,1.0,0.0,0.0,1.0,0.0,0.0,0.0,0.0,0.0,1.0,0.0,1.0,0.0,0.0,0.0,0.0,0.0,0.0,0.0,1.0,0.0,0.0,0.0,1.0,0.0,1.0
0.4047619047619047,0.8681948424068767,0.75,0.5,0.3333333333333333,0.5857142857142856,1.0,0.5,0.3333333333333333,0.7055612638068327,0.6828347721341096,0.7777777777777777,0.4999999999999999,0.0,0.3333333333333333,0.3333333333333333,0.3508771929824561,1.0,0.3333333333333333,0.38888888888888884,0.48275862068965514,0.8,0.13793103448275862,0.0,0.0,1.0,0.0,1.0,0.0,0.0,1.0,0.0,0.0,0.0,0.0,1.0,0.0,0.0,0.0,0.0,1.0,0.0,0.0,0.0,0.0,0.0,1.0,0.0,0.0,1.0,0.0
0.4047619047619047,0.7994269340974212,0.6071428571428571,0.5,0.6666666666666667,0.7999999999999998,0.6666666666666667,0.25,0.6666666666666667,0.23067043411250965,0.1640232884962859,0.1111111111111111,0.3571428571428571,0.0,0.3333333333333333,0.0,0.17543859649122806,0.5,0.6666666666666667,0.2777777777777778,0.13793103448275862,0.13333333333333333,0.0,0.0,0.0,1.0,0.0,0.0,1.0,0.0,0.0,0.0,1.0,0.0,0.0,1.0,0.0,0.0,0.0,0.0,0.0,0.0,0.0,0.0,1.0,0.0,0.0,1.0,0.0,1.0,0.0
0.16666666666666669,0.4097421203438395,0.14285714285714285,0.25,0.3333333333333333,0.7857142857142856,1.0,0.25,0.0,0.19207552016439766,0.654085524994981,0.1111111111111111,0.0714285714285714,0.0,1.0,0.6666666666666666,0.21052631578947367,0.3333333333333333,0.6666666666666667,0.3333333333333333,0.20689655172413793,0.13333333333333333,0.3448275862068966,1.0,0.0,0.0,0.0,1.0,0.0,0.0,1.0,0.0,0.0,0.0,0.0,0.0,1.0,1.0,0.0,0.0,0.0,0.0,0.0,0.0,0.0,0.0,1.0,0.0,0.0,1.0,0.0
0.7380952380952379,0.997134670487106,0.14285714285714285,0.75,0.0,0.9428571428571428,0.6666666666666667,0.25,0.6666666666666667,0.3623169791934241,0.7805661513752259,0.2222222222222222,0.2142857142857143,0.0,0.3333333333333333,0.3333333333333333,0.7017543859649122,0.0,0.3333333333333333,0.16666666666666666,0.13793103448275862,0.13333333333333333,0.13793103448275862,0.0,0.0,1.0,0.0,1.0,0.0,0.0,0.0,0.0,0.0,0.0,1.0,0.0,1.0,1.0,0.0,0.0,0.0,0.0,0.0,0.0,0.0,0.0,0.0,1.0,0.0,1.0,0.0
0.42857142857142855,0.8330945558739254,0.3214285714285714,0.75,0.3333333333333333,0.4714285714285715,0.3333333333333333,0.25,0.6666666666666667,0.2995119445157976,0.15924513149969885,0.1111111111111111,0.1428571428571428,0.0,0.0,0.3333333333333333,0.3508771929824561,0.6666666666666666,0.6666666666666667,0.5555555555555556,0.6206896551724138,0.13333333333333333,0.48275862068965514,0.0,0.0,1.0,0.0,0.0,1.0,0.0,0.0,0.0,0.0,0.0,1.0,1.0,0.0,0.0,0.0,0.0,0.0,0.0,0.0,0.0,1.0,0.0,0.0,1.0,0.0,0.0,1.0
0.19047619047619052,0.26361031518624645,0.8214285714285714,0.5,0.6666666666666667,0.5142857142857142,0.0,0.0,1.0,0.0854739275622913,0.8479823328648866,0.1111111111111111,0.4999999999999999,0.0,0.3333333333333333,0.0,0.03508771929824561,0.5,0.0,0.05555555555555555,0.0,0.0,0.0,0.0,0.0,1.0,0.0,1.0,0.0,0.0,0.0,0.0,0.0,0.0,1.0,0.0,1.0,0.0,0.0,1.0,0.0,0.0,0.0,0.0,0.0,0.0,0.0,0.0,1.0,0.0,1.0
0.9523809523809523,0.414756446991404,0.3214285714285714,0.75,1.0,0.10000000000000003,0.6666666666666667,0.75,0.6666666666666667,0.8260339070125866,0.8960048183095763,0.0,0.1428571428571428,0.0,0.6666666666666667,0.0,1.0,0.16666666666666666,0.3333333333333333,1.0,0.6896551724137931,0.13333333333333333,0.5517241379310345,0.0,0.0,1.0,0.0,0.0,1.0,0.0,0.0,0.0,1.0,0.0,0.0,0.0,1.0,0.0,0.0,0.0,0.0,0.0,0.0,0.0,1.0,0.0,0.0,0.0,1.0,1.0,0.0
0.21428571428571425,0.8159025787965616,0.6785714285714285,0.5,1.0,0.857142857142857,0.6666666666666667,0.25,0.6666666666666667,0.5761623426663243,0.434531218630797,0.1111111111111111,0.2142857142857143,0.0,1.0,0.0,0.24561403508771928,0.3333333333333333,0.6666666666666667,0.38888888888888884,0.48275862068965514,0.0,0.48275862068965514,0.0,1.0,0.0,0.0,0.0,1.0,0.0,1.0,0.0,0.0,0.0,0.0,1.0,0.0,0.0,0.0,0.0,0.0,0.0,0.0,0.0,1.0,0.0,0.0,0.0,1.0,1.0,0.0
0.5714285714285714,0.3581661891117478,0.2142857142857143,0.75,0.3333333333333333,0.6857142857142857,1.0,0.25,0.3333333333333333,0.08752889802209093,0.14189921702469382,0.6666666666666666,0.3571428571428571,0.0,1.0,0.0,0.631578947368421,0.3333333333333333,0.6666666666666667,0.05555555555555555,0.0,0.0,0.0,0.0,0.0,1.0,0.0,1.0,0.0,0.0,0.0,0.0,1.0,0.0,0.0,1.0,0.0,0.0,0.0,0.0,0.0,0.0,0.0,1.0,0.0,0.0,0.0,1.0,0.0,0.0,1.0
0.2619047619047619,0.7929799426934097,0.03571428571428571,0.5,0.0,0.6857142857142857,0.3333333333333333,0.25,0.3333333333333333,0.3618674544053429,0.063963059626581,0.2222222222222222,0.5714285714285713,0.0,0.3333333333333333,0.6666666666666666,0.3508771929824561,0.3333333333333333,0.6666666666666667,0.0,0.0,0.0,0.0,0.0,0.0,1.0,0.0,0.0,1.0,0.0,0.0,0.0,1.0,0.0,0.0,0.0,1.0,0.0,0.0,0.0,0.0,0.0,0.0,0.0,1.0,0.0,0.0,1.0,0.0,1.0,0.0
0.21428571428571425,0.6819484240687679,0.03571428571428571,0.75,0.0,0.24285714285714283,0.6666666666666667,0.25,1.0,0.20665296686360135,0.10295121461553905,0.0,0.4999999999999999,0.0,0.3333333333333333,0.3333333333333333,0.14035087719298245,0.3333333333333333,0.6666666666666667,0.16666666666666666,0.13793103448275862,0.26666666666666666,0.13793103448275862,0.0,0.0,1.0,0.0,1.0,0.0,0.0,1.0,0.0,0.0,0.0,0.0,1.0,0.0,0.0,0.0,0.0,0.0,1.0,0.0,0.0,0.0,0.0,0.0,1.0,0.0,1.0,0.0
0.5714285714285714,0.734240687679083,0.42857142857142855,0.5,0.3333333333333333,0.9285714285714286,1.0,0.25,0.0,0.2908425378885178,0.144629592451315,0.5555555555555556,0.4999999999999999,0.0,0.6666666666666667,0.6666666666666666,0.3508771929824561,0.3333333333333333,0.3333333333333333,0.0,0.0,0.0,0.0,0.0,0.0,1.0,0.0,1.0,0.0,0.0,0.0,0.0,1.0,0.0,0.0,0.0,1.0,1.0,0.0,0.0,0.0,0.0,0.0,0.0,0.0,0.0,0.0,1.0,0.0,1.0,0.0
0.28571428571428564,0.22206303724928364,0.2142857142857143,0.0,1.0,0.38571428571428573,0.6666666666666667,0.0,0.3333333333333333,0.12676599023889032,0.6546476611122265,0.0,0.2142857142857143,0.0,0.0,0.0,0.14035087719298245,0.5,0.6666666666666667,0.16666666666666666,0.13793103448275862,0.13333333333333333,0.13793103448275862,0.0,0.0,1.0,0.0,0.0,1.0,0.0,0.0,1.0,0.0,0.0,0.0,0.0,1.0,0.0,0.0,0.0,0.0,0.0,0.0,0.0,0.0,1.0,0.0,0.0,1.0,1.0,0.0
0.047619047619047616,0.6131805157593123,0.0,0.5,1.0,0.7571428571428571,0.3333333333333333,0.0,0.3333333333333333,0.11732596968918571,0.3879943786388276,0.1111111111111111,0.1428571428571428,0.0,1.0,0.0,0.03508771929824561,0.0,1.0,0.05555555555555555,0.0,0.0,0.0,0.0,0.0,1.0,0.0,1.0,0.0,0.0,1.0,0.0,0.0,0.0,0.0,1.0,0.0,0.0,0.0,0.0,0.0,0.0,0.0,1.0,0.0,0.0,0.0,0.0,1.0,1.0,0.0
0.3333333333333333,0.646131805157593,0.03571428571428571,0.25,1.0,0.7,0.6666666666666667,0.0,1.0,0.1322245055227331,0.3922907046777755,0.0,0.1428571428571428,0.0,0.6666666666666667,0.0,0.2807017543859649,0.3333333333333333,0.3333333333333333,0.38888888888888884,0.48275862068965514,0.4,0.41379310344827586,0.0,1.0,0.0,0.0,1.0,0.0,0.0,1.0,0.0,0.0,0.0,0.0,0.0,1.0,0.0,0.0,1.0,0.0,0.0,0.0,0.0,0.0,0.0,0.0,0.0,1.0,1.0,0.0
0.07142857142857145,0.10601719197707737,0.3214285714285714,0.25,0.0,0.21428571428571425,0.3333333333333333,0.0,0.6666666666666667,0.10377600821988184,0.9321019875527002,0.1111111111111111,0.6428571428571427,1.0,0.6666666666666667,0.0,0.07017543859649122,0.3333333333333333,0.0,0.1111111111111111,0.13793103448275862,0.26666666666666666,0.13793103448275862,0.0,1.0,0.0,0.0,1.0,0.0,0.0,1.0,0.0,0.0,0.0,0.0,1.0,0.0,0.0,0.0,1.0,0.0,0.0,0.0,0.0,0.0,0.0,0.0,0.0,1.0,1.0,0.0
0.21428571428571425,0.49426934097421205,0.03571428571428571,0.0,1.0,0.18571428571428567,0.0,0.25,1.0,0.26085281274081684,0.7347119052399117,0.3333333333333333,0.6428571428571427,1.0,0.3333333333333333,0.0,0.2807017543859649,0.5,0.6666666666666667,0.3333333333333333,0.13793103448275862,0.0,0.0,0.0,1.0,0.0,0.0,0.0,1.0,0.0,1.0,0.0,0.0,0.0,0.0,0.0,1.0,0.0,0.0,0.0,0.0,0.0,0.0,0.0,1.0,0.0,0.0,0.0,1.0,1.0,0.0
0.0,0.8617478510028653,0.14285714285714285,0.5,0.3333333333333333,0.5571428571428572,0.6666666666666667,0.0,0.3333333333333333,0.05580529154893399,0.23951013852640032,0.1111111111111111,0.2142857142857143,0.0,1.0,0.0,0.0,0.5,0.6666666666666667,0.0,0.0,0.0,0.0,0.0,1.0,0.0,0.0,0.0,1.0,0.0,0.0,1.0,0.0,0.0,0.0,0.0,1.0,0.0,0.0,0.0,0.0,0.0,0.0,0.0,0.0,1.0,0.0,0.0,1.0,0.0,1.0
0.0,0.09097421203438397,0.07142857142857142,0.5,0.6666666666666667,0.3428571428571428,0.6666666666666667,0.0,0.6666666666666667,0.02639352684305163,0.9290905440674563,0.1111111111111111,0.1428571428571428,0.0,0.6666666666666667,0.0,0.0,0.3333333333333333,0.6666666666666667,0.0,0.0,0.0,0.0,0.0,0.0,1.0,0.0,1.0,0.0,0.0,1.0,0.0,0.0,0.0,0.0,0.0,1.0,0.0,0.0,1.0,0.0,0.0,0.0,0.0,0.0,0.0,0.0,0.0,1.0,1.0,0.0
0.28571428571428564,0.8818051575931232,0.10714285714285714,0.25,0.6666666666666667,0.4714285714285715,0.3333333333333333,0.25,0.3333333333333333,0.2697148728487028,0.7093354748042562,0.1111111111111111,0.0714285714285714,0.0,0.3333333333333333,1.0,0.38596491228070173,0.6666666666666666,0.3333333333333333,0.611111111111111,0.5517241379310345,0.26666666666666666,0.48275862068965514,0.0,0.0,1.0,0.0,0.0,1.0,0.0,0.0,0.0,1.0,0.0,0.0,1.0,0.0,0.0,0.0,0.0,0.0,0.0,0.0,0.0,1.0,0.0,1.0,0.0,0.0,0.0,1.0
0.5476190476190477,0.31876790830945556,0.2857142857142857,0.75,0.6666666666666667,0.9142857142857141,0.6666666666666667,0.0,0.0,0.08219881839198562,0.739851435454728,0.1111111111111111,0.6428571428571427,1.0,0.3333333333333333,0.6666666666666666,0.17543859649122806,0.3333333333333333,0.6666666666666667,0.2777777777777778,0.20689655172413793,0.0,0.27586206896551724,0.0,0.0,1.0,0.0,1.0,0.0,0.0,1.0,0.0,0.0,0.0,0.0,0.0,1.0,0.0,0.0,1.0,0.0,0.0,0.0,0.0,0.0,0.0,1.0,0.0,0.0,1.0,0.0
0.23809523809523808,0.9978510028653294,0.0,0.5,0.0,0.8857142857142857,0.6666666666666667,0.0,0.6666666666666667,0.12201387105060366,0.5482031720538044,0.3333333333333333,0.2857142857142857,0.0,1.0,0.3333333333333333,0.17543859649122806,0.5,1.0,0.16666666666666666,0.13793103448275862,0.13333333333333333,0.13793103448275862,0.0,1.0,0.0,0.0,0.0,1.0,0.0,0.0,0.0,0.0,0.0,1.0,0.0,1.0,0.0,0.0,0.0,0.0,0.0,0.0,0.0,0.0,1.0,0.0,1.0,0.0,1.0,0.0
0.28571428571428564,0.5365329512893983,0.0,0.0,1.0,0.35714285714285715,0.3333333333333333,0.25,1.0,0.2643847932185975,0.5582814695844208,0.1111111111111111,0.0714285714285714,0.0,0.6666666666666667,0.6666666666666666,0.3508771929824561,0.16666666666666666,0.3333333333333333,0.5555555555555556,0.5517241379310345,0.4,0.0,0.0,0.0,1.0,0.0,1.0,0.0,0.0,1.0,0.0,0.0,0.0,0.0,0.0,1.0,0.0,0.0,1.0,0.0,0.0,0.0,0.0,0.0,0.0,0.0,1.0,0.0,0.0,1.0
0.07142857142857145,0.8818051575931232,0.3214285714285714,0.5,0.6666666666666667,0.08571428571428569,0.3333333333333333,0.0,0.0,0.026136655535576675,0.6088737201365187,0.1111111111111111,0.1428571428571428,0.0,0.0,0.0,0.03508771929824561,1.0,0.3333333333333333,0.05555555555555555,0.0,0.13333333333333333,0.0,0.0,0.0,1.0,0.0,1.0,0.0,0.0,1.0,0.0,0.0,0.0,0.0,1.0,0.0,0.0,0.0,1.0,0.0,0.0,0.0,0.0,0.0,0.0,0.0,0.0,1.0,1.0,0.0
0.42857142857142855,0.39899713467048714,0.5,0.5,0.0,0.7285714285714284,0.6666666666666667,0.25,0.6666666666666667,0.24563318777292575,0.23143946998594658,0.7777777777777777,0.2142857142857143,0.0,0.3333333333333333,0.3333333333333333,0.3157894736842105,0.5,0.3333333333333333,0.05555555555555555,0.0,0.0,0.0,0.0,0.0,1.0,0.0,1.0,0.0,0.0,0.0,0.0,0.0,1.0,0.0,0.0,1.0,0.0,0.0,1.0,0.0,0.0,0.0,0.0,0.0,0.0,1.0,0.0,0.0,1.0,0.0
0.3333333333333333,0.6189111747851003,0.25,0.5,0.3333333333333333,0.18571428571428567,0.6666666666666667,0.5,1.0,0.513036218854354,0.5418590644448906,0.1111111111111111,0.2142857142857143,0.0,1.0,0.0,0.3157894736842105,0.3333333333333333,0.6666666666666667,0.5,0.5517241379310345,0.4,0.48275862068965514,0.0,1.0,0.0,0.0,0.0,1.0,0.0,0.0,1.0,0.0,0.0,0.0,1.0,0.0,0.0,0.0,0.0,0.0,0.0,0.0,0.0,1.0,0.0,0.0,0.0,1.0,1.0,0.0
0.4761904761904761,0.9226361031518624,0.3214285714285714,0.0,0.6666666666666667,0.5142857142857142,0.6666666666666667,0.0,0.6666666666666667,0.10756486000513743,0.4028508331660309,0.0,0.4285714285714285,0.0,0.3333333333333333,0.3333333333333333,0.10526315789473684,0.0,0.3333333333333333,0.1111111111111111,0.06896551724137931,0.0,0.13793103448275862,0.0,1.0,0.0,0.0,1.0,0.0,0.0,0.0,0.0,1.0,0.0,0.0,0.0,1.0,0.0,0.0,0.0,0.0,0.0,0.0,1.0,0.0,0.0,0.0,1.0,0.0,1.0,0.0
0.3333333333333333,0.5,0.0,0.75,0.6666666666666667,0.2571428571428572,0.6666666666666667,0.5,1.0,0.604482404315438,0.8808672957237502,0.1111111111111111,0.5714285714285713,0.0,0.6666666666666667,0.6666666666666666,0.49122807017543857,0.5,0.6666666666666667,0.7777777777777777,0.6896551724137931,0.6666666666666666,0.48275862068965514,0.0,0.0,1.0,0.0,0.0,1.0,0.0,0.0,1.0,0.0,0.0,0.0,1.0,0.0,0.0,0.0,0.0,0.0,0.0,0.0,0.0,1.0,0.0,0.0,1.0,0.0,1.0,0.0
0.21428571428571425,0.8553008595988538,0.14285714285714285,0.25,1.0,0.32857142857142857,0.6666666666666667,0.0,1.0,0.0879784228101721,0.7119855450712709,0.0,0.2142857142857143,0.0,0.6666666666666667,0.0,0.21052631578947367,0.5,0.3333333333333333,0.2777777777777778,0.27586206896551724,0.0,0.13793103448275862,0.0,1.0,0.0,0.0,1.0,0.0,0.0,1.0,0.0,0.0,0.0,0.0,1.0,0.0,0.0,0.0,1.0,0.0,0.0,0.0,0.0,0.0,0.0,0.0,0.0,1.0,0.0,1.0
0.2619047619047619,0.029369627507163334,0.3214285714285714,0.0,1.0,0.12857142857142861,0.3333333333333333,0.25,0.3333333333333333,0.4661572052401746,0.39237100983738205,0.1111111111111111,0.2142857142857143,0.0,0.0,0.6666666666666666,0.24561403508771928,0.3333333333333333,0.6666666666666667,0.38888888888888884,0.48275862068965514,0.13333333333333333,0.48275862068965514,0.0,0.0,1.0,0.0,0.0,1.0,0.0,0.0,1.0,0.0,0.0,0.0,1.0,0.0,0.0,0.0,0.0,0.0,0.0,0.0,0.0,1.0,0.0,1.0,0.0,0.0,0.0,1.0
0.2619047619047619,0.8775071633237822,0.03571428571428571,0.5,0.6666666666666667,0.657142857142857,0.6666666666666667,0.0,0.3333333333333333,0.10878499871564346,0.11491668339690825,0.0,0.8571428571428571,1.0,1.0,0.3333333333333333,0.21052631578947367,0.5,0.6666666666666667,0.2777777777777778,0.27586206896551724,0.0,0.27586206896551724,0.0,0.0,1.0,0.0,1.0,0.0,0.0,1.0,0.0,0.0,0.0,0.0,0.0,1.0,0.0,0.0,0.0,0.0,0.0,0.0,1.0,0.0,0.0,0.0,1.0,0.0,1.0,0.0
0.35714285714285715,0.07879656160458454,0.2142857142857143,0.5,0.6666666666666667,0.2714285714285714,0.6666666666666667,0.5,0.6666666666666667,0.6859748266118675,0.9596868098775345,0.0,0.0,0.0,1.0,0.0,0.49122807017543857,0.5,1.0,0.7222222222222222,0.6206896551724138,0.4,0.48275862068965514,0.0,0.0,1.0,0.0,1.0,0.0,0.0,0.0,0.0,1.0,0.0,0.0,0.0,1.0,0.0,0.0,0.0,0.0,0.0,1.0,0.0,0.0,0.0,0.0,1.0,0.0,1.0,0.0
0.7619047619047619,0.1153295128939828,0.2857142857142857,0.5,0.6666666666666667,0.4142857142857143,0.6666666666666667,1.0,0.6666666666666667,1.0,0.6996587030716723,0.4444444444444444,0.3571428571428571,0.0,0.6666666666666667,0.3333333333333333,0.9473684210526315,0.3333333333333333,0.6666666666666667,0.05555555555555555,0.0,0.0,0.0,0.0,0.0,1.0,0.0,0.0,1.0,0.0,0.0,1.0,0.0,0.0,0.0,0.0,1.0,0.0,0.0,0.0,1.0,0.0,0.0,0.0,0.0,0.0,0.0,1.0,0.0,0.0,1.0
0.3333333333333333,0.23209169054441262,0.0,0.5,0.0,0.04285714285714287,0.6666666666666667,0.25,1.0,0.3309144618546108,0.3526601084119655,0.1111111111111111,0.7857142857142857,1.0,0.3333333333333333,0.3333333333333333,0.3157894736842105,0.5,0.6666666666666667,0.5,0.5517241379310345,0.9333333333333333,0.5517241379310345,0.0,0.0,1.0,0.0,1.0,0.0,0.0,0.0,0.0,1.0,0.0,0.0,0.0,1.0,0.0,0.0,0.0,0.0,1.0,0.0,0.0,0.0,0.0,0.0,1.0,0.0,0.0,1.0
0.42857142857142855,0.9169054441260744,0.3214285714285714,0.5,1.0,0.857142857142857,0.6666666666666667,0.5,0.0,0.46956075006421777,0.9578397912065849,0.7777777777777777,0.1428571428571428,0.0,1.0,0.3333333333333333,0.5263157894736842,0.16666666666666666,0.6666666666666667,0.6666666666666666,0.5517241379310345,0.6666666666666666,0.48275862068965514,0.0,0.0,1.0,0.0,1.0,0.0,0.0,1.0,0.0,0.0,0.0,0.0,0.0,1.0,1.0,0.0,0.0,0.0,0.0,0.0,0.0,0.0,0.0,0.0,1.0,0.0,0.0,1.0
0.42857142857142855,0.8939828080229226,0.8928571428571428,0.75,0.0,0.7142857142857142,0.6666666666666667,0.25,0.6666666666666667,0.27857693295658875,0.21381248745231882,0.6666666666666666,0.2142857142857143,0.0,0.3333333333333333,0.6666666666666666,0.3508771929824561,0.3333333333333333,0.3333333333333333,0.16666666666666666,0.13793103448275862,0.0,0.13793103448275862,0.0,0.0,1.0,0.0,1.0,0.0,0.0,1.0,0.0,0.0,0.0,0.0,0.0,1.0,1.0,0.0,0.0,0.0,0.0,0.0,0.0,0.0,0.0,0.0,1.0,0.0,1.0,0.0
0.4761904761904761,0.15687679083094555,0.2142857142857143,0.25,0.0,0.2,1.0,0.25,0.0,0.29514513228872336,0.6864886568962055,0.1111111111111111,0.9285714285714285,1.0,0.6666666666666667,0.3333333333333333,0.2807017543859649,0.5,0.6666666666666667,0.4444444444444444,0.0,0.9333333333333333,0.48275862068965514,0.0,0.0,1.0,0.0,0.0,1.0,0.0,0.0,0.0,1.0,0.0,0.0,1.0,0.0,0.0,0.0,0.0,0.0,0.0,0.0,0.0,1.0,0.0,1.0,0.0,0.0,0.0,1.0
0.8809523809523809,0.11747851002865331,0.42857142857142855,0.75,0.0,0.7857142857142856,1.0,0.75,0.6666666666666667,0.8146673516568199,0.28841598072676167,0.6666666666666666,0.4285714285714285,0.0,0.6666666666666667,0.0,0.8421052631578947,0.3333333333333333,0.3333333333333333,1.0,0.48275862068965514,0.4,0.5517241379310345,0.0,0.0,1.0,0.0,0.0,1.0,0.0,0.0,1.0,0.0,0.0,0.0,0.0,1.0,0.0,0.0,0.0,0.0,0.0,0.0,0.0,1.0,0.0,0.0,0.0,1.0,0.0,1.0
0.28571428571428564,0.07020057306590258,0.14285714285714285,0.5,1.0,0.7714285714285714,0.6666666666666667,0.0,0.0,0.1409581299768816,0.33410961654286286,0.5555555555555556,0.2142857142857143,0.0,1.0,0.3333333333333333,0.2807017543859649,0.5,0.6666666666666667,0.16666666666666666,0.13793103448275862,0.26666666666666666,0.13793103448275862,0.0,0.0,1.0,0.0,1.0,0.0,0.0,0.0,0.0,0.0,0.0,1.0,1.0,0.0,0.0,0.0,0.0,0.0,0.0,0.0,1.0,0.0,0.0,1.0,0.0,0.0,1.0,0.0
0.6428571428571428,0.7822349570200573,0.03571428571428571,0.25,0.0,0.49999999999999994,0.3333333333333333,0.75,1.0,1.0,0.7375225858261393,1.0,0.8571428571428571,1.0,1.0,0.3333333333333333,0.7719298245614035,0.16666666666666666,0.6666666666666667,1.0,0.5517241379310345,1.0,0.5517241379310345,1.0,0.0,0.0,0.0,1.0,0.0,0.0,0.0,0.0,1.0,0.0,0.0,0.0,1.0,0.0,0.0,0.0,1.0,0.0,0.0,0.0,0.0,0.0,0.0,1.0,0.0,1.0,0.0
0.4523809523809524,0.7191977077363897,0.4642857142857143,0.5,1.0,0.9285714285714286,0.6666666666666667,0.0,0.0,0.130041099409196,0.9965870307167236,0.1111111111111111,0.0714285714285714,0.0,0.6666666666666667,0.3333333333333333,0.631578947368421,0.3333333333333333,0.3333333333333333,1.0,0.48275862068965514,1.0,1.0,0.0,0.0,1.0,0.0,1.0,0.0,0.0,1.0,0.0,0.0,0.0,0.0,1.0,0.0,0.0,0.0,1.0,0.0,0.0,0.0,0.0,0.0,0.0,1.0,0.0,0.0,1.0,0.0
0.7857142857142856,0.8588825214899714,0.03571428571428571,0.5,1.0,0.7714285714285714,0.0,0.25,0.3333333333333333,0.28724633958386847,0.5712507528608713,0.5555555555555556,0.4999999999999999,0.0,1.0,0.3333333333333333,0.45614035087719296,0.5,0.6666666666666667,0.2222222222222222,0.06896551724137931,0.13333333333333333,0.13793103448275862,0.0,0.0,1.0,0.0,1.0,0.0,0.0,0.0,0.0,1.0,0.0,0.0,0.0,1.0,0.0,0.0,0.0,0.0,1.0,0.0,0.0,0.0,0.0,1.0,0.0,0.0,1.0,0.0
0.28571428571428564,0.8782234957020056,0.9999999999999999,0.75,0.6666666666666667,0.4428571428571429,0.6666666666666667,0.25,0.0,0.19946057025430258,0.44561333065649467,0.8888888888888888,0.5714285714285713,0.0,0.6666666666666667,1.0,0.2807017543859649,0.5,0.6666666666666667,0.2222222222222222,0.20689655172413793,0.0,0.20689655172413793,0.0,0.0,1.0,0.0,0.0,1.0,0.0,1.0,0.0,0.0,0.0,0.0,0.0,1.0,0.0,0.0,0.0,0.0,0.0,0.0,0.0,1.0,0.0,1.0,0.0,0.0,1.0,0.0
0.2619047619047619,0.012893982808022925,0.9285714285714285,0.5,0.3333333333333333,0.07142857142857145,0.6666666666666667,0.5,1.0,0.425764192139738,0.9006625175667536,0.1111111111111111,0.7857142857142857,1.0,1.0,1.0,0.3508771929824561,0.5,0.3333333333333333,0.5555555555555556,0.27586206896551724,0.13333333333333333,0.6206896551724138,0.0,0.0,1.0,0.0,0.0,1.0,0.0,0.0,1.0,0.0,0.0,0.0,1.0,0.0,0.0,0.0,0.0,0.0,0.0,0.0,0.0,1.0,0.0,0.0,1.0,0.0,1.0,0.0
0.3333333333333333,0.2836676217765043,0.03571428571428571,0.0,0.6666666666666667,0.08571428571428569,0.6666666666666667,0.25,0.3333333333333333,0.19708451066015925,0.7389279261192532,0.0,0.1428571428571428,0.0,0.0,1.0,0.14035087719298245,0.5,0.3333333333333333,0.16666666666666666,0.13793103448275862,0.13333333333333333,0.13793103448275862,0.0,0.0,1.0,0.0,0.0,1.0,0.0,0.0,1.0,0.0,0.0,0.0,0.0,1.0,0.0,0.0,0.0,0.0,0.0,0.0,0.0,1.0,0.0,0.0,1.0,0.0,0.0,1.0
0.49999999999999994,0.5243553008595988,0.6428571428571428,0.75,1.0,0.1571428571428572,0.6666666666666667,0.25,1.0,0.18578217313126122,0.12234491066050993,0.8888888888888888,0.2142857142857143,0.0,0.3333333333333333,1.0,0.24561403508771928,0.3333333333333333,0.6666666666666667,0.1111111111111111,0.13793103448275862,0.26666666666666666,0.13793103448275862,0.0,0.0,1.0,0.0,1.0,0.0,0.0,0.0,0.0,0.0,1.0,0.0,0.0,1.0,0.0,0.0,0.0,0.0,0.0,0.0,1.0,0.0,0.0,1.0,0.0,0.0,1.0,0.0
0.4523809523809524,0.9570200573065901,0.10714285714285714,0.0,0.6666666666666667,0.3428571428571428,0.6666666666666667,0.0,0.6666666666666667,0.12760082198818393,0.12399116643244329,0.7777777777777777,0.2857142857142857,0.0,1.0,0.0,0.2807017543859649,0.3333333333333333,0.6666666666666667,0.3333333333333333,0.27586206896551724,0.13333333333333333,0.20689655172413793,0.0,0.0,1.0,0.0,1.0,0.0,0.0,1.0,0.0,0.0,0.0,0.0,0.0,1.0,0.0,0.0,0.0,0.0,0.0,0.0,1.0,0.0,0.0,0.0,1.0,0.0,0.0,1.0
0.42857142857142855,0.06088825214899715,0.2142857142857143,0.75,0.3333333333333333,0.49999999999999994,0.6666666666666667,0.0,1.0,0.23561520678140252,0.8511945392491468,0.2222222222222222,0.4999999999999999,0.0,0.6666666666666667,0.0,0.2807017543859649,1.0,0.6666666666666667,0.3333333333333333,0.13793103448275862,0.0,0.06896551724137931,0.0,0.0,1.0,0.0,1.0,0.0,0.0,0.0,0.0,0.0,1.0,0.0,0.0,1.0,0.0,0.0,0.0,0.0,0.0,0.0,1.0,0.0,0.0,0.0,0.0,1.0,1.0,0.0
0.4761904761904761,0.8810888252148996,0.0,0.5,1.0,0.7142857142857142,0.6666666666666667,0.5,0.0,0.8074107372206525,0.570086328046577,0.1111111111111111,0.1428571428571428,0.0,0.3333333333333333,0.3333333333333333,0.5263157894736842,0.5,0.6666666666666667,0.8333333333333333,0.8275862068965517,0.6666666666666666,0.7586206896551724,0.0,0.0,1.0,0.0,1.0,0.0,0.0,0.0,0.0,0.0,0.0,1.0,1.0,0.0,0.0,0.0,0.0,0.0,0.0,1.0,0.0,0.0,0.0,0.0,1.0,0.0,1.0,0.0
0.7142857142857142,0.8008595988538681,0.2142857142857143,0.5,0.6666666666666667,0.9428571428571428,0.6666666666666667,0.25,0.0,0.28750321089134345,0.9115037141136317,0.4444444444444444,0.0,0.0,0.0,1.0,0.5263157894736842,0.5,0.6666666666666667,0.1111111111111111,0.13793103448275862,0.26666666666666666,0.13793103448275862,0.0,0.0,1.0,0.0,0.0,1.0,0.0,0.0,1.0,0.0,0.0,0.0,0.0,1.0,0.0,0.0,0.0,0.0,0.0,0.0,0.0,1.0,0.0,1.0,0.0,0.0,1.0,0.0
0.19047619047619052,0.33810888252148996,0.0,0.25,0.0,0.5857142857142856,0.0,0.0,1.0,0.21545080914461856,0.12824733989158804,0.3333333333333333,0.2142857142857143,0.0,0.0,0.3333333333333333,0.17543859649122806,0.3333333333333333,0.6666666666666667,0.1111111111111111,0.13793103448275862,0.26666666666666666,0.0,0.0,1.0,0.0,0.0,1.0,0.0,0.0,1.0,0.0,0.0,0.0,0.0,1.0,0.0,0.0,0.0,1.0,0.0,0.0,0.0,0.0,0.0,0.0,1.0,0.0,0.0,1.0,0.0
0.35714285714285715,0.5931232091690544,0.4642857142857143,0.5,1.0,0.5999999999999999,0.6666666666666667,0.0,0.3333333333333333,0.11218854353968663,0.10355350331258784,0.1111111111111111,0.1428571428571428,0.0,1.0,0.3333333333333333,0.2807017543859649,0.8333333333333333,0.6666666666666667,0.4444444444444444,0.48275862068965514,0.13333333333333333,0.41379310344827586,0.0,0.0,1.0,0.0,1.0,0.0,0.0,0.0,0.0,1.0,0.0,0.0,1.0,0.0,0.0,0.0,0.0,0.0,0.0,0.0,1.0,0.0,0.0,0.0,1.0,0.0,1.0,0.0
0.9285714285714284,0.1654727793696275,0.8214285714285714,0.25,0.6666666666666667,0.7571428571428571,1.0,0.5,1.0,0.5413562805034677,0.8555711704477013,0.3333333333333333,0.3571428571428571,0.0,0.3333333333333333,0.3333333333333333,0.42105263157894735,0.3333333333333333,0.0,0.2777777777777778,0.20689655172413793,0.13333333333333333,0.27586206896551724,0.0,0.0,1.0,0.0,1.0,0.0,0.0,1.0,0.0,0.0,0.0,0.0,0.0,1.0,1.0,0.0,0.0,0.0,0.0,0.0,0.0,0.0,0.0,1.0,0.0,0.0,0.0,1.0
0.4761904761904761,0.03223495702005731,0.03571428571428571,0.5,1.0,0.17142857142857143,0.3333333333333333,0.0,0.3333333333333333,0.09189571024916518,0.8725958642842803,0.1111111111111111,0.7857142857142857,1.0,0.3333333333333333,0.0,0.14035087719298245,0.5,0.6666666666666667,0.2222222222222222,0.20689655172413793,0.4,0.20689655172413793,0.0,1.0,0.0,0.0,1.0,0.0,0.0,0.0,0.0,1.0,0.0,0.0,1.0,0.0,0.0,0.0,1.0,0.0,0.0,0.0,0.0,0.0,0.0,0.0,0.0,1.0,1.0,0.0
0.5714285714285714,0.7478510028653295,0.3214285714285714,0.5,0.6666666666666667,0.01428571428571429,0.6666666666666667,0.75,0.0,1.0,0.5830957639028308,0.0,0.2142857142857143,0.0,0.6666666666666667,0.3333333333333333,0.7368421052631579,0.8333333333333333,0.6666666666666667,1.0,0.48275862068965514,0.0,0.6206896551724138,0.0,0.0,1.0,1.0,0.0,0.0,1.0,0.0,0.0,0.0,0.0,0.0,1.0,0.0,0.0,0.0,0.0,1.0,0.0,0.0,0.0,0.0,0.0,0.0,1.0,0.0,1.0,0.0
0.42857142857142855,0.31375358166189116,0.07142857142857142,0.75,0.0,0.2571428571428572,0.3333333333333333,0.5,1.0,0.5580529154893399,0.20686609114635615,0.4444444444444444,0.0,0.0,0.0,0.3333333333333333,0.5614035087719298,0.3333333333333333,0.6666666666666667,0.7222222222222222,0.6206896551724138,0.13333333333333333,0.8275862068965517,0.0,1.0,0.0,0.0,0.0,1.0,0.0,0.0,0.0,1.0,0.0,0.0,0.0,1.0,0.0,0.0,0.0,0.0,0.0,0.0,0.0,1.0,0.0,0.0,1.0,0.0,1.0,0.0
0.7857142857142856,0.09598853868194843,0.2857142857142857,0.5,1.0,0.7571428571428571,0.6666666666666667,1.0,0.3333333333333333,1.0,0.6866894197952218,0.4444444444444444,0.9285714285714285,1.0,0.0,0.3333333333333333,1.0,0.8333333333333333,0.3333333333333333,1.0,0.6896551724137931,1.0,0.6896551724137931,0.0,1.0,0.0,0.0,0.0,1.0,0.0,1.0,0.0,0.0,0.0,0.0,0.0,1.0,0.0,0.0,0.0,1.0,0.0,0.0,0.0,0.0,0.0,1.0,0.0,0.0,0.0,1.0
0.6428571428571428,0.820916905444126,0.2142857142857143,0.5,0.0,0.9571428571428571,0.6666666666666667,0.5,0.0,0.26977909067557154,0.7313390885364385,0.1111111111111111,0.4999999999999999,0.0,0.0,0.3333333333333333,0.8421052631578947,0.3333333333333333,0.6666666666666667,1.0,0.6206896551724138,1.0,0.7586206896551724,0.0,1.0,0.0,0.0,1.0,0.0,0.0,1.0,0.0,0.0,0.0,0.0,0.0,1.0,0.0,0.0,1.0,0.0,0.0,0.0,0.0,0.0,0.0,1.0,0.0,0.0,1.0,0.0
0.5238095238095237,0.8732091690544412,0.03571428571428571,0.75,0.6666666666666667,0.31428571428571433,0.3333333333333333,0.0,0.6666666666666667,0.11559208836372978,0.02533627785585224,0.2222222222222222,0.2142857142857143,0.0,1.0,0.0,0.2807017543859649,0.3333333333333333,0.6666666666666667,0.1111111111111111,0.13793103448275862,0.26666666666666666,0.13793103448275862,0.0,0.0,1.0,0.0,1.0,0.0,0.0,1.0,0.0,0.0,0.0,0.0,0.0,1.0,0.0,0.0,0.0,0.0,0.0,0.0,1.0,0.0,0.0,0.0,0.0,1.0,1.0,0.0
0.5952380952380951,0.909025787965616,0.2857142857142857,0.5,0.0,0.7857142857142856,0.0,0.25,0.6666666666666667,0.27851271512972003,0.29692832764505117,0.8888888888888888,0.1428571428571428,0.0,0.3333333333333333,0.0,0.24561403508771928,0.3333333333333333,0.3333333333333333,0.2222222222222222,0.20689655172413793,0.13333333333333333,0.20689655172413793,0.0,0.0,1.0,0.0,0.0,1.0,0.0,0.0,1.0,0.0,0.0,0.0,1.0,0.0,0.0,0.0,0.0,0.0,0.0,0.0,0.0,1.0,0.0,0.0,0.0,1.0,1.0,0.0
0.4047619047619047,0.7442693409742119,0.7857142857142857,0.75,0.6666666666666667,0.0,0.6666666666666667,0.0,0.0,0.19297456974056,0.5584420799036338,0.3333333333333333,0.2857142857142857,0.0,0.6666666666666667,0.3333333333333333,0.14035087719298245,0.5,0.6666666666666667,0.1111111111111111,0.13793103448275862,0.26666666666666666,0.13793103448275862,0.0,0.0,1.0,0.0,1.0,0.0,0.0,0.0,0.0,1.0,0.0,0.0,1.0,0.0,0.0,0.0,1.0,0.0,0.0,0.0,0.0,0.0,0.0,0.0,1.0,0.0,0.0,1.0
0.19047619047619052,0.3438395415472779,0.10714285714285714,0.25,0.6666666666666667,0.32857142857142857,0.6666666666666667,0.0,1.0,0.11983046493706653,0.3163621762698253,0.1111111111111111,0.6428571428571427,1.0,0.3333333333333333,0.0,0.2807017543859649,0.3333333333333333,0.3333333333333333,0.4444444444444444,0.3448275862068966,0.26666666666666666,0.13793103448275862,0.0,0.0,1.0,0.0,1.0,0.0,0.0,1.0,0.0,0.0,0.0,0.0,0.0,1.0,0.0,0.0,0.0,0.0,0.0,0.0,1.0,0.0,0.0,0.0,0.0,1.0,0.0,1.0
0.3095238095238095,0.04297994269340975,0.8214285714285714,0.0,1.0,0.0,0.6666666666666667,0.25,1.0,0.27157718982789625,0.18373820517968278,0.2222222222222222,0.6428571428571427,1.0,1.0,0.0,0.3157894736842105,0.5,0.3333333333333333,0.2777777777777778,0.27586206896551724,0.13333333333333333,0.27586206896551724,0.0,1.0,0.0,0.0,1.0,0.0,0.0,0.0,0.0,0.0,0.0,1.0,1.0,0.0,0.0,0.0,0.0,0.0,1.0,0.0,0.0,0.0,0.0,0.0,0.0,1.0,1.0,0.0
0.4523809523809524,0.04154727793696275,0.3214285714285714,0.5,0.6666666666666667,0.17142857142857143,1.0,0.5,1.0,0.8178140251733881,0.5371210600281068,0.1111111111111111,0.9999999999999999,1.0,0.0,0.3333333333333333,0.5614035087719298,0.3333333333333333,0.6666666666666667,0.8888888888888888,0.7586206896551724,0.8,0.5517241379310345,0.0,0.0,1.0,0.0,1.0,0.0,0.0,1.0,0.0,0.0,0.0,0.0,1.0,0.0,0.0,0.0,0.0,0.0,0.0,1.0,0.0,0.0,0.0,0.0,1.0,0.0,0.0,1.0
0.380952380952381,0.28939828080229224,0.5,0.25,0.6666666666666667,0.5142857142857142,0.6666666666666667,0.25,0.0,0.3285384022604675,0.8616342099979923,0.1111111111111111,0.0714285714285714,0.0,1.0,0.0,0.3508771929824561,1.0,1.0,0.5555555555555556,0.5517241379310345,1.0,0.41379310344827586,0.0,0.0,1.0,0.0,0.0,1.0,0.0,0.0,0.0,1.0,0.0,0.0,1.0,0.0,0.0,0.0,0.0,0.0,0.0,0.0,0.0,1.0,0.0,0.0,0.0,1.0,1.0,0.0
0.8333333333333333,0.6210601719197707,0.2142857142857143,0.5,0.6666666666666667,0.4142857142857143,1.0,0.75,0.6666666666666667,0.8865270999229387,0.4585424613531419,0.3333333333333333,0.5714285714285713,0.0,0.6666666666666667,0.0,1.0,0.5,0.6666666666666667,0.2777777777777778,0.06896551724137931,0.13333333333333333,0.20689655172413793,0.0,0.0,1.0,0.0,1.0,0.0,0.0,1.0,0.0,0.0,0.0,0.0,0.0,1.0,0.0,0.0,0.0,0.0,0.0,1.0,0.0,0.0,0.0,0.0,1.0,0.0,1.0,0.0
0.5238095238095237,0.36389684813753587,0.2142857142857143,0.75,0.3333333333333333,0.8285714285714285,0.6666666666666667,1.0,0.3333333333333333,1.0,0.09054406745633406,0.1111111111111111,0.2142857142857143,0.0,0.3333333333333333,0.0,0.7368421052631579,0.5,0.3333333333333333,1.0,0.5517241379310345,1.0,0.5517241379310345,0.0,0.0,1.0,0.0,0.0,1.0,0.0,0.0,0.0,1.0,0.0,0.0,0.0,1.0,0.0,0.0,0.0,1.0,0.0,0.0,0.0,0.0,0.0,0.0,0.0,1.0,1.0,0.0
0.6904761904761905,0.7091690544412607,0.2857142857142857,0.5,0.6666666666666667,0.7428571428571429,0.0,0.75,0.6666666666666667,0.7659260210634473,0.8861674362577795,0.7777777777777777,0.0,0.0,0.6666666666666667,0.0,0.8771929824561403,0.5,0.0,1.0,0.3448275862068966,1.0,0.6896551724137931,0.0,1.0,0.0,0.0,0.0,1.0,0.0,1.0,0.0,0.0,0.0,0.0,0.0,1.0,0.0,0.0,0.0,0.0,0.0,0.0,0.0,1.0,0.0,0.0,1.0,0.0,1.0,0.0
0.28571428571428564,0.3853868194842407,0.8571428571428571,0.25,1.0,0.7857142857142856,0.6666666666666667,0.25,0.6666666666666667,0.23933984073978937,0.15960650471792812,0.7777777777777777,0.0714285714285714,0.0,0.3333333333333333,0.3333333333333333,0.14035087719298245,0.3333333333333333,1.0,0.1111111111111111,0.13793103448275862,0.26666666666666666,0.13793103448275862,1.0,0.0,0.0,0.0,0.0,1.0,0.0,0.0,0.0,0.0,0.0,1.0,1.0,0.0,0.0,0.0,0.0,0.0,0.0,0.0,0.0,1.0,0.0,0.0,1.0,0.0,0.0,1.0
0.3095238095238095,0.03653295128939829,0.2142857142857143,0.75,0.3333333333333333,0.1571428571428572,0.3333333333333333,0.0,0.6666666666666667,0.08476753146673516,0.3871913270427625,0.3333333333333333,0.2857142857142857,0.0,0.3333333333333333,0.0,0.45614035087719296,0.3333333333333333,1.0,0.38888888888888884,0.48275862068965514,0.6666666666666666,0.13793103448275862,0.0,0.0,1.0,0.0,0.0,1.0,0.0,1.0,0.0,0.0,0.0,0.0,0.0,1.0,0.0,0.0,0.0,0.0,0.0,0.0,0.0,0.0,1.0,0.0,1.0,0.0,1.0,0.0
0.8095238095238095,0.3710601719197708,0.07142857142857142,0.75,0.6666666666666667,0.01428571428571429,0.3333333333333333,0.75,0.0,1.0,0.32081911262798635,0.1111111111111111,0.0,0.0,0.0,0.0,1.0,0.5,1.0,1.0,0.41379310344827586,0.13333333333333333,1.0,0.0,0.0,1.0,0.0,0.0,1.0,0.0,0.0,1.0,0.0,0.0,0.0,0.0,1.0,0.0,0.0,0.0,1.0,0.0,0.0,0.0,0.0,0.0,0.0,1.0,0.0,1.0,0.0
0.19047619047619052,0.9856733524355301,0.0,0.5,0.6666666666666667,0.7714285714285714,0.6666666666666667,0.25,0.3333333333333333,0.34600565116876447,0.9906846014856455,0.1111111111111111,0.6428571428571427,1.0,0.0,0.3333333333333333,0.21052631578947367,1.0,0.0,0.3333333333333333,0.3448275862068966,0.13333333333333333,0.27586206896551724,0.0,1.0,0.0,0.0,1.0,0.0,0.0,1.0,0.0,0.0,0.0,0.0,1.0,0.0,0.0,0.0,0.0,0.0,1.0,0.0,0.0,0.0,0.0,1.0,0.0,0.0,1.0,0.0
0.6190476190476188,0.35744985673352436,0.0,1.0,0.0,0.10000000000000003,0.6666666666666667,0.25,1.0,0.3040071923966093,0.3376430435655491,0.4444444444444444,0.0,0.0,0.6666666666666667,0.0,0.49122807017543857,0.5,0.6666666666666667,0.5555555555555556,0.48275862068965514,0.0,0.13793103448275862,0.0,1.0,0.0,1.0,0.0,0.0,1.0,0.0,0.0,0.0,0.0,0.0,0.0,1.0,0.0,1.0,0.0,0.0,0.0,0.0,0.0,0.0,0.0,0.0,1.0,0.0,0.0,1.0
0.6428571428571428,0.5924068767908309,0.2857142857142857,0.5,1.0,0.6285714285714286,0.6666666666666667,0.5,0.0,0.6262522476239405,0.6884159807267617,0.4444444444444444,0.0714285714285714,0.0,0.6666666666666667,0.3333333333333333,0.631578947368421,0.3333333333333333,0.6666666666666667,0.2777777777777778,0.27586206896551724,0.0,0.13793103448275862,0.0,0.0,1.0,0.0,0.0,1.0,0.0,0.0,1.0,0.0,0.0,0.0,0.0,1.0,0.0,0.0,0.0,0.0,0.0,0.0,0.0,1.0,0.0,1.0,0.0,0.0,0.0,1.0
0.047619047619047616,0.7120343839541546,0.35714285714285715,0.5,1.0,0.9714285714285713,0.3333333333333333,0.0,0.0,0.10217056254816337,0.6497088937964264,0.1111111111111111,0.2857142857142857,0.0,0.0,0.0,0.03508771929824561,0.3333333333333333,0.6666666666666667,0.05555555555555555,0.0,0.0,0.0,0.0,0.0,1.0,0.0,1.0,0.0,0.0,0.0,0.0,1.0,0.0,0.0,1.0,0.0,0.0,0.0,0.0,0.0,0.0,0.0,1.0,0.0,0.0,0.0,0.0,1.0,0.0,1.0
0.23809523809523808,0.24140401146131804,0.7142857142857143,0.5,0.6666666666666667,0.17142857142857143,0.6666666666666667,0.0,1.0,0.10942717698433085,0.18381851033928928,0.1111111111111111,0.0,0.0,0.6666666666666667,0.3333333333333333,0.17543859649122806,0.3333333333333333,0.0,0.2777777777777778,0.13793103448275862,0.0,0.13793103448275862,0.0,0.0,1.0,0.0,1.0,0.0,0.0,0.0,0.0,1.0,0.0,0.0,0.0,1.0,0.0,0.0,0.0,0.0,0.0,0.0,1.0,0.0,0.0,0.0,1.0,0.0,1.0,0.0
0.49999999999999994,0.9992836676217765,0.7142857142857143,0.75,0.0,0.2,0.3333333333333333,0.25,1.0,0.3282173131261238,0.059144750050190736,0.3333333333333333,0.0714285714285714,0.0,1.0,0.6666666666666666,0.2807017543859649,0.3333333333333333,1.0,0.2777777777777778,0.27586206896551724,0.13333333333333333,0.27586206896551724,0.0,0.0,1.0,0.0,0.0,1.0,0.0,1.0,0.0,0.0,0.0,0.0,0.0,1.0,0.0,0.0,0.0,0.0,0.0,0.0,0.0,1.0,0.0,0.0,1.0,0.0,0.0,1.0
0.4523809523809524,0.4068767908309455,0.6428571428571428,0.5,0.6666666666666667,0.7857142857142856,0.6666666666666667,0.25,0.6666666666666667,0.3056126380683278,0.9796827946195542,0.3333333333333333,0.4285714285714285,0.0,0.0,1.0,0.3157894736842105,0.3333333333333333,0.3333333333333333,0.2222222222222222,0.20689655172413793,0.0,0.13793103448275862,0.0,0.0,1.0,0.0,1.0,0.0,0.0,1.0,0.0,0.0,0.0,0.0,0.0,1.0,0.0,0.0,0.0,0.0,1.0,0.0,0.0,0.0,0.0,0.0,1.0,0.0,1.0,0.0
0.3095238095238095,0.7227793696275071,0.14285714285714285,0.75,0.0,0.5285714285714285,0.6666666666666667,0.25,1.0,0.28686103262265605,0.8229271230676571,0.1111111111111111,0.0,0.0,0.0,0.6666666666666666,0.3508771929824561,0.3333333333333333,0.6666666666666667,0.5555555555555556,0.0,0.0,0.13793103448275862,0.0,0.0,1.0,0.0,0.0,1.0,0.0,1.0,0.0,0.0,0.0,0.0,1.0,0.0,0.0,0.0,0.0,0.0,0.0,0.0,0.0,1.0,0.0,0.0,1.0,0.0,1.0,0.0
0.380952380952381,0.012893982808022925,0.03571428571428571,0.75,0.6666666666666667,0.7999999999999998,0.3333333333333333,0.0,0.0,0.2165425122013871,0.21826942381047984,0.1111111111111111,0.0,0.0,0.6666666666666667,0.0,0.21052631578947367,0.5,0.6666666666666667,0.3333333333333333,0.3448275862068966,0.13333333333333333,0.20689655172413793,0.0,0.0,1.0,0.0,1.0,0.0,0.0,0.0,0.0,1.0,0.0,0.0,1.0,0.0,0.0,0.0,0.0,0.0,0.0,0.0,1.0,0.0,0.0,0.0,0.0,1.0,1.0,0.0
0.4523809523809524,0.245702005730659,0.0,0.75,0.3333333333333333,0.49999999999999994,0.6666666666666667,0.25,0.3333333333333333,0.3492165425122014,0.5463561533828548,0.6666666666666666,0.0714285714285714,0.0,0.3333333333333333,0.3333333333333333,0.2807017543859649,0.3333333333333333,0.3333333333333333,0.3333333333333333,0.3448275862068966,0.5333333333333333,0.20689655172413793,0.0,0.0,1.0,0.0,1.0,0.0,0.0,1.0,0.0,0.0,0.0,0.0,1.0,0.0,0.0,0.0,0.0,0.0,1.0,0.0,0.0,0.0,0.0,0.0,1.0,0.0,1.0,0.0
0.23809523809523808,0.38467048710601714,0.0,0.5,1.0,0.7714285714285714,0.6666666666666667,0.0,0.0,0.06877729257641921,0.10592250552097973,0.2222222222222222,0.0,0.0,0.3333333333333333,0.0,0.17543859649122806,0.3333333333333333,0.3333333333333333,0.16666666666666666,0.13793103448275862,0.13333333333333333,0.13793103448275862,0.0,0.0,1.0,0.0,1.0,0.0,0.0,0.0,0.0,0.0,0.0,1.0,0.0,1.0,0.0,0.0,0.0,0.0,0.0,0.0,1.0,0.0,0.0,0.0,0.0,1.0,1.0,0.0
0.3095238095238095,0.4212034383954155,0.14285714285714285,0.75,0.6666666666666667,0.7999999999999998,0.6666666666666667,0.0,1.0,0.24479835602363215,0.3205380445693635,0.0,0.0714285714285714,0.0,0.6666666666666667,0.3333333333333333,0.21052631578947367,0.6666666666666666,0.6666666666666667,0.2777777777777778,0.13793103448275862,0.0,0.20689655172413793,0.0,0.0,1.0,0.0,1.0,0.0,0.0,0.0,0.0,0.0,0.0,1.0,0.0,1.0,0.0,0.0,0.0,0.0,0.0,0.0,1.0,0.0,0.0,0.0,1.0,0.0,0.0,1.0
0.7619047619047619,0.8732091690544412,0.9642857142857143,0.5,1.0,0.18571428571428567,0.6666666666666667,0.75,0.0,1.0,0.816221642240514,0.4444444444444444,0.0,0.0,0.3333333333333333,0.0,0.8771929824561403,0.3333333333333333,0.6666666666666667,0.16666666666666666,0.13793103448275862,0.13333333333333333,0.13793103448275862,0.0,0.0,1.0,0.0,1.0,0.0,0.0,1.0,0.0,0.0,0.0,0.0,1.0,0.0,0.0,0.0,0.0,0.0,0.0,1.0,0.0,0.0,0.0,0.0,1.0,0.0,0.0,1.0
0.5952380952380951,0.504297994269341,0.5714285714285714,0.5,0.6666666666666667,0.11428571428571427,0.3333333333333333,0.0,0.6666666666666667,0.09170305676855894,0.5417787592852841,1.0,0.3571428571428571,0.0,1.0,0.3333333333333333,0.21052631578947367,0.6666666666666666,0.6666666666666667,0.05555555555555555,0.0,0.0,0.0,0.0,1.0,0.0,0.0,1.0,0.0,0.0,0.0,0.0,0.0,0.0,1.0,0.0,1.0,0.0,0.0,0.0,0.0,0.0,0.0,1.0,0.0,0.0,0.0,1.0,0.0,0.0,1.0
0.21428571428571425,0.9434097421203438,0.03571428571428571,0.0,0.6666666666666667,0.7857142857142856,0.6666666666666667,0.0,0.0,0.13049062419727717,0.5722545673559526,0.0,0.0,0.0,0.3333333333333333,0.3333333333333333,0.17543859649122806,0.5,0.6666666666666667,0.2222222222222222,0.20689655172413793,0.0,0.13793103448275862,0.0,0.0,1.0,0.0,0.0,1.0,0.0,0.0,1.0,0.0,0.0,0.0,0.0,1.0,0.0,0.0,0.0,0.0,0.0,0.0,0.0,0.0,1.0,1.0,0.0,0.0,1.0,0.0
0.6428571428571428,0.8345272206303724,0.10714285714285714,0.25,0.6666666666666667,0.0,0.6666666666666667,0.25,0.0,0.2566786539943488,0.16964464966874118,0.4444444444444444,0.0,0.0,0.0,0.3333333333333333,0.3157894736842105,0.5,1.0,0.2777777777777778,0.27586206896551724,0.0,0.20689655172413793,0.0,0.0,1.0,0.0,0.0,1.0,0.0,1.0,0.0,0.0,0.0,0.0,1.0,0.0,0.0,0.0,0.0,0.0,0.0,0.0,0.0,1.0,0.0,1.0,0.0,0.0,0.0,1.0
0.857142857142857,0.027936962750716332,0.8928571428571428,0.5,1.0,0.0,1.0,0.75,1.0,1.0,0.47287693234290307,0.2222222222222222,0.0714285714285714,0.0,0.6666666666666667,0.0,0.8070175438596491,0.5,0.6666666666666667,0.2777777777777778,0.20689655172413793,0.5333333333333333,0.27586206896551724,1.0,0.0,0.0,1.0,0.0,0.0,1.0,0.0,0.0,0.0,0.0,0.0,1.0,0.0,0.0,0.0,0.0,1.0,0.0,0.0,0.0,0.0,0.0,0.0,0.0,1.0,0.0,1.0
0.4047619047619047,0.9935530085959885,0.35714285714285715,0.75,1.0,0.18571428571428567,0.6666666666666667,0.0,0.6666666666666667,0.1060236321602877,0.7282874924713912,0.7777777777777777,0.0,0.0,0.6666666666666667,0.3333333333333333,0.17543859649122806,0.5,0.6666666666666667,0.1111111111111111,0.13793103448275862,0.26666666666666666,0.13793103448275862,0.0,0.0,1.0,0.0,1.0,0.0,0.0,0.0,0.0,1.0,0.0,0.0,0.0,1.0,0.0,0.0,1.0,0.0,0.0,0.0,0.0,0.0,0.0,0.0,1.0,0.0,0.0,1.0
0.28571428571428564,0.09169054441260746,0.25,0.25,0.6666666666666667,0.45714285714285713,0.6666666666666667,0.5,0.6666666666666667,0.40168250706396097,0.3165227865890383,0.5555555555555556,0.0,0.0,0.0,0.3333333333333333,0.3508771929824561,0.3333333333333333,1.0,0.4444444444444444,0.27586206896551724,0.9333333333333333,0.48275862068965514,0.0,0.0,1.0,0.0,0.0,1.0,0.0,0.0,0.0,0.0,1.0,0.0,0.0,1.0,0.0,0.0,0.0,0.0,0.0,0.0,0.0,1.0,0.0,1.0,0.0,0.0,1.0,0.0
0.09523809523809518,0.2535816618911175,0.8928571428571428,0.25,0.3333333333333333,0.7857142857142856,0.3333333333333333,0.0,0.6666666666666667,0.11591317749807348,0.329211001806866,0.1111111111111111,0.2142857142857143,0.0,0.3333333333333333,0.0,0.14035087719298245,0.3333333333333333,0.3333333333333333,0.2222222222222222,0.13793103448275862,0.13333333333333333,0.20689655172413793,1.0,0.0,0.0,0.0,1.0,0.0,0.0,0.0,0.0,0.0,1.0,0.0,1.0,0.0,0.0,0.0,0.0,0.0,0.0,0.0,1.0,0.0,0.0,0.0,1.0,0.0,0.0,1.0
0.8809523809523809,0.061604584527220646,0.8928571428571428,0.75,0.6666666666666667,0.5857142857142856,1.0,1.0,0.3333333333333333,1.0,0.9522987351937361,0.4444444444444444,0.4999999999999999,0.0,0.0,0.3333333333333333,1.0,0.0,0.6666666666666667,0.5555555555555556,0.6206896551724138,0.13333333333333333,0.27586206896551724,0.0,0.0,1.0,1.0,0.0,0.0,1.0,0.0,0.0,0.0,0.0,0.0,0.0,1.0,0.0,0.0,0.0,1.0,0.0,0.0,0.0,0.0,0.0,0.0,1.0,0.0,0.0,1.0
0.857142857142857,0.2349570200573066,0.2142857142857143,0.75,1.0,0.5428571428571429,0.6666666666666667,0.25,1.0,0.37535319804777806,0.5461553904838385,0.4444444444444444,0.2857142857142857,0.0,0.3333333333333333,0.3333333333333333,0.49122807017543857,0.3333333333333333,0.3333333333333333,0.38888888888888884,0.06896551724137931,0.13333333333333333,0.48275862068965514,0.0,0.0,1.0,0.0,1.0,0.0,0.0,0.0,0.0,1.0,0.0,0.0,1.0,0.0,0.0,0.0,0.0,0.0,0.0,0.0,1.0,0.0,0.0,0.0,1.0,0.0,1.0,0.0
0.3095238095238095,0.6275071633237822,0.0,0.75,0.6666666666666667,0.857142857142857,0.0,0.25,0.6666666666666667,0.21423067043411254,0.09182895001003813,0.0,0.0714285714285714,0.0,1.0,0.3333333333333333,0.21052631578947367,0.3333333333333333,0.6666666666666667,0.2777777777777778,0.27586206896551724,0.13333333333333333,0.27586206896551724,1.0,0.0,0.0,0.0,1.0,0.0,0.0,0.0,0.0,1.0,0.0,0.0,0.0,1.0,0.0,0.0,0.0,0.0,1.0,0.0,0.0,0.0,0.0,0.0,1.0,0.0,1.0,0.0
0.047619047619047616,0.28438395415472784,0.03571428571428571,0.5,0.6666666666666667,0.2714285714285714,0.3333333333333333,0.0,0.6666666666666667,0.06646545080914462,0.8013651877133106,0.1111111111111111,0.1428571428571428,0.0,1.0,0.0,0.07017543859649122,0.5,0.3333333333333333,0.1111111111111111,0.13793103448275862,0.0,0.13793103448275862,0.0,0.0,1.0,0.0,0.0,1.0,0.0,0.0,0.0,1.0,0.0,0.0,1.0,0.0,0.0,0.0,0.0,0.0,0.0,0.0,0.0,0.0,1.0,0.0,0.0,1.0,1.0,0.0
0.7380952380952379,0.12607449856733524,0.25,0.0,0.6666666666666667,0.4428571428571429,0.3333333333333333,0.25,0.3333333333333333,0.26464166452607246,0.9160008030515961,0.1111111111111111,0.8571428571428571,1.0,1.0,0.3333333333333333,0.3508771929824561,0.5,0.6666666666666667,0.5555555555555556,0.48275862068965514,0.13333333333333333,0.48275862068965514,0.0,1.0,0.0,0.0,1.0,0.0,0.0,1.0,0.0,0.0,0.0,0.0,0.0,1.0,0.0,0.0,0.0,0.0,0.0,0.0,1.0,0.0,0.0,0.0,1.0,0.0,1.0,0.0
0.4523809523809524,0.6876790830945558,0.8571428571428571,1.0,0.3333333333333333,0.5999999999999999,0.6666666666666667,0.25,0.6666666666666667,0.22090932442846134,0.8742019674764103,0.3333333333333333,0.2857142857142857,0.0,0.0,0.6666666666666666,0.5263157894736842,0.3333333333333333,0.6666666666666667,0.7222222222222222,0.7586206896551724,1.0,0.48275862068965514,1.0,0.0,0.0,0.0,1.0,0.0,0.0,0.0,0.0,1.0,0.0,0.0,1.0,0.0,0.0,0.0,0.0,0.0,0.0,0.0,1.0,0.0,0.0,0.0,1.0,0.0,0.0,1.0
0.16666666666666669,0.6260744985673352,0.03571428571428571,0.0,1.0,0.38571428571428573,0.6666666666666667,0.0,0.6666666666666667,0.19059851014641666,0.20895402529612525,0.6666666666666666,0.5714285714285713,0.0,0.6666666666666667,0.3333333333333333,0.24561403508771928,0.3333333333333333,0.3333333333333333,0.1111111111111111,0.13793103448275862,0.0,0.13793103448275862,0.0,0.0,1.0,0.0,1.0,0.0,0.0,0.0,0.0,0.0,1.0,0.0,0.0,1.0,0.0,0.0,1.0,0.0,0.0,0.0,0.0,0.0,0.0,1.0,0.0,0.0,0.0,1.0
0.2619047619047619,0.907593123209169,0.07142857142857142,0.0,0.3333333333333333,0.8142857142857143,0.6666666666666667,0.0,0.0,0.23850500899049576,0.56691427424212,0.1111111111111111,0.4999999999999999,0.0,1.0,0.0,0.3508771929824561,0.5,0.6666666666666667,0.5555555555555556,0.6206896551724138,0.13333333333333333,0.3448275862068966,0.0,0.0,1.0,0.0,1.0,0.0,0.0,0.0,0.0,1.0,0.0,0.0,0.0,1.0,0.0,0.0,1.0,0.0,0.0,0.0,0.0,0.0,0.0,0.0,0.0,1.0,0.0,1.0
0.23809523809523808,0.7657593123209169,0.07142857142857142,0.5,0.3333333333333333,0.6857142857142857,0.6666666666666667,0.0,0.3333333333333333,0.11861032622656048,0.06416382252559727,0.1111111111111111,0.5714285714285713,0.0,1.0,0.3333333333333333,0.03508771929824561,0.5,0.6666666666666667,0.05555555555555555,0.0,0.0,0.0,0.0,0.0,1.0,0.0,0.0,1.0,0.0,0.0,0.0,1.0,0.0,0.0,1.0,0.0,0.0,0.0,0.0,0.0,0.0,0.0,0.0,0.0,1.0,0.0,1.0,0.0,1.0,0.0
0.5476190476190477,0.2593123209169055,0.4642857142857143,0.5,0.0,0.3714285714285714,0.6666666666666667,0.0,0.6666666666666667,0.0926021063447213,0.10098373820517967,0.4444444444444444,0.0714285714285714,0.0,0.0,0.3333333333333333,0.45614035087719296,0.3333333333333333,0.6666666666666667,0.5,0.5517241379310345,0.13333333333333333,0.5517241379310345,0.0,0.0,1.0,0.0,1.0,0.0,0.0,1.0,0.0,0.0,0.0,0.0,0.0,1.0,0.0,0.0,0.0,0.0,0.0,0.0,1.0,0.0,0.0,1.0,0.0,0.0,1.0,0.0
0.3095238095238095,0.7772206303724928,0.6785714285714285,0.25,1.0,0.21428571428571425,0.6666666666666667,0.25,0.6666666666666667,0.3803621885435397,0.8958843605701666,0.1111111111111111,0.1428571428571428,0.0,1.0,0.3333333333333333,0.3157894736842105,0.3333333333333333,0.3333333333333333,0.5,0.5517241379310345,0.0,0.0,1.0,0.0,0.0,0.0,0.0,1.0,0.0,0.0,1.0,0.0,0.0,0.0,1.0,0.0,0.0,0.0,0.0,0.0,0.0,0.0,0.0,1.0,0.0,0.0,1.0,0.0,1.0,0.0
0.28571428571428564,0.898997134670487,0.5357142857142857,0.0,1.0,0.9428571428571428,0.6666666666666667,0.25,0.6666666666666667,0.27562291292062674,0.03392892993374824,0.8888888888888888,0.2857142857142857,0.0,0.6666666666666667,0.6666666666666666,0.14035087719298245,0.3333333333333333,0.3333333333333333,0.1111111111111111,0.06896551724137931,0.26666666666666666,0.13793103448275862,0.0,0.0,1.0,0.0,0.0,1.0,0.0,1.0,0.0,0.0,0.0,0.0,0.0,1.0,0.0,0.0,0.0,0.0,0.0,0.0,0.0,1.0,0.0,0.0,1.0,0.0,1.0,0.0
0.42857142857142855,0.38108882521489973,0.6071428571428571,0.0,0.3333333333333333,0.6142857142857143,0.6666666666666667,0.0,1.0,0.07346519393783715,0.22521582011644245,0.1111111111111111,0.1428571428571428,0.0,0.0,0.0,0.2807017543859649,0.3333333333333333,0.6666666666666667,0.4444444444444444,0.06896551724137931,0.13333333333333333,0.48275862068965514,0.0,1.0,0.0,0.0,1.0,0.0,0.0,0.0,0.0,1.0,0.0,0.0,1.0,0.0,0.0,0.0,1.0,0.0,0.0,0.0,0.0,0.0,0.0,0.0,0.0,1.0,1.0,0.0
0.857142857142857,0.41690544412607444,0.07142857142857142,0.5,1.0,0.7857142857142856,0.6666666666666667,0.75,1.0,1.0,0.8584621561935354,0.3333333333333333,0.2142857142857143,0.0,0.0,0.0,1.0,0.3333333333333333,0.6666666666666667,0.5555555555555556,0.6206896551724138,0.0,0.6206896551724138,0.0,0.0,1.0,0.0,1.0,0.0,0.0,1.0,0.0,0.0,0.0,0.0,0.0,1.0,0.0,0.0,0.0,0.0,0.0,1.0,0.0,0.0,0.0,0.0,1.0,0.0,1.0,0.0
0.4761904761904761,0.019340974212034387,0.03571428571428571,0.25,1.0,0.02857142857142858,0.6666666666666667,0.5,0.3333333333333333,0.40726945800154124,0.7438265408552499,0.7777777777777777,0.3571428571428571,0.0,0.6666666666666667,0.0,0.3508771929824561,0.3333333333333333,0.6666666666666667,0.05555555555555555,0.0,0.0,0.0,0.0,0.0,1.0,0.0,0.0,1.0,0.0,0.0,1.0,0.0,0.0,0.0,0.0,1.0,0.0,0.0,0.0,0.0,0.0,0.0,0.0,1.0,0.0,0.0,0.0,1.0,1.0,0.0
0.4761904761904761,0.829512893982808,0.03571428571428571,0.75,1.0,0.8285714285714285,0.6666666666666667,0.25,0.6666666666666667,0.3560236321602877,0.2073880746837984,1.0,0.2142857142857143,0.0,0.3333333333333333,0.0,0.49122807017543857,0.5,0.6666666666666667,0.05555555555555555,0.0,0.0,0.0,0.0,0.0,1.0,0.0,1.0,0.0,0.0,1.0,0.0,0.0,0.0,0.0,0.0,1.0,0.0,0.0,0.0,0.0,1.0,0.0,0.0,0.0,0.0,0.0,1.0,0.0,1.0,0.0
0.4761904761904761,0.08094555873925502,0.7857142857142857,0.5,1.0,0.2,0.3333333333333333,0.5,0.6666666666666667,0.5469432314410481,0.2687412166231681,0.0,0.7142857142857143,1.0,0.3333333333333333,0.0,0.3508771929824561,0.3333333333333333,0.6666666666666667,0.5,0.48275862068965514,0.13333333333333333,0.5517241379310345,0.0,1.0,0.0,0.0,1.0,0.0,0.0,1.0,0.0,0.0,0.0,0.0,0.0,1.0,0.0,0.0,0.0,0.0,1.0,0.0,0.0,0.0,0.0,0.0,0.0,1.0,1.0,0.0
0.23809523809523808,0.7707736389684813,0.6428571428571428,0.75,1.0,0.6857142857142857,0.3333333333333333,0.0,0.0,0.14044438736193168,0.4157799638626781,0.1111111111111111,0.0714285714285714,0.0,0.6666666666666667,1.0,0.21052631578947367,0.3333333333333333,0.6666666666666667,0.3333333333333333,0.3448275862068966,0.4,0.20689655172413793,0.0,0.0,1.0,0.0,1.0,0.0,0.0,0.0,0.0,1.0,0.0,0.0,0.0,1.0,0.0,0.0,1.0,0.0,0.0,0.0,0.0,0.0,0.0,0.0,1.0,0.0,1.0,0.0
0.380952380952381,0.08094555873925502,0.0,0.75,0.3333333333333333,0.6428571428571428,1.0,0.25,1.0,0.559722578987927,0.40891387271632196,0.0,0.0,0.0,1.0,0.3333333333333333,0.5614035087719298,0.3333333333333333,0.3333333333333333,0.8333333333333333,0.06896551724137931,0.0,0.6206896551724138,0.0,0.0,1.0,0.0,0.0,1.0,0.0,0.0,1.0,0.0,0.0,0.0,0.0,1.0,0.0,0.0,0.0,0.0,0.0,0.0,0.0,1.0,0.0,1.0,0.0,0.0,1.0,0.0
0.42857142857142855,0.5315186246418337,0.0,1.0,1.0,0.21428571428571425,0.6666666666666667,0.25,1.0,0.3624454148471616,0.5292913069664726,0.4444444444444444,0.2857142857142857,0.0,0.3333333333333333,0.0,0.24561403508771928,1.0,0.6666666666666667,0.05555555555555555,0.0,0.0,0.0,1.0,0.0,0.0,0.0,0.0,1.0,0.0,0.0,0.0,1.0,0.0,0.0,1.0,0.0,0.0,0.0,0.0,0.0,0.0,0.0,0.0,1.0,0.0,0.0,0.0,1.0,1.0,0.0
0.2619047619047619,0.2550143266475645,0.8214285714285714,0.25,1.0,0.6142857142857143,0.3333333333333333,0.0,1.0,0.09183149242229643,0.5082915077293716,0.1111111111111111,0.9285714285714285,1.0,0.3333333333333333,0.0,0.03508771929824561,0.5,0.3333333333333333,0.05555555555555555,0.0,0.13333333333333333,0.0,0.0,1.0,0.0,0.0,1.0,0.0,0.0,1.0,0.0,0.0,0.0,0.0,0.0,1.0,0.0,0.0,0.0,0.0,0.0,0.0,1.0,0.0,0.0,0.0,0.0,1.0,0.0,1.0
0.857142857142857,0.5909742120343839,0.6785714285714285,0.75,1.0,0.01428571428571429,0.6666666666666667,0.25,0.6666666666666667,0.2478808117133316,0.5938968078699056,0.3333333333333333,0.0714285714285714,0.0,1.0,0.0,0.7017543859649122,0.6666666666666666,0.3333333333333333,0.2222222222222222,0.20689655172413793,0.0,0.20689655172413793,0.0,1.0,0.0,0.0,1.0,0.0,0.0,1.0,0.0,0.0,0.0,0.0,1.0,0.0,0.0,0.0,0.0,0.0,0.0,0.0,1.0,0.0,0.0,0.0,0.0,1.0,1.0,0.0
0.42857142857142855,0.33166189111747846,0.6071428571428571,0.75,0.6666666666666667,0.7285714285714284,1.0,0.0,1.0,0.17203955818135114,0.20188717125075287,0.4444444444444444,0.4999999999999999,0.0,1.0,0.6666666666666666,0.14035087719298245,0.3333333333333333,0.6666666666666667,0.05555555555555555,0.0,0.0,0.0,0.0,1.0,0.0,0.0,1.0,0.0,0.0,1.0,0.0,0.0,0.0,0.0,0.0,1.0,0.0,0.0,1.0,0.0,0.0,0.0,0.0,0.0,0.0,0.0,1.0,0.0,1.0,0.0
0.42857142857142855,0.7285100286532951,0.35714285714285715,0.75,0.3333333333333333,1.0,0.3333333333333333,0.25,1.0,0.3623811970202928,0.49287291708492276,0.4444444444444444,0.1428571428571428,0.0,0.0,0.3333333333333333,0.2807017543859649,0.3333333333333333,0.3333333333333333,0.3333333333333333,0.20689655172413793,0.0,0.0,0.0,0.0,1.0,0.0,0.0,1.0,0.0,0.0,1.0,0.0,0.0,0.0,1.0,0.0,0.0,0.0,0.0,0.0,0.0,0.0,0.0,1.0,0.0,0.0,1.0,0.0,1.0,0.0
0.3333333333333333,0.7858166189111747,0.0,0.75,1.0,0.45714285714285713,0.6666666666666667,0.25,0.0,0.19766247110197793,0.9267215418590645,0.4444444444444444,0.2142857142857143,0.0,0.3333333333333333,0.3333333333333333,0.3157894736842105,0.5,0.3333333333333333,0.3333333333333333,0.3448275862068966,0.13333333333333333,0.13793103448275862,1.0,0.0,0.0,0.0,1.0,0.0,0.0,0.0,0.0,0.0,0.0,1.0,0.0,1.0,0.0,0.0,0.0,0.0,0.0,0.0,1.0,0.0,0.0,0.0,1.0,0.0,1.0,0.0
0.9999999999999998,0.7707736389684813,0.5357142857142857,0.75,0.0,0.7714285714285714,0.6666666666666667,0.25,0.0,0.2823015669149756,0.39469985946597064,0.8888888888888888,0.2142857142857143,0.0,1.0,0.0,0.3508771929824561,0.16666666666666666,0.6666666666666667,0.1111111111111111,0.13793103448275862,0.26666666666666666,0.13793103448275862,0.0,0.0,1.0,0.0,0.0,1.0,0.0,0.0,1.0,0.0,0.0,0.0,0.0,1.0,0.0,0.0,0.0,0.0,0.0,0.0,0.0,1.0,0.0,0.0,0.0,1.0,1.0,0.0
0.35714285714285715,0.5472779369627507,0.25,0.75,1.0,0.857142857142857,1.0,0.0,0.0,0.1370408425378885,0.15988757277655088,0.6666666666666666,0.5714285714285713,0.0,0.3333333333333333,0.3333333333333333,0.49122807017543857,0.16666666666666666,0.6666666666666667,0.5555555555555556,0.5517241379310345,0.9333333333333333,0.41379310344827586,0.0,0.0,1.0,0.0,1.0,0.0,0.0,1.0,0.0,0.0,0.0,0.0,0.0,1.0,0.0,0.0,0.0,0.0,0.0,0.0,1.0,0.0,0.0,0.0,1.0,0.0,1.0,0.0
0.4761904761904761,0.7779369627507163,0.0,0.5,1.0,0.857142857142857,0.6666666666666667,0.25,1.0,0.23927562291292065,0.31210600281068057,0.7777777777777777,0.2857142857142857,0.0,1.0,0.6666666666666666,0.6666666666666666,0.6666666666666666,1.0,0.7222222222222222,0.7586206896551724,0.26666666666666666,0.6206896551724138,0.0,1.0,0.0,0.0,1.0,0.0,0.0,1.0,0.0,0.0,0.0,0.0,0.0,1.0,0.0,0.0,0.0,0.0,0.0,0.0,1.0,0.0,0.0,0.0,1.0,0.0,1.0,0.0
0.2619047619047619,0.6010028653295129,0.5,0.0,0.3333333333333333,0.5571428571428572,0.0,0.0,1.0,0.07442846134086822,0.9973499297329854,0.0,0.4999999999999999,0.0,0.0,0.3333333333333333,0.21052631578947367,0.3333333333333333,0.3333333333333333,0.2777777777777778,0.27586206896551724,0.13333333333333333,0.20689655172413793,0.0,0.0,1.0,0.0,1.0,0.0,0.0,1.0,0.0,0.0,0.0,0.0,1.0,0.0,0.0,0.0,0.0,0.0,0.0,0.0,1.0,0.0,0.0,0.0,1.0,0.0,0.0,1.0
0.8333333333333333,0.09670487106017192,0.0,0.0,1.0,0.05714285714285716,0.6666666666666667,0.25,0.0,0.47341381967634216,0.21734591447500504,0.7777777777777777,0.6428571428571427,1.0,1.0,0.0,0.631578947368421,0.3333333333333333,1.0,0.7777777777777777,0.48275862068965514,1.0,0.6896551724137931,0.0,0.0,1.0,0.0,0.0,1.0,0.0,0.0,0.0,1.0,0.0,0.0,1.0,0.0,0.0,0.0,0.0,0.0,0.0,0.0,0.0,1.0,0.0,0.0,0.0,1.0,1.0,0.0
0.8809523809523809,0.03151862464183382,0.6785714285714285,0.25,0.3333333333333333,0.10000000000000003,0.6666666666666667,0.25,1.0,0.282943745183663,0.5572375025095362,0.3333333333333333,0.5714285714285713,0.0,1.0,0.3333333333333333,0.42105263157894735,0.6666666666666666,0.6666666666666667,0.5555555555555556,0.48275862068965514,0.0,0.5517241379310345,0.0,0.0,1.0,0.0,1.0,0.0,0.0,0.0,0.0,0.0,0.0,1.0,0.0,1.0,0.0,0.0,1.0,0.0,0.0,0.0,0.0,0.0,0.0,0.0,1.0,0.0,0.0,1.0
0.7619047619047619,0.6755014326647564,0.3214285714285714,0.5,1.0,1.0,0.3333333333333333,0.5,1.0,0.6092345235037246,0.026540855249949813,0.6666666666666666,0.2857142857142857,0.0,1.0,0.0,0.7017543859649122,0.3333333333333333,0.6666666666666667,0.2222222222222222,0.20689655172413793,0.13333333333333333,0.20689655172413793,0.0,0.0,1.0,0.0,1.0,0.0,0.0,0.0,0.0,0.0,0.0,1.0,0.0,1.0,1.0,0.0,0.0,0.0,0.0,0.0,0.0,0.0,0.0,0.0,0.0,1.0,1.0,0.0
0.4047619047619047,0.8065902578796561,0.25,0.0,1.0,0.08571428571428569,1.0,0.0,1.0,0.08091446185461085,0.11234691828950011,0.1111111111111111,0.5714285714285713,0.0,1.0,0.0,0.03508771929824561,0.3333333333333333,0.6666666666666667,0.05555555555555555,0.0,0.0,0.06896551724137931,0.0,0.0,1.0,0.0,1.0,0.0,0.0,1.0,0.0,0.0,0.0,0.0,0.0,1.0,0.0,0.0,1.0,0.0,0.0,0.0,0.0,0.0,0.0,0.0,1.0,0.0,1.0,0.0
0.6666666666666665,0.8244985673352435,0.3214285714285714,0.5,0.6666666666666667,0.4857142857142857,0.6666666666666667,0.5,0.3333333333333333,0.4048933984073979,0.47849829351535833,0.5555555555555556,0.7142857142857143,1.0,0.6666666666666667,1.0,0.49122807017543857,0.3333333333333333,0.6666666666666667,0.4444444444444444,0.48275862068965514,0.0,0.48275862068965514,0.0,0.0,1.0,0.0,0.0,1.0,0.0,1.0,0.0,0.0,0.0,0.0,1.0,0.0,0.0,0.0,0.0,0.0,0.0,0.0,0.0,1.0,0.0,0.0,1.0,0.0,1.0,0.0
0.11904761904761901,0.8717765042979942,0.25,0.0,1.0,0.8999999999999999,0.3333333333333333,0.0,0.6666666666666667,0.1913691240688415,0.7425015057217426,0.1111111111111111,0.0,0.0,0.0,0.0,0.17543859649122806,0.3333333333333333,0.6666666666666667,0.2777777777777778,0.27586206896551724,0.13333333333333333,0.13793103448275862,0.0,0.0,1.0,0.0,1.0,0.0,0.0,0.0,0.0,1.0,0.0,0.0,0.0,1.0,0.0,0.0,1.0,0.0,0.0,0.0,0.0,0.0,0.0,0.0,0.0,1.0,0.0,1.0
0.857142857142857,0.7979942693409742,0.03571428571428571,0.75,0.0,0.42857142857142855,0.6666666666666667,0.5,0.6666666666666667,0.805291548933984,0.8796225657498494,1.0,0.0714285714285714,0.0,0.0,0.3333333333333333,0.5614035087719298,0.8333333333333333,0.0,0.2222222222222222,0.20689655172413793,0.0,0.20689655172413793,0.0,0.0,1.0,0.0,1.0,0.0,0.0,0.0,0.0,0.0,0.0,1.0,1.0,0.0,0.0,0.0,0.0,0.0,0.0,1.0,0.0,0.0,0.0,0.0,1.0,0.0,1.0,0.0
0.16666666666666669,0.5472779369627507,0.6428571428571428,0.25,0.6666666666666667,0.08571428571428569,0.3333333333333333,0.0,0.3333333333333333,0.09016182892370922,0.6707086930335274,0.1111111111111111,0.4999999999999999,0.0,0.6666666666666667,1.0,0.03508771929824561,0.3333333333333333,0.6666666666666667,0.05555555555555555,0.0,0.0,0.0,0.0,0.0,1.0,0.0,0.0,1.0,0.0,0.0,1.0,0.0,0.0,0.0,0.0,1.0,0.0,0.0,0.0,0.0,0.0,0.0,0.0,0.0,1.0,0.0,1.0,0.0,0.0,1.0
0.23809523809523808,0.755730659025788,0.2857142857142857,0.5,1.0,0.9142857142857141,0.6666666666666667,0.0,1.0,0.06813511430773184,0.02083918891788797,0.1111111111111111,0.8571428571428571,1.0,1.0,0.3333333333333333,0.17543859649122806,0.5,0.3333333333333333,0.2777777777777778,0.13793103448275862,0.0,0.27586206896551724,0.0,0.0,1.0,0.0,1.0,0.0,0.0,0.0,0.0,1.0,0.0,0.0,0.0,1.0,0.0,0.0,0.0,0.0,0.0,0.0,1.0,0.0,0.0,0.0,1.0,0.0,1.0,0.0
0.9047619047619047,0.9290830945558739,0.2142857142857143,0.5,1.0,0.2714285714285714,0.0,0.5,1.0,0.401425635756486,0.7871511744629592,0.4444444444444444,0.0,0.0,0.0,0.0,1.0,0.5,0.3333333333333333,0.3333333333333333,0.27586206896551724,0.0,0.13793103448275862,0.0,0.0,1.0,0.0,1.0,0.0,0.0,1.0,0.0,0.0,0.0,0.0,0.0,1.0,0.0,0.0,0.0,0.0,1.0,0.0,0.0,0.0,0.0,0.0,0.0,1.0,1.0,0.0
0.6190476190476188,0.7120343839541546,0.3214285714285714,0.75,0.6666666666666667,0.9428571428571428,0.6666666666666667,0.0,0.6666666666666667,0.12374775237605959,0.3506123268419996,0.1111111111111111,0.0,0.0,0.6666666666666667,0.0,0.21052631578947367,0.6666666666666666,0.6666666666666667,0.3333333333333333,0.27586206896551724,0.0,0.13793103448275862,0.0,0.0,1.0,0.0,1.0,0.0,0.0,1.0,0.0,0.0,0.0,0.0,0.0,1.0,0.0,0.0,0.0,0.0,0.0,0.0,1.0,0.0,0.0,0.0,0.0,1.0,0.0,1.0
0.6428571428571428,0.7851002865329513,0.2142857142857143,0.75,0.0,0.6714285714285713,1.0,0.25,0.6666666666666667,0.3483817107629078,0.12142140132503512,0.4444444444444444,0.4285714285714285,0.0,1.0,0.3333333333333333,0.3157894736842105,0.16666666666666666,0.6666666666666667,0.16666666666666666,0.13793103448275862,0.0,0.13793103448275862,0.0,1.0,0.0,0.0,1.0,0.0,0.0,1.0,0.0,0.0,0.0,0.0,0.0,1.0,0.0,0.0,0.0,0.0,1.0,0.0,0.0,0.0,0.0,0.0,1.0,0.0,1.0,0.0
0.4761904761904761,0.03510028653295129,0.3214285714285714,0.5,0.6666666666666667,0.7857142857142856,0.6666666666666667,0.25,1.0,0.2990624197277164,0.7149166833969083,0.1111111111111111,0.1428571428571428,0.0,0.3333333333333333,0.0,0.21052631578947367,0.16666666666666666,0.6666666666666667,0.2777777777777778,0.20689655172413793,0.13333333333333333,0.20689655172413793,1.0,0.0,0.0,0.0,0.0,1.0,0.0,0.0,0.0,0.0,0.0,1.0,1.0,0.0,0.0,0.0,0.0,0.0,0.0,0.0,0.0,1.0,0.0,0.0,0.0,1.0,0.0,1.0
0.7142857142857142,0.7199140401146131,0.5,0.75,0.6666666666666667,0.49999999999999994,0.6666666666666667,0.0,0.0,0.08720780888774723,0.579642642039751,0.8888888888888888,0.0714285714285714,0.0,1.0,0.3333333333333333,0.3508771929824561,0.5,0.3333333333333333,0.4444444444444444,0.13793103448275862,0.9333333333333333,0.41379310344827586,0.0,0.0,1.0,0.0,1.0,0.0,0.0,0.0,0.0,0.0,1.0,0.0,1.0,0.0,0.0,0.0,0.0,0.0,0.0,0.0,1.0,0.0,0.0,0.0,1.0,0.0,1.0,0.0
0.35714285714285715,0.7972779369627506,0.25,0.75,0.6666666666666667,0.12857142857142861,0.6666666666666667,0.25,0.6666666666666667,0.39140765476496275,0.7362778558522385,0.0,0.0714285714285714,0.0,1.0,0.0,0.21052631578947367,0.5,0.6666666666666667,0.2777777777777778,0.0,0.13333333333333333,0.13793103448275862,0.0,0.0,1.0,0.0,0.0,1.0,0.0,0.0,1.0,0.0,0.0,0.0,0.0,1.0,0.0,0.0,0.0,0.0,0.0,0.0,0.0,1.0,0.0,1.0,0.0,0.0,1.0,0.0
0.5238095238095237,0.3416905444126075,0.14285714285714285,0.75,1.0,0.2571428571428572,0.3333333333333333,0.5,0.0,0.607885949139481,0.8704276249749047,0.5555555555555556,0.7142857142857143,1.0,0.6666666666666667,0.3333333333333333,0.7017543859649122,0.3333333333333333,0.6666666666666667,1.0,0.896551724137931,0.13333333333333333,0.8275862068965517,0.0,1.0,0.0,0.0,0.0,1.0,0.0,1.0,0.0,0.0,0.0,0.0,0.0,1.0,0.0,0.0,0.0,0.0,0.0,0.0,0.0,1.0,0.0,0.0,1.0,0.0,0.0,1.0
0.4761904761904761,0.7714899713467048,0.9999999999999999,0.0,0.3333333333333333,0.5714285714285714,0.6666666666666667,0.25,0.0,0.3637297713845363,0.3718128889781168,0.7777777777777777,0.5714285714285713,0.0,0.3333333333333333,0.0,0.5964912280701754,0.3333333333333333,0.6666666666666667,0.05555555555555555,0.0,0.0,0.0,0.0,0.0,1.0,0.0,1.0,0.0,0.0,0.0,0.0,1.0,0.0,0.0,0.0,1.0,1.0,0.0,0.0,0.0,0.0,0.0,0.0,0.0,0.0,0.0,1.0,0.0,0.0,1.0
0.5476190476190477,0.5924068767908309,0.07142857142857142,0.5,0.6666666666666667,0.38571428571428573,0.3333333333333333,0.25,0.3333333333333333,0.5091831492422296,0.4068660911463561,0.2222222222222222,0.0,0.0,0.6666666666666667,0.3333333333333333,0.49122807017543857,0.8333333333333333,0.6666666666666667,0.2777777777777778,0.27586206896551724,0.0,0.27586206896551724,0.0,0.0,1.0,0.0,0.0,1.0,0.0,1.0,0.0,0.0,0.0,0.0,0.0,1.0,0.0,0.0,0.0,0.0,0.0,0.0,0.0,1.0,0.0,1.0,0.0,0.0,1.0,0.0
0.49999999999999994,0.04799426934097421,0.07142857142857142,0.25,0.6666666666666667,0.657142857142857,0.3333333333333333,0.25,0.6666666666666667,0.13228872334960184,0.3295723750250954,0.0,0.2857142857142857,0.0,1.0,0.3333333333333333,0.38596491228070173,0.5,0.6666666666666667,0.5555555555555556,0.5517241379310345,0.0,0.48275862068965514,0.0,0.0,1.0,0.0,1.0,0.0,0.0,0.0,0.0,1.0,0.0,0.0,0.0,1.0,0.0,0.0,1.0,0.0,0.0,0.0,0.0,0.0,0.0,1.0,0.0,0.0,1.0,0.0
0.5476190476190477,0.10959885386819485,0.3214285714285714,0.25,0.6666666666666667,0.14285714285714285,0.0,0.25,0.3333333333333333,0.3302080657590547,0.8022485444689821,0.1111111111111111,0.1428571428571428,0.0,0.0,0.0,0.6666666666666666,0.6666666666666666,0.6666666666666667,1.0,0.13793103448275862,1.0,0.6206896551724138,1.0,0.0,0.0,0.0,0.0,1.0,0.0,0.0,0.0,1.0,0.0,0.0,0.0,1.0,0.0,0.0,0.0,0.0,0.0,0.0,0.0,1.0,0.0,0.0,0.0,1.0,1.0,0.0
0.35714285714285715,0.4434097421203438,0.5714285714285714,0.5,1.0,0.11428571428571427,0.6666666666666667,0.75,0.6666666666666667,1.0,0.7386067054808272,0.1111111111111111,0.0,0.0,1.0,0.0,0.3508771929824561,0.3333333333333333,0.6666666666666667,0.5555555555555556,0.5517241379310345,0.8,0.0,1.0,0.0,0.0,0.0,0.0,1.0,0.0,1.0,0.0,0.0,0.0,0.0,0.0,1.0,0.0,0.0,0.0,1.0,0.0,0.0,0.0,0.0,0.0,0.0,0.0,1.0,1.0,0.0
0.14285714285714285,0.8481375358166189,0.2142857142857143,0.5,0.0,0.35714285714285715,0.6666666666666667,0.0,0.6666666666666667,0.12053686103262265,0.48480224854446896,0.1111111111111111,0.3571428571428571,0.0,1.0,0.3333333333333333,0.21052631578947367,0.6666666666666666,0.6666666666666667,0.3333333333333333,0.20689655172413793,0.13333333333333333,0.13793103448275862,0.0,1.0,0.0,0.0,1.0,0.0,0.0,1.0,0.0,0.0,0.0,0.0,1.0,0.0,0.0,0.0,1.0,0.0,0.0,0.0,0.0,0.0,0.0,0.0,1.0,0.0,0.0,1.0
0.4761904761904761,0.046561604584527225,0.0,0.5,0.6666666666666667,0.7285714285714284,0.6666666666666667,0.5,0.6666666666666667,0.440020549704598,0.5341497691226661,0.4444444444444444,0.2142857142857143,0.0,1.0,0.0,0.3508771929824561,0.6666666666666666,1.0,0.05555555555555555,0.0,0.0,0.0,0.0,0.0,1.0,0.0,1.0,0.0,0.0,1.0,0.0,0.0,0.0,0.0,1.0,0.0,0.0,0.0,0.0,0.0,1.0,0.0,0.0,0.0,0.0,0.0,0.0,1.0,0.0,1.0
0.42857142857142855,0.8416905444126074,0.25,0.5,0.0,0.6714285714285713,0.3333333333333333,0.0,0.0,0.08560236321602877,0.2626380244930737,0.0,0.7142857142857143,1.0,0.6666666666666667,0.0,0.21052631578947367,0.5,0.6666666666666667,0.2777777777777778,0.27586206896551724,0.0,0.20689655172413793,0.0,0.0,1.0,1.0,0.0,0.0,0.0,1.0,0.0,0.0,0.0,0.0,0.0,1.0,0.0,1.0,0.0,0.0,0.0,0.0,0.0,0.0,0.0,0.0,1.0,0.0,1.0,0.0
0.2619047619047619,0.9383954154727794,0.0,0.0,0.3333333333333333,0.17142857142857143,0.6666666666666667,0.5,1.0,0.4436809658361161,0.18088737201365188,0.1111111111111111,0.2142857142857143,0.0,1.0,0.3333333333333333,0.38596491228070173,0.8333333333333333,0.6666666666666667,0.611111111111111,0.6896551724137931,0.5333333333333333,0.06896551724137931,0.0,1.0,0.0,0.0,0.0,1.0,0.0,0.0,0.0,1.0,0.0,0.0,1.0,0.0,0.0,0.0,0.0,0.0,0.0,0.0,0.0,1.0,0.0,0.0,1.0,0.0,1.0,0.0
0.35714285714285715,0.2564469914040115,0.42857142857142855,0.0,0.3333333333333333,0.32857142857142857,0.6666666666666667,0.0,1.0,0.1568841510403288,0.6081911262798635,0.3333333333333333,0.4999999999999999,0.0,0.0,0.0,0.17543859649122806,0.6666666666666666,0.6666666666666667,0.16666666666666666,0.13793103448275862,0.0,0.13793103448275862,0.0,0.0,1.0,0.0,1.0,0.0,0.0,1.0,0.0,0.0,0.0,0.0,1.0,0.0,0.0,0.0,0.0,0.0,0.0,0.0,1.0,0.0,0.0,0.0,0.0,1.0,1.0,0.0
0.2619047619047619,0.6325214899713467,0.07142857142857142,0.75,0.3333333333333333,0.8999999999999999,0.3333333333333333,0.5,0.6666666666666667,0.7016439763678397,0.7802449307367998,0.1111111111111111,0.4999999999999999,0.0,0.6666666666666667,0.0,0.3508771929824561,0.3333333333333333,0.6666666666666667,0.5555555555555556,0.13793103448275862,0.0,0.48275862068965514,0.0,0.0,1.0,0.0,1.0,0.0,0.0,0.0,0.0,1.0,0.0,0.0,0.0,1.0,0.0,0.0,0.0,0.0,0.0,1.0,0.0,0.0,0.0,0.0,1.0,0.0,1.0,0.0
0.4523809523809524,0.504297994269341,0.17857142857142855,0.75,0.6666666666666667,0.4714285714285715,0.6666666666666667,0.0,0.0,0.06832776778833805,0.8654487050793014,0.4444444444444444,0.7857142857142857,1.0,1.0,0.0,0.24561403508771928,0.5,0.6666666666666667,0.16666666666666666,0.13793103448275862,0.0,0.13793103448275862,0.0,0.0,1.0,1.0,0.0,0.0,1.0,0.0,0.0,0.0,0.0,0.0,0.0,1.0,0.0,1.0,0.0,0.0,0.0,0.0,0.0,0.0,0.0,1.0,0.0,0.0,0.0,1.0
0.4761904761904761,0.17191977077363896,0.5,0.25,0.6666666666666667,0.8857142857142857,0.3333333333333333,0.5,1.0,0.6743513999486257,0.545593254366593,0.0,0.2142857142857143,0.0,0.3333333333333333,0.3333333333333333,0.42105263157894735,0.5,0.6666666666666667,0.611111111111111,0.6896551724137931,0.26666666666666666,0.6206896551724138,0.0,0.0,1.0,0.0,1.0,0.0,0.0,1.0,0.0,0.0,0.0,0.0,0.0,1.0,0.0,0.0,0.0,0.0,0.0,1.0,0.0,0.0,0.0,1.0,0.0,0.0,0.0,1.0
0.6428571428571428,0.8130372492836676,0.0,0.0,0.6666666666666667,0.6285714285714286,0.3333333333333333,0.5,0.6666666666666667,0.6254174158746468,0.05223850632403132,0.3333333333333333,0.8571428571428571,1.0,1.0,0.3333333333333333,0.8771929824561403,0.5,0.3333333333333333,1.0,1.0,1.0,0.27586206896551724,1.0,0.0,0.0,0.0,1.0,0.0,0.0,1.0,0.0,0.0,0.0,0.0,0.0,1.0,1.0,0.0,0.0,0.0,0.0,0.0,0.0,0.0,0.0,0.0,1.0,0.0,1.0,0.0
0.14285714285714285,0.7084527220630372,0.2857142857142857,0.5,0.6666666666666667,0.42857142857142855,0.3333333333333333,0.0,0.3333333333333333,0.1082070382738248,0.9820116442481429,0.1111111111111111,0.0,0.0,0.6666666666666667,1.0,0.03508771929824561,0.6666666666666666,0.6666666666666667,0.05555555555555555,0.0,0.0,0.0,1.0,0.0,0.0,0.0,1.0,0.0,0.0,1.0,0.0,0.0,0.0,0.0,0.0,1.0,0.0,0.0,1.0,0.0,0.0,0.0,0.0,0.0,0.0,1.0,0.0,0.0,1.0,0.0
0.42857142857142855,0.5981375358166189,0.03571428571428571,0.75,0.6666666666666667,0.7,0.6666666666666667,0.0,0.6666666666666667,0.09696891857179554,0.4092752459345512,0.4444444444444444,0.7142857142857143,1.0,0.6666666666666667,0.0,0.5614035087719298,1.0,0.6666666666666667,0.611111111111111,0.5517241379310345,0.4,0.6206896551724138,0.0,0.0,1.0,0.0,1.0,0.0,0.0,0.0,0.0,1.0,0.0,0.0,0.0,1.0,0.0,0.0,1.0,0.0,0.0,0.0,0.0,0.0,0.0,0.0,0.0,1.0,1.0,0.0
0.14285714285714285,0.4083094555873925,0.35714285714285715,0.25,0.0,0.9428571428571428,1.0,0.25,0.6666666666666667,0.19278191625995378,0.246456534832363,0.0,0.4999999999999999,0.0,1.0,0.3333333333333333,0.17543859649122806,0.8333333333333333,0.3333333333333333,0.2222222222222222,0.13793103448275862,0.13333333333333333,0.20689655172413793,1.0,0.0,0.0,0.0,1.0,0.0,0.0,0.0,0.0,0.0,1.0,0.0,1.0,0.0,0.0,0.0,0.0,0.0,1.0,0.0,0.0,0.0,0.0,1.0,0.0,0.0,1.0,0.0
0.4047619047619047,0.3610315186246418,0.2857142857142857,0.5,1.0,0.5142857142857142,0.3333333333333333,0.5,0.6666666666666667,0.6213716927819162,0.8577795623368801,0.1111111111111111,0.6428571428571427,1.0,0.3333333333333333,0.3333333333333333,0.5964912280701754,0.3333333333333333,0.6666666666666667,0.9444444444444444,0.9655172413793103,0.6666666666666666,1.0,0.0,0.0,1.0,0.0,1.0,0.0,0.0,1.0,0.0,0.0,0.0,0.0,1.0,0.0,0.0,0.0,0.0,0.0,1.0,0.0,0.0,0.0,0.0,0.0,1.0,0.0,0.0,1.0
0.8095238095238095,0.563753581661891,0.8571428571428571,0.75,0.6666666666666667,0.7285714285714284,0.3333333333333333,0.75,1.0,0.8230798869766247,0.6799437863882755,0.3333333333333333,0.7857142857142857,1.0,0.6666666666666667,0.0,1.0,0.5,0.6666666666666667,0.5,0.5517241379310345,0.0,0.0,0.0,1.0,0.0,0.0,1.0,0.0,0.0,0.0,0.0,1.0,0.0,0.0,1.0,0.0,0.0,0.0,0.0,0.0,1.0,0.0,0.0,0.0,0.0,0.0,1.0,0.0,1.0,0.0
0.857142857142857,0.19555873925501435,0.6428571428571428,0.75,1.0,0.9285714285714286,0.6666666666666667,0.25,0.0,0.2874389930644747,0.8261794820317205,1.0,0.0,0.0,0.3333333333333333,0.6666666666666666,0.3157894736842105,0.6666666666666666,0.6666666666666667,0.2777777777777778,0.20689655172413793,0.13333333333333333,0.27586206896551724,0.0,0.0,1.0,0.0,1.0,0.0,0.0,0.0,0.0,1.0,0.0,0.0,1.0,0.0,0.0,0.0,0.0,0.0,1.0,0.0,0.0,0.0,0.0,1.0,0.0,0.0,0.0,1.0
0.6428571428571428,0.8853868194842406,0.2142857142857143,0.5,0.3333333333333333,0.4142857142857143,0.6666666666666667,0.5,0.0,0.5596583611610584,0.6702670146556916,0.2222222222222222,0.4285714285714285,0.0,0.6666666666666667,0.3333333333333333,0.8771929824561403,0.3333333333333333,0.6666666666666667,0.05555555555555555,0.0,0.0,0.0,0.0,0.0,1.0,0.0,1.0,0.0,0.0,1.0,0.0,0.0,0.0,0.0,0.0,1.0,0.0,0.0,0.0,0.0,0.0,0.0,1.0,0.0,0.0,1.0,0.0,0.0,1.0,0.0
0.49999999999999994,0.9197707736389684,0.3214285714285714,1.0,0.3333333333333333,0.657142857142857,0.6666666666666667,0.25,0.0,0.2805034677626509,0.06990564143746236,0.2222222222222222,0.1428571428571428,0.0,1.0,1.0,0.3508771929824561,0.5,0.6666666666666667,0.38888888888888884,0.48275862068965514,0.9333333333333333,0.48275862068965514,0.0,0.0,1.0,0.0,1.0,0.0,0.0,0.0,0.0,1.0,0.0,0.0,0.0,1.0,0.0,0.0,0.0,0.0,1.0,0.0,0.0,0.0,0.0,0.0,1.0,0.0,1.0,0.0
0.6428571428571428,0.32808022922636104,0.03571428571428571,0.5,1.0,0.4428571428571429,0.6666666666666667,0.25,0.3333333333333333,0.24377087079373233,0.565468781369203,0.0,0.5714285714285713,0.0,0.3333333333333333,0.3333333333333333,0.3157894736842105,0.5,1.0,0.4444444444444444,0.48275862068965514,0.4,0.48275862068965514,0.0,0.0,1.0,0.0,0.0,1.0,0.0,0.0,0.0,0.0,1.0,0.0,0.0,1.0,0.0,0.0,0.0,0.0,0.0,0.0,0.0,1.0,0.0,0.0,1.0,0.0,1.0,0.0
0.4047619047619047,0.019340974212034387,0.8571428571428571,0.75,1.0,0.9428571428571428,0.6666666666666667,0.0,0.3333333333333333,0.06505265861803236,0.5829351535836177,0.1111111111111111,0.5714285714285713,0.0,0.0,0.3333333333333333,0.3508771929824561,0.5,0.3333333333333333,0.5555555555555556,0.13793103448275862,0.9333333333333333,0.5517241379310345,0.0,1.0,0.0,0.0,1.0,0.0,0.0,1.0,0.0,0.0,0.0,0.0,1.0,0.0,0.0,0.0,0.0,0.0,0.0,0.0,1.0,0.0,0.0,1.0,0.0,0.0,0.0,1.0
0.49999999999999994,0.010028653295128948,0.3214285714285714,0.0,0.6666666666666667,0.9857142857142855,0.6666666666666667,0.75,0.0,1.0,0.13093756273840593,0.1111111111111111,0.2142857142857143,0.0,1.0,0.0,0.7368421052631579,0.5,0.6666666666666667,1.0,0.6206896551724138,1.0,0.6896551724137931,0.0,0.0,1.0,0.0,1.0,0.0,0.0,0.0,0.0,1.0,0.0,0.0,0.0,1.0,0.0,0.0,0.0,1.0,0.0,0.0,0.0,0.0,0.0,0.0,1.0,0.0,0.0,1.0
0.380952380952381,0.10816618911174786,0.0,0.25,0.3333333333333333,0.7571428571428571,0.3333333333333333,0.0,1.0,0.16780118160801438,0.8311584019273238,0.1111111111111111,0.1428571428571428,0.0,1.0,0.3333333333333333,0.21052631578947367,0.5,0.6666666666666667,0.3333333333333333,0.3448275862068966,0.13333333333333333,0.20689655172413793,0.0,0.0,1.0,0.0,1.0,0.0,0.0,1.0,0.0,0.0,0.0,0.0,0.0,1.0,0.0,0.0,0.0,0.0,0.0,0.0,1.0,0.0,0.0,0.0,1.0,0.0,0.0,1.0
0.6428571428571428,0.6797994269340973,0.17857142857142855,0.5,1.0,0.38571428571428573,0.3333333333333333,0.5,1.0,0.5044952478808118,0.5920899417787593,0.6666666666666666,0.0714285714285714,0.0,1.0,0.0,0.8070175438596491,0.3333333333333333,0.6666666666666667,1.0,0.48275862068965514,1.0,0.5517241379310345,1.0,0.0,0.0,0.0,0.0,1.0,0.0,0.0,0.0,1.0,0.0,0.0,1.0,0.0,0.0,0.0,0.0,0.0,0.0,0.0,0.0,1.0,0.0,0.0,0.0,1.0,1.0,0.0
0.16666666666666669,0.14756446991404013,0.03571428571428571,0.5,0.6666666666666667,0.7428571428571429,0.6666666666666667,0.0,0.3333333333333333,0.07564860005137428,0.7051194539249147,0.4444444444444444,0.2142857142857143,0.0,0.6666666666666667,0.0,0.21052631578947367,0.5,0.6666666666666667,0.1111111111111111,0.0,0.13333333333333333,0.13793103448275862,0.0,0.0,1.0,1.0,0.0,0.0,1.0,0.0,0.0,0.0,0.0,0.0,1.0,0.0,0.0,1.0,0.0,0.0,0.0,0.0,0.0,0.0,0.0,0.0,1.0,0.0,1.0,0.0
0.4523809523809524,0.44770773638968475,0.0,0.75,0.0,0.7142857142857142,0.6666666666666667,0.5,1.0,0.8087593115848959,0.38478217225456735,0.2222222222222222,0.4999999999999999,0.0,0.0,0.6666666666666666,0.5263157894736842,0.3333333333333333,0.6666666666666667,0.2777777777777778,0.13793103448275862,0.0,0.13793103448275862,1.0,0.0,0.0,0.0,1.0,0.0,0.0,0.0,0.0,1.0,0.0,0.0,1.0,0.0,0.0,0.0,0.0,0.0,0.0,1.0,0.0,0.0,0.0,1.0,0.0,0.0,0.0,1.0
0.09523809523809518,0.8531518624641833,0.25,0.0,0.6666666666666667,0.7,0.6666666666666667,0.0,0.0,0.08919856152067815,0.5583216221642241,0.1111111111111111,0.4285714285714285,0.0,0.6666666666666667,0.0,0.03508771929824561,1.0,0.6666666666666667,0.05555555555555555,0.0,0.0,0.0,0.0,0.0,1.0,0.0,1.0,0.0,0.0,0.0,0.0,1.0,0.0,0.0,1.0,0.0,0.0,0.0,1.0,0.0,0.0,0.0,0.0,0.0,0.0,0.0,1.0,0.0,0.0,1.0
0.6428571428571428,0.653295128939828,0.14285714285714285,1.0,0.6666666666666667,0.28571428571428575,0.0,0.25,0.0,0.3056768558951965,0.8573780365388476,0.1111111111111111,0.2142857142857143,0.0,0.0,0.0,0.3508771929824561,0.5,0.6666666666666667,0.5555555555555556,0.48275862068965514,0.13333333333333333,0.27586206896551724,0.0,0.0,1.0,0.0,1.0,0.0,0.0,0.0,0.0,1.0,0.0,0.0,1.0,0.0,0.0,0.0,1.0,0.0,0.0,0.0,0.0,0.0,0.0,0.0,0.0,1.0,0.0,1.0
0.5714285714285714,0.13252148997134672,0.03571428571428571,0.5,1.0,0.14285714285714285,0.6666666666666667,0.5,1.0,0.5853454919085539,0.6632001606103192,0.2222222222222222,0.2142857142857143,0.0,0.6666666666666667,0.3333333333333333,0.8421052631578947,0.5,0.0,1.0,0.5517241379310345,1.0,0.6206896551724138,0.0,1.0,0.0,0.0,1.0,0.0,0.0,1.0,0.0,0.0,0.0,0.0,0.0,1.0,1.0,0.0,0.0,0.0,0.0,0.0,0.0,0.0,0.0,0.0,1.0,0.0,0.0,1.0
0.380952380952381,0.37679083094555876,0.9285714285714285,0.25,1.0,0.9285714285714286,0.6666666666666667,0.0,0.3333333333333333,0.08361161058309788,0.14523188114836377,0.2222222222222222,0.2857142857142857,0.0,1.0,0.0,0.3157894736842105,0.5,0.6666666666666667,0.16666666666666666,0.13793103448275862,0.13333333333333333,0.13793103448275862,0.0,0.0,1.0,0.0,1.0,0.0,0.0,0.0,0.0,1.0,0.0,0.0,1.0,0.0,0.0,0.0,0.0,0.0,0.0,0.0,1.0,0.0,0.0,0.0,0.0,1.0,1.0,0.0
0.380952380952381,0.04584527220630373,0.25,1.0,0.3333333333333333,0.02857142857142858,0.6666666666666667,0.25,0.0,0.2640637040842538,0.08403934952820719,0.3333333333333333,0.2142857142857143,0.0,0.6666666666666667,0.3333333333333333,0.24561403508771928,0.5,0.6666666666666667,0.0,0.0,0.0,0.0,0.0,0.0,1.0,0.0,1.0,0.0,0.0,1.0,0.0,0.0,0.0,0.0,1.0,0.0,0.0,0.0,0.0,0.0,1.0,0.0,0.0,0.0,0.0,1.0,0.0,0.0,1.0,0.0
0.7380952380952379,0.505730659025788,0.0,0.5,0.6666666666666667,0.08571428571428569,0.6666666666666667,0.75,0.6666666666666667,0.922810172103776,0.8146958442079903,0.4444444444444444,0.2142857142857143,0.0,0.0,0.0,0.8070175438596491,0.3333333333333333,0.6666666666666667,0.4444444444444444,0.48275862068965514,0.0,0.0,0.0,0.0,1.0,0.0,1.0,0.0,0.0,1.0,0.0,0.0,0.0,0.0,0.0,1.0,0.0,0.0,0.0,1.0,0.0,0.0,0.0,0.0,0.0,0.0,0.0,1.0,1.0,0.0
0.42857142857142855,0.8022922636103151,0.25,0.5,0.6666666666666667,0.4142857142857143,0.6666666666666667,0.5,0.6666666666666667,0.5835473927562291,0.24525195743826542,0.1111111111111111,0.1428571428571428,0.0,0.3333333333333333,1.0,0.5964912280701754,0.3333333333333333,0.6666666666666667,0.9444444444444444,0.9655172413793103,1.0,0.5517241379310345,0.0,0.0,1.0,0.0,1.0,0.0,0.0,0.0,0.0,0.0,0.0,1.0,1.0,0.0,1.0,0.0,0.0,0.0,0.0,0.0,0.0,0.0,0.0,1.0,0.0,0.0,1.0,0.0
0.2619047619047619,0.40257879656160456,0.5,0.5,0.6666666666666667,0.42857142857142855,0.6666666666666667,0.0,1.0,0.0854739275622913,0.8262999397711303,0.1111111111111111,0.5714285714285713,0.0,0.0,0.0,0.21052631578947367,0.16666666666666666,0.6666666666666667,0.3333333333333333,0.3448275862068966,0.13333333333333333,0.3448275862068966,0.0,0.0,1.0,0.0,1.0,0.0,0.0,1.0,0.0,0.0,0.0,0.0,0.0,1.0,0.0,0.0,0.0,0.0,0.0,0.0,1.0,0.0,0.0,0.0,0.0,1.0,1.0,0.0
0.21428571428571425,0.06876790830945559,0.17857142857142855,0.5,1.0,0.35714285714285715,0.3333333333333333,0.0,0.6666666666666667,0.09825327510917031,0.2351335073278458,0.1111111111111111,0.1428571428571428,0.0,0.6666666666666667,0.3333333333333333,0.14035087719298245,0.0,0.6666666666666667,0.2222222222222222,0.13793103448275862,0.26666666666666666,0.13793103448275862,0.0,0.0,1.0,0.0,1.0,0.0,0.0,1.0,0.0,0.0,0.0,0.0,0.0,1.0,0.0,0.0,0.0,0.0,0.0,0.0,1.0,0.0,0.0,0.0,1.0,0.0,1.0,0.0
0.42857142857142855,0.7951289398280802,0.03571428571428571,0.0,0.3333333333333333,0.9142857142857141,0.3333333333333333,0.25,1.0,0.18475468790136143,0.08548484240112428,0.1111111111111111,0.7142857142857143,1.0,1.0,0.0,0.3508771929824561,0.3333333333333333,0.3333333333333333,0.5555555555555556,0.06896551724137931,0.0,0.5517241379310345,0.0,1.0,0.0,1.0,0.0,0.0,1.0,0.0,0.0,0.0,0.0,0.0,0.0,1.0,0.0,1.0,0.0,0.0,0.0,0.0,0.0,0.0,0.0,0.0,0.0,1.0,1.0,0.0
0.4047619047619047,0.39899713467048714,0.2142857142857143,0.0,1.0,0.657142857142857,0.6666666666666667,0.0,0.6666666666666667,0.08958386848189057,0.5660710700662518,0.1111111111111111,0.1428571428571428,0.0,0.0,0.3333333333333333,0.03508771929824561,0.5,0.6666666666666667,0.05555555555555555,0.0,0.0,0.0,0.0,0.0,1.0,0.0,0.0,1.0,0.0,1.0,0.0,0.0,0.0,0.0,0.0,1.0,0.0,0.0,0.0,0.0,0.0,0.0,0.0,0.0,1.0,0.0,1.0,0.0,1.0,0.0
0.5952380952380951,0.1504297994269341,0.7142857142857143,0.5,1.0,0.4428571428571429,0.6666666666666667,0.0,1.0,0.0802080657590547,0.527765508933949,0.7777777777777777,0.6428571428571427,1.0,0.0,0.3333333333333333,0.2807017543859649,0.16666666666666666,0.6666666666666667,0.16666666666666666,0.13793103448275862,0.13333333333333333,0.13793103448275862,0.0,1.0,0.0,0.0,1.0,0.0,0.0,0.0,0.0,1.0,0.0,0.0,0.0,1.0,0.0,0.0,1.0,0.0,0.0,0.0,0.0,0.0,0.0,0.0,1.0,0.0,1.0,0.0
0.4047619047619047,0.6368194842406877,0.0,0.5,1.0,0.5428571428571429,0.3333333333333333,0.0,0.0,0.09253788851785255,0.7884762095964666,0.1111111111111111,0.5714285714285713,0.0,0.3333333333333333,0.0,0.10526315789473684,0.5,0.6666666666666667,0.16666666666666666,0.0,0.13333333333333333,0.13793103448275862,0.0,0.0,1.0,0.0,1.0,0.0,0.0,0.0,0.0,1.0,0.0,0.0,0.0,1.0,0.0,0.0,1.0,0.0,0.0,0.0,0.0,0.0,0.0,0.0,0.0,1.0,1.0,0.0
0.8333333333333333,0.015042979942693421,0.03571428571428571,0.5,0.6666666666666667,0.11428571428571427,0.3333333333333333,0.5,0.3333333333333333,0.4184433598767018,0.8609917687211404,0.2222222222222222,0.0714285714285714,0.0,0.0,0.3333333333333333,1.0,0.3333333333333333,0.6666666666666667,0.8333333333333333,0.48275862068965514,0.8,0.8275862068965517,0.0,1.0,0.0,0.0,0.0,1.0,0.0,0.0,1.0,0.0,0.0,0.0,1.0,0.0,0.0,0.0,0.0,0.0,0.0,0.0,0.0,1.0,0.0,0.0,1.0,0.0,1.0,0.0
0.3095238095238095,0.30229226361031514,0.17857142857142855,0.75,0.0,0.5142857142857142,1.0,0.25,1.0,0.28583354739275624,0.16562939168841598,0.4444444444444444,0.7857142857142857,1.0,1.0,0.6666666666666666,0.45614035087719296,0.6666666666666666,1.0,0.38888888888888884,0.48275862068965514,0.6666666666666666,0.48275862068965514,0.0,0.0,1.0,0.0,0.0,1.0,0.0,0.0,0.0,1.0,0.0,0.0,0.0,1.0,0.0,0.0,0.0,0.0,0.0,0.0,0.0,1.0,0.0,1.0,0.0,0.0,1.0,0.0
0.7619047619047619,0.16475644699140402,0.75,1.0,0.6666666666666667,0.8285714285714285,0.0,0.75,1.0,0.8606473156948369,0.8976510740815097,0.1111111111111111,0.1428571428571428,0.0,1.0,0.0,1.0,0.3333333333333333,0.6666666666666667,1.0,0.41379310344827586,1.0,0.6206896551724138,0.0,1.0,0.0,0.0,1.0,0.0,0.0,0.0,0.0,1.0,0.0,0.0,0.0,1.0,0.0,0.0,0.0,0.0,0.0,1.0,0.0,0.0,0.0,0.0,0.0,1.0,0.0,1.0
0.16666666666666669,0.6060171919770774,0.0,0.5,0.0,0.7285714285714284,0.6666666666666667,0.0,1.0,0.14256357564860006,0.11306966472595864,0.4444444444444444,0.0,0.0,0.3333333333333333,0.3333333333333333,0.24561403508771928,0.3333333333333333,0.3333333333333333,0.16666666666666666,0.13793103448275862,0.0,0.13793103448275862,0.0,0.0,1.0,0.0,1.0,0.0,0.0,0.0,0.0,0.0,0.0,1.0,0.0,1.0,0.0,0.0,1.0,0.0,0.0,0.0,0.0,0.0,0.0,0.0,1.0,0.0,1.0,0.0
0.49999999999999994,0.36532951289398286,0.17857142857142855,0.0,1.0,0.17142857142857143,0.3333333333333333,0.5,0.0,0.5768045209350114,0.7774744027303754,0.4444444444444444,0.2857142857142857,0.0,0.0,0.3333333333333333,0.3157894736842105,0.8333333333333333,0.6666666666666667,0.38888888888888884,0.48275862068965514,0.13333333333333333,0.48275862068965514,0.0,0.0,1.0,0.0,1.0,0.0,0.0,0.0,0.0,1.0,0.0,0.0,0.0,1.0,1.0,0.0,0.0,0.0,0.0,0.0,0.0,0.0,0.0,0.0,1.0,0.0,1.0,0.0
0.380952380952381,0.22636103151862466,0.2142857142857143,0.75,0.0,0.32857142857142857,0.6666666666666667,0.5,0.3333333333333333,0.7054328281530953,0.770889379642642,0.0,0.0,0.0,0.6666666666666667,0.0,0.45614035087719296,0.6666666666666666,0.6666666666666667,0.6666666666666666,0.41379310344827586,0.26666666666666666,0.7586206896551724,0.0,0.0,1.0,0.0,1.0,0.0,0.0,1.0,0.0,0.0,0.0,0.0,1.0,0.0,0.0,0.0,0.0,0.0,0.0,1.0,0.0,0.0,0.0,0.0,0.0,1.0,1.0,0.0
0.4047619047619047,0.6067335243553008,0.2142857142857143,0.5,0.6666666666666667,0.4142857142857143,0.6666666666666667,0.5,0.6666666666666667,0.5915746211148214,0.6735595261995583,0.3333333333333333,0.7142857142857143,1.0,0.3333333333333333,0.0,0.5964912280701754,0.5,1.0,0.4444444444444444,0.3448275862068966,0.13333333333333333,0.41379310344827586,0.0,0.0,1.0,0.0,1.0,0.0,0.0,0.0,0.0,0.0,1.0,0.0,0.0,1.0,0.0,0.0,0.0,0.0,1.0,0.0,0.0,0.0,0.0,0.0,0.0,1.0,1.0,0.0
0.047619047619047616,0.502865329512894,0.07142857142857142,0.5,0.0,0.8142857142857143,0.3333333333333333,0.0,0.6666666666666667,0.12997688158232726,0.4309977916081108,0.1111111111111111,0.0714285714285714,0.0,0.0,0.0,0.07017543859649122,0.3333333333333333,0.3333333333333333,0.1111111111111111,0.13793103448275862,0.13333333333333333,0.13793103448275862,0.0,0.0,1.0,0.0,1.0,0.0,0.0,1.0,0.0,0.0,0.0,0.0,0.0,1.0,0.0,0.0,1.0,0.0,0.0,0.0,0.0,0.0,0.0,0.0,0.0,1.0,1.0,0.0
0.21428571428571425,0.34957020057306587,0.03571428571428571,0.0,0.0,0.14285714285714285,0.6666666666666667,0.0,0.3333333333333333,0.1579116362702286,0.5837382051796828,1.0,0.0714285714285714,0.0,1.0,0.3333333333333333,0.21052631578947367,0.5,0.6666666666666667,0.1111111111111111,0.13793103448275862,0.26666666666666666,0.13793103448275862,0.0,0.0,1.0,0.0,1.0,0.0,0.0,0.0,0.0,1.0,0.0,0.0,0.0,1.0,0.0,0.0,1.0,0.0,0.0,0.0,0.0,0.0,0.0,0.0,1.0,0.0,1.0,0.0
0.21428571428571425,0.9126074498567335,0.03571428571428571,0.5,1.0,0.6285714285714286,0.6666666666666667,0.25,0.6666666666666667,0.22277164140765476,0.12640032122063843,0.1111111111111111,0.0,0.0,0.0,0.0,0.17543859649122806,0.5,0.6666666666666667,0.2777777777777778,0.27586206896551724,0.0,0.27586206896551724,0.0,0.0,1.0,0.0,0.0,1.0,0.0,1.0,0.0,0.0,0.0,0.0,0.0,1.0,0.0,0.0,0.0,0.0,0.0,0.0,0.0,1.0,0.0,0.0,0.0,1.0,0.0,1.0
0.8095238095238095,0.6805157593123209,0.0,0.25,1.0,0.5714285714285714,0.6666666666666667,0.75,1.0,1.0,0.47119052399116645,0.2222222222222222,0.2857142857142857,0.0,0.3333333333333333,0.3333333333333333,0.9122807017543859,0.3333333333333333,0.3333333333333333,0.5,0.5517241379310345,0.9333333333333333,0.5517241379310345,0.0,0.0,1.0,0.0,1.0,0.0,0.0,1.0,0.0,0.0,0.0,0.0,0.0,1.0,0.0,0.0,0.0,1.0,0.0,0.0,0.0,0.0,0.0,0.0,1.0,0.0,1.0,0.0
0.3333333333333333,0.009312320916905453,0.42857142857142855,0.5,0.6666666666666667,0.6714285714285713,0.3333333333333333,0.0,0.3333333333333333,0.11135371179039302,0.2102790604296326,0.1111111111111111,0.6428571428571427,1.0,0.6666666666666667,0.3333333333333333,0.07017543859649122,0.3333333333333333,0.6666666666666667,0.1111111111111111,0.13793103448275862,0.26666666666666666,0.13793103448275862,0.0,1.0,0.0,0.0,1.0,0.0,0.0,0.0,0.0,0.0,1.0,0.0,1.0,0.0,0.0,0.0,1.0,0.0,0.0,0.0,0.0,0.0,0.0,0.0,1.0,0.0,1.0,0.0
0.7619047619047619,0.7134670487106016,0.9999999999999999,0.75,0.3333333333333333,0.8285714285714285,0.3333333333333333,0.75,0.6666666666666667,1.0,0.289901626179482,0.0,0.2857142857142857,0.0,0.3333333333333333,0.3333333333333333,0.9824561403508771,0.3333333333333333,0.6666666666666667,1.0,0.6896551724137931,1.0,0.48275862068965514,0.0,0.0,1.0,0.0,1.0,0.0,0.0,1.0,0.0,0.0,0.0,0.0,0.0,1.0,0.0,0.0,0.0,1.0,0.0,0.0,0.0,0.0,0.0,0.0,1.0,0.0,1.0,0.0
0.7380952380952379,0.38180515759312317,0.3214285714285714,0.75,0.6666666666666667,0.07142857142857145,0.6666666666666667,1.0,0.0,1.0,0.9435856253764304,1.0,0.0,0.0,1.0,0.0,0.7719298245614035,0.6666666666666666,0.6666666666666667,0.16666666666666666,0.13793103448275862,0.13333333333333333,0.13793103448275862,0.0,1.0,0.0,0.0,1.0,0.0,0.0,1.0,0.0,0.0,0.0,0.0,1.0,0.0,0.0,0.0,0.0,0.0,0.0,1.0,0.0,0.0,0.0,0.0,0.0,1.0,0.0,1.0
0.3333333333333333,0.1941260744985673,0.8571428571428571,0.75,0.0,0.8142857142857143,0.6666666666666667,0.0,1.0,0.11469303878756743,0.6393093756273841,0.1111111111111111,0.9285714285714285,1.0,0.6666666666666667,0.0,0.03508771929824561,0.3333333333333333,0.0,0.05555555555555555,0.0,0.0,0.06896551724137931,0.0,0.0,1.0,0.0,1.0,0.0,0.0,1.0,0.0,0.0,0.0,0.0,0.0,1.0,0.0,0.0,1.0,0.0,0.0,0.0,0.0,0.0,0.0,0.0,0.0,1.0,0.0,1.0
0.380952380952381,0.022922636103151872,0.6428571428571428,0.5,0.6666666666666667,0.2285714285714286,0.6666666666666667,0.25,0.3333333333333333,0.22058823529411764,0.8207187311784782,0.4444444444444444,0.1428571428571428,0.0,0.6666666666666667,0.6666666666666666,0.5263157894736842,0.3333333333333333,1.0,0.611111111111111,0.5517241379310345,0.6666666666666666,0.6896551724137931,0.0,1.0,0.0,0.0,1.0,0.0,0.0,0.0,0.0,1.0,0.0,0.0,1.0,0.0,0.0,0.0,1.0,0.0,0.0,0.0,0.0,0.0,0.0,1.0,0.0,0.0,1.0,0.0
0.42857142857142855,0.586676217765043,0.07142857142857142,0.25,0.0,0.12857142857142861,0.6666666666666667,0.0,1.0,0.11726175186231699,0.018751254768118855,0.5555555555555556,0.7857142857142857,1.0,0.0,0.3333333333333333,0.24561403508771928,0.3333333333333333,0.6666666666666667,0.05555555555555555,0.0,0.0,0.0,0.0,0.0,1.0,0.0,1.0,0.0,0.0,1.0,0.0,0.0,0.0,0.0,1.0,0.0,0.0,0.0,1.0,0.0,0.0,0.0,0.0,0.0,0.0,1.0,0.0,0.0,1.0,0.0
0.8095238095238095,0.6382521489971347,0.2142857142857143,0.75,0.3333333333333333,0.8142857142857143,0.6666666666666667,0.5,0.3333333333333333,0.605959414333419,0.5311383256374222,0.7777777777777777,0.5714285714285713,0.0,1.0,0.0,0.631578947368421,0.6666666666666666,0.6666666666666667,0.4444444444444444,0.41379310344827586,0.5333333333333333,0.0,0.0,0.0,1.0,0.0,1.0,0.0,0.0,1.0,0.0,0.0,0.0,0.0,0.0,1.0,1.0,0.0,0.0,0.0,0.0,0.0,0.0,0.0,0.0,0.0,0.0,1.0,1.0,0.0
0.28571428571428564,0.9484240687679082,0.03571428571428571,0.0,0.3333333333333333,0.07142857142857145,0.3333333333333333,0.0,1.0,0.10987670177241202,0.3641035936558924,0.0,0.1428571428571428,0.0,1.0,0.0,0.21052631578947367,0.5,0.6666666666666667,0.2777777777777778,0.20689655172413793,0.13333333333333333,0.13793103448275862,0.0,0.0,1.0,0.0,1.0,0.0,0.0,0.0,0.0,1.0,0.0,0.0,0.0,1.0,0.0,0.0,1.0,0.0,0.0,0.0,0.0,0.0,0.0,0.0,0.0,1.0,1.0,0.0
0.9523809523809523,0.17693409742120345,0.03571428571428571,0.5,0.3333333333333333,0.31428571428571433,0.6666666666666667,0.75,0.3333333333333333,0.9813768302080659,0.822445292110018,0.4444444444444444,0.7857142857142857,1.0,1.0,0.3333333333333333,1.0,0.0,0.3333333333333333,0.8888888888888888,0.6206896551724138,1.0,0.9655172413793103,1.0,0.0,0.0,0.0,0.0,1.0,0.0,0.0,0.0,1.0,0.0,0.0,0.0,1.0,0.0,0.0,0.0,1.0,0.0,0.0,0.0,0.0,0.0,1.0,0.0,0.0,1.0,0.0
0.5714285714285714,0.33452722063037243,0.25,0.5,0.3333333333333333,0.5142857142857142,0.6666666666666667,1.0,1.0,1.0,0.5673961051997591,0.1111111111111111,0.1428571428571428,0.0,0.3333333333333333,0.3333333333333333,0.8421052631578947,0.6666666666666666,0.3333333333333333,1.0,0.48275862068965514,1.0,0.6206896551724138,0.0,1.0,0.0,0.0,1.0,0.0,0.0,1.0,0.0,0.0,0.0,0.0,0.0,1.0,0.0,0.0,0.0,1.0,0.0,0.0,0.0,0.0,0.0,1.0,0.0,0.0,1.0,0.0
0.7380952380952379,0.8667621776504297,0.35714285714285715,0.75,1.0,0.7142857142857142,0.6666666666666667,0.25,1.0,0.2246339583868482,0.2448102790604296,0.3333333333333333,0.0714285714285714,0.0,0.6666666666666667,0.0,0.2807017543859649,0.16666666666666666,1.0,0.2777777777777778,0.06896551724137931,0.0,0.27586206896551724,0.0,0.0,1.0,0.0,0.0,1.0,0.0,0.0,1.0,0.0,0.0,0.0,1.0,0.0,0.0,0.0,0.0,0.0,0.0,0.0,0.0,1.0,0.0,0.0,0.0,1.0,1.0,0.0
0.5952380952380951,0.22349570200573068,0.8571428571428571,0.5,0.6666666666666667,0.7,0.3333333333333333,0.5,1.0,0.6286283072180838,0.12744428829552298,0.5555555555555556,0.1428571428571428,0.0,0.6666666666666667,0.3333333333333333,0.631578947368421,0.8333333333333333,0.6666666666666667,0.05555555555555555,0.0,0.0,0.0,0.0,0.0,1.0,0.0,0.0,1.0,0.0,0.0,0.0,1.0,0.0,0.0,0.0,1.0,0.0,0.0,0.0,0.0,0.0,0.0,0.0,1.0,0.0,1.0,0.0,0.0,1.0,0.0
0.5238095238095237,0.568051575931232,0.03571428571428571,0.5,0.6666666666666667,0.5428571428571429,0.6666666666666667,0.0,0.6666666666666667,0.085795016696635,0.23894800240915479,0.2222222222222222,0.2142857142857143,0.0,0.6666666666666667,0.3333333333333333,0.2807017543859649,0.5,1.0,0.16666666666666666,0.06896551724137931,0.13333333333333333,0.13793103448275862,0.0,0.0,1.0,0.0,1.0,0.0,0.0,0.0,0.0,1.0,0.0,0.0,0.0,1.0,0.0,0.0,0.0,0.0,0.0,0.0,1.0,0.0,0.0,1.0,0.0,0.0,1.0,0.0
0.8809523809523809,0.24999999999999997,0.0,0.5,1.0,0.7285714285714284,0.6666666666666667,1.0,0.0,1.0,0.6763300542059827,0.0,0.2142857142857143,0.0,0.6666666666666667,0.0,1.0,0.3333333333333333,0.6666666666666667,1.0,0.6896551724137931,0.5333333333333333,0.896551724137931,0.0,0.0,1.0,0.0,1.0,0.0,0.0,0.0,0.0,1.0,0.0,0.0,0.0,1.0,0.0,0.0,0.0,1.0,0.0,0.0,0.0,0.0,0.0,0.0,0.0,1.0,0.0,1.0
0.3333333333333333,0.8653295128939827,0.2142857142857143,0.5,0.3333333333333333,1.0,1.0,0.0,0.3333333333333333,0.11462882096069868,0.9623770327243525,0.1111111111111111,0.6428571428571427,1.0,0.6666666666666667,0.0,0.17543859649122806,0.5,0.0,0.2777777777777778,0.06896551724137931,0.0,0.20689655172413793,0.0,1.0,0.0,0.0,1.0,0.0,0.0,1.0,0.0,0.0,0.0,0.0,0.0,1.0,0.0,0.0,1.0,0.0,0.0,0.0,0.0,0.0,0.0,0.0,1.0,0.0,1.0,0.0
0.8809523809523809,0.24426934097421202,0.03571428571428571,0.0,0.6666666666666667,0.14285714285714285,0.3333333333333333,0.75,0.0,1.0,0.6114836378237302,0.7777777777777777,0.2857142857142857,0.0,0.3333333333333333,0.0,1.0,0.5,1.0,0.5,0.48275862068965514,0.8,0.13793103448275862,1.0,0.0,0.0,0.0,1.0,0.0,0.0,0.0,0.0,1.0,0.0,0.0,0.0,1.0,0.0,0.0,0.0,1.0,0.0,0.0,0.0,0.0,0.0,0.0,0.0,1.0,1.0,0.0
0.3095238095238095,0.06375358166189113,0.03571428571428571,0.75,0.6666666666666667,0.02857142857142858,0.6666666666666667,0.0,1.0,0.10827125610069355,0.22698253362778556,0.0,0.4999999999999999,0.0,0.3333333333333333,0.3333333333333333,0.10526315789473684,0.3333333333333333,0.0,0.1111111111111111,0.13793103448275862,0.26666666666666666,0.13793103448275862,0.0,0.0,1.0,0.0,1.0,0.0,0.0,1.0,0.0,0.0,0.0,0.0,0.0,1.0,0.0,0.0,0.0,0.0,0.0,0.0,1.0,0.0,0.0,1.0,0.0,0.0,0.0,1.0
0.5952380952380951,0.6353868194842407,0.9285714285714285,0.5,1.0,0.8142857142857143,1.0,0.0,0.3333333333333333,0.24833033650141279,0.15101385264003211,0.5555555555555556,0.0714285714285714,0.0,0.6666666666666667,0.3333333333333333,0.2807017543859649,0.0,0.6666666666666667,0.3333333333333333,0.27586206896551724,0.0,0.13793103448275862,0.0,0.0,1.0,0.0,1.0,0.0,0.0,0.0,0.0,0.0,0.0,1.0,0.0,1.0,0.0,0.0,1.0,0.0,0.0,0.0,0.0,0.0,0.0,1.0,0.0,0.0,1.0,0.0
0.380952380952381,0.2156160458452722,0.03571428571428571,0.75,0.6666666666666667,0.9714285714285713,0.6666666666666667,0.25,1.0,0.3646288209606987,0.16338084721943383,0.1111111111111111,0.0,0.0,1.0,0.0,0.49122807017543857,0.3333333333333333,1.0,0.7777777777777777,0.7586206896551724,0.5333333333333333,0.7586206896551724,0.0,0.0,1.0,0.0,1.0,0.0,0.0,0.0,0.0,0.0,0.0,1.0,1.0,0.0,1.0,0.0,0.0,0.0,0.0,0.0,0.0,0.0,0.0,0.0,0.0,1.0,1.0,0.0
0.5238095238095237,0.5021489971346704,0.03571428571428571,0.0,1.0,0.7999999999999998,0.3333333333333333,0.0,1.0,0.08560236321602877,0.8365790002007629,0.0,0.6428571428571427,1.0,1.0,0.0,0.17543859649122806,0.3333333333333333,0.3333333333333333,0.2222222222222222,0.13793103448275862,0.26666666666666666,0.20689655172413793,0.0,0.0,1.0,0.0,1.0,0.0,0.0,0.0,0.0,1.0,0.0,0.0,1.0,0.0,0.0,0.0,0.0,0.0,0.0,0.0,1.0,0.0,0.0,0.0,0.0,1.0,0.0,1.0
0.5714285714285714,0.166189111747851,0.7857142857142857,0.25,1.0,0.10000000000000003,0.3333333333333333,0.25,0.6666666666666667,0.21339583868481893,0.5106203573579603,0.1111111111111111,0.0714285714285714,0.0,1.0,0.0,0.7017543859649122,0.3333333333333333,0.6666666666666667,1.0,0.6206896551724138,0.4,0.48275862068965514,1.0,0.0,0.0,0.0,1.0,0.0,0.0,1.0,0.0,0.0,0.0,0.0,0.0,1.0,0.0,0.0,0.0,0.0,0.0,0.0,1.0,0.0,0.0,0.0,0.0,1.0,1.0,0.0
0.23809523809523808,0.3416905444126075,0.9285714285714285,0.5,0.3333333333333333,0.12857142857142861,0.0,0.25,0.0,0.2483945543282815,0.7374422806665328,0.0,0.7142857142857143,1.0,0.3333333333333333,0.3333333333333333,0.21052631578947367,0.8333333333333333,0.3333333333333333,0.2777777777777778,0.20689655172413793,0.0,0.0,0.0,0.0,1.0,0.0,1.0,0.0,0.0,0.0,0.0,1.0,0.0,0.0,1.0,0.0,0.0,0.0,0.0,0.0,1.0,0.0,0.0,0.0,0.0,1.0,0.0,0.0,1.0,0.0
0.5238095238095237,0.4419770773638968,0.5357142857142857,0.75,0.0,0.3,0.3333333333333333,0.25,0.6666666666666667,0.26232982275879785,0.3970688616743625,0.6666666666666666,0.2142857142857143,0.0,1.0,0.0,0.3508771929824561,1.0,0.6666666666666667,0.05555555555555555,0.0,0.0,0.0,0.0,1.0,0.0,0.0,1.0,0.0,0.0,0.0,0.0,1.0,0.0,0.0,0.0,1.0,0.0,0.0,1.0,0.0,0.0,0.0,0.0,0.0,0.0,0.0,0.0,1.0,1.0,0.0
0.4047619047619047,0.8882521489971347,0.9285714285714285,0.0,0.6666666666666667,0.32857142857142857,0.3333333333333333,0.0,0.0,0.09953763164654508,0.6327243525396506,0.1111111111111111,0.0,0.0,1.0,0.0,0.21052631578947367,0.5,0.3333333333333333,0.3333333333333333,0.3448275862068966,0.13333333333333333,0.06896551724137931,0.0,0.0,1.0,0.0,1.0,0.0,0.0,0.0,0.0,1.0,0.0,0.0,1.0,0.0,0.0,0.0,0.0,0.0,0.0,0.0,1.0,0.0,0.0,0.0,0.0,1.0,1.0,0.0
0.3333333333333333,0.7063037249283667,0.2142857142857143,0.25,1.0,0.7,0.6666666666666667,0.25,0.6666666666666667,0.24877986128949398,0.8332061834972897,0.1111111111111111,0.4999999999999999,0.0,0.0,0.3333333333333333,0.3508771929824561,0.5,0.6666666666666667,0.5555555555555556,0.27586206896551724,0.13333333333333333,0.06896551724137931,0.0,0.0,1.0,0.0,1.0,0.0,0.0,1.0,0.0,0.0,0.0,0.0,0.0,1.0,0.0,0.0,1.0,0.0,0.0,0.0,0.0,0.0,0.0,0.0,1.0,0.0,1.0,0.0
0.380952380952381,0.7521489971346704,0.0,0.25,0.0,0.9142857142857141,0.6666666666666667,0.25,0.3333333333333333,0.21294631389673774,0.6280666532824734,0.1111111111111111,0.2857142857142857,0.0,0.6666666666666667,0.0,0.17543859649122806,0.3333333333333333,0.6666666666666667,0.2777777777777778,0.13793103448275862,0.13333333333333333,0.20689655172413793,0.0,0.0,1.0,0.0,1.0,0.0,0.0,0.0,0.0,1.0,0.0,0.0,0.0,1.0,0.0,0.0,0.0,0.0,1.0,0.0,0.0,0.0,0.0,0.0,1.0,0.0,1.0,0.0
0.4047619047619047,0.0007163323782235081,0.03571428571428571,0.5,0.0,0.5571428571428572,0.6666666666666667,0.0,0.0,0.06839198561520679,0.9847420196747642,0.1111111111111111,0.0714285714285714,0.0,1.0,0.3333333333333333,0.03508771929824561,0.3333333333333333,0.6666666666666667,0.05555555555555555,0.0,0.0,0.0,0.0,0.0,1.0,0.0,1.0,0.0,0.0,1.0,0.0,0.0,0.0,0.0,1.0,0.0,0.0,0.0,1.0,0.0,0.0,0.0,0.0,0.0,0.0,1.0,0.0,0.0,0.0,1.0
0.047619047619047616,0.7435530085959885,0.03571428571428571,0.5,0.6666666666666667,0.01428571428571429,0.6666666666666667,0.0,0.6666666666666667,0.11392242486514256,0.44798233286488653,0.1111111111111111,0.5714285714285713,0.0,0.0,0.0,0.07017543859649122,0.5,0.6666666666666667,0.1111111111111111,0.13793103448275862,0.26666666666666666,0.13793103448275862,0.0,0.0,1.0,0.0,0.0,1.0,0.0,0.0,0.0,1.0,0.0,0.0,1.0,0.0,0.0,0.0,0.0,0.0,0.0,0.0,0.0,0.0,1.0,0.0,0.0,1.0,1.0,0.0
0.8095238095238095,0.9935530085959885,0.10714285714285714,0.25,1.0,0.0,0.6666666666666667,0.75,1.0,0.9983303365014129,0.3298935956635214,0.2222222222222222,0.1428571428571428,0.0,1.0,0.0,1.0,0.3333333333333333,0.0,0.2777777777777778,0.13793103448275862,0.13333333333333333,0.27586206896551724,0.0,0.0,1.0,0.0,1.0,0.0,0.0,1.0,0.0,0.0,0.0,0.0,1.0,0.0,0.0,0.0,0.0,1.0,0.0,0.0,0.0,0.0,0.0,0.0,1.0,0.0,1.0,0.0
0.7380952380952379,0.12034383954154729,0.07142857142857142,0.25,0.6666666666666667,0.18571428571428567,0.3333333333333333,0.25,0.0,0.24274338556383251,0.8422405139530215,0.4444444444444444,0.9999999999999999,1.0,0.0,0.3333333333333333,0.3508771929824561,0.5,0.6666666666666667,0.16666666666666666,0.13793103448275862,0.13333333333333333,0.13793103448275862,0.0,0.0,1.0,0.0,1.0,0.0,0.0,0.0,0.0,1.0,0.0,0.0,1.0,0.0,0.0,0.0,1.0,0.0,0.0,0.0,0.0,0.0,0.0,0.0,1.0,0.0,1.0,0.0
0.6190476190476188,0.6289398280802292,0.14285714285714285,0.5,0.6666666666666667,0.857142857142857,0.3333333333333333,0.0,0.6666666666666667,0.13826098124839456,0.2360570166633206,0.3333333333333333,0.2142857142857143,0.0,1.0,0.0,0.24561403508771928,0.8333333333333333,0.6666666666666667,0.2777777777777778,0.13793103448275862,0.0,0.20689655172413793,1.0,0.0,0.0,0.0,1.0,0.0,0.0,1.0,0.0,0.0,0.0,0.0,0.0,1.0,0.0,0.0,1.0,0.0,0.0,0.0,0.0,0.0,0.0,0.0,0.0,1.0,1.0,0.0
0.42857142857142855,0.8065902578796561,0.25,0.75,0.0,0.7714285714285714,0.6666666666666667,0.25,1.0,0.26136655535576675,0.9579602489459947,0.4444444444444444,0.1428571428571428,0.0,1.0,0.6666666666666666,0.42105263157894735,0.5,0.6666666666666667,0.38888888888888884,0.48275862068965514,0.0,0.48275862068965514,1.0,0.0,0.0,0.0,0.0,1.0,0.0,0.0,0.0,0.0,0.0,1.0,0.0,1.0,0.0,0.0,0.0,0.0,0.0,0.0,0.0,1.0,0.0,1.0,0.0,0.0,1.0,0.0
0.3333333333333333,0.3803724928366762,0.14285714285714285,0.75,0.3333333333333333,0.07142857142857145,1.0,0.0,1.0,0.14789365527870538,0.6701064043364786,0.3333333333333333,0.4285714285714285,0.0,1.0,0.6666666666666666,0.21052631578947367,0.5,0.6666666666666667,0.16666666666666666,0.13793103448275862,0.0,0.13793103448275862,0.0,0.0,1.0,0.0,1.0,0.0,0.0,0.0,0.0,0.0,1.0,0.0,1.0,0.0,0.0,0.0,0.0,0.0,0.0,0.0,1.0,0.0,0.0,0.0,1.0,0.0,1.0,0.0
0.09523809523809518,0.3424068767908309,0.0,0.25,1.0,0.4714285714285715,0.6666666666666667,0.0,0.6666666666666667,0.15193937837143592,0.6235695643445092,0.0,0.0714285714285714,0.0,1.0,0.0,0.14035087719298245,0.3333333333333333,1.0,0.16666666666666666,0.13793103448275862,0.13333333333333333,0.13793103448275862,0.0,0.0,1.0,0.0,1.0,0.0,0.0,1.0,0.0,0.0,0.0,0.0,0.0,1.0,0.0,0.0,0.0,0.0,0.0,0.0,1.0,0.0,0.0,0.0,0.0,1.0,1.0,0.0
0.4523809523809524,0.18911174785100285,0.8571428571428571,0.25,0.6666666666666667,0.31428571428571433,0.3333333333333333,0.25,1.0,0.30323657847418445,0.6053804456936358,0.7777777777777777,0.1428571428571428,0.0,0.6666666666666667,0.6666666666666666,0.3157894736842105,0.3333333333333333,0.6666666666666667,0.3333333333333333,0.13793103448275862,0.13333333333333333,0.20689655172413793,0.0,0.0,1.0,0.0,1.0,0.0,0.0,0.0,0.0,1.0,0.0,0.0,1.0,0.0,1.0,0.0,0.0,0.0,0.0,0.0,0.0,0.0,0.0,1.0,0.0,0.0,1.0,0.0
0.28571428571428564,0.7256446991404011,0.03571428571428571,0.5,0.6666666666666667,0.2714285714285714,0.6666666666666667,0.0,1.0,0.09985872078088878,0.20425617345914474,0.0,0.2142857142857143,0.0,0.6666666666666667,0.0,0.42105263157894735,0.3333333333333333,0.3333333333333333,0.611111111111111,0.48275862068965514,0.8,0.48275862068965514,1.0,0.0,0.0,0.0,1.0,0.0,0.0,0.0,0.0,1.0,0.0,0.0,1.0,0.0,0.0,0.0,1.0,0.0,0.0,0.0,0.0,0.0,0.0,0.0,0.0,1.0,1.0,0.0
0.35714285714285715,0.3481375358166189,0.9642857142857143,0.75,0.3333333333333333,0.7,0.6666666666666667,0.25,0.6666666666666667,0.26958643719496533,0.8373820517968279,0.1111111111111111,0.0714285714285714,0.0,0.3333333333333333,0.3333333333333333,0.5263157894736842,0.5,0.6666666666666667,0.8333333333333333,0.9655172413793103,0.6666666666666666,0.48275862068965514,0.0,0.0,1.0,0.0,1.0,0.0,0.0,1.0,0.0,0.0,0.0,0.0,0.0,1.0,0.0,0.0,1.0,0.0,0.0,0.0,0.0,0.0,0.0,0.0,1.0,0.0,0.0,1.0
0.5476190476190477,0.167621776504298,0.25,0.5,0.6666666666666667,0.3428571428571428,0.6666666666666667,0.25,0.3333333333333333,0.21731312612381198,0.9936558923910862,0.5555555555555556,0.7142857142857143,1.0,0.6666666666666667,0.3333333333333333,0.49122807017543857,0.5,0.6666666666666667,0.2777777777777778,0.27586206896551724,0.13333333333333333,0.27586206896551724,0.0,0.0,1.0,0.0,0.0,1.0,0.0,0.0,1.0,0.0,0.0,0.0,1.0,0.0,0.0,0.0,0.0,0.0,0.0,0.0,0.0,1.0,0.0,0.0,1.0,0.0,1.0,0.0
0.5476190476190477,0.3431232091690545,0.9642857142857143,0.75,0.0,0.42857142857142855,0.3333333333333333,0.75,0.3333333333333333,0.8066401232982277,0.14238104798233286,0.0,0.8571428571428571,1.0,0.6666666666666667,0.3333333333333333,0.7368421052631579,0.5,0.6666666666666667,1.0,0.48275862068965514,0.0,0.6896551724137931,0.0,0.0,1.0,0.0,1.0,0.0,0.0,1.0,0.0,0.0,0.0,0.0,1.0,0.0,0.0,0.0,0.0,0.0,1.0,0.0,0.0,0.0,0.0,0.0,1.0,0.0,1.0,0.0
0.2619047619047619,0.2772206303724928,0.3214285714285714,0.5,1.0,0.4428571428571429,0.6666666666666667,0.0,0.3333333333333333,0.14654508091446186,0.6362577795623369,0.0,0.2142857142857143,0.0,1.0,0.6666666666666666,0.2807017543859649,0.3333333333333333,0.3333333333333333,0.38888888888888884,0.3448275862068966,0.13333333333333333,0.06896551724137931,0.0,1.0,0.0,0.0,1.0,0.0,0.0,1.0,0.0,0.0,0.0,0.0,1.0,0.0,0.0,0.0,0.0,0.0,0.0,0.0,1.0,0.0,0.0,1.0,0.0,0.0,1.0,0.0
0.7857142857142856,0.7700573065902578,0.4642857142857143,0.25,0.6666666666666667,0.8142857142857143,0.6666666666666667,0.25,1.0,0.2521834061135371,0.5126681389279262,0.4444444444444444,0.0,0.0,0.6666666666666667,0.3333333333333333,0.631578947368421,0.3333333333333333,0.3333333333333333,0.38888888888888884,0.48275862068965514,0.0,0.48275862068965514,0.0,0.0,1.0,0.0,0.0,1.0,0.0,1.0,0.0,0.0,0.0,0.0,1.0,0.0,0.0,0.0,0.0,0.0,0.0,0.0,0.0,1.0,0.0,0.0,1.0,0.0,1.0,0.0
0.8333333333333333,0.7628939828080229,0.8214285714285714,0.75,0.0,0.5142857142857142,0.6666666666666667,0.5,0.0,0.6061520678140251,0.15053202168239307,0.6666666666666666,0.1428571428571428,0.0,0.3333333333333333,0.0,0.5263157894736842,0.3333333333333333,0.3333333333333333,0.1111111111111111,0.13793103448275862,0.26666666666666666,0.13793103448275862,0.0,0.0,1.0,0.0,0.0,1.0,0.0,1.0,0.0,0.0,0.0,0.0,0.0,1.0,0.0,0.0,0.0,0.0,0.0,0.0,0.0,1.0,0.0,0.0,0.0,1.0,0.0,1.0
0.5952380952380951,0.05300859598853869,0.25,0.5,0.0,0.35714285714285715,0.6666666666666667,0.25,0.3333333333333333,0.2412021577189828,0.8721140333266412,0.4444444444444444,0.7142857142857143,1.0,0.6666666666666667,0.3333333333333333,0.14035087719298245,0.3333333333333333,1.0,0.05555555555555555,0.0,0.0,0.0,0.0,0.0,1.0,0.0,1.0,0.0,0.0,1.0,0.0,0.0,0.0,0.0,1.0,0.0,0.0,0.0,0.0,0.0,1.0,0.0,0.0,0.0,0.0,1.0,0.0,0.0,1.0,0.0
0.2619047619047619,0.46060171919770765,0.8214285714285714,0.5,0.6666666666666667,0.21428571428571425,1.0,0.0,0.0,0.005265861803236585,0.3432242521582012,0.1111111111111111,0.4285714285714285,0.0,1.0,0.0,0.03508771929824561,0.5,0.6666666666666667,0.05555555555555555,0.0,0.0,0.0,0.0,1.0,0.0,0.0,0.0,1.0,0.0,0.0,0.0,0.0,0.0,1.0,0.0,1.0,0.0,0.0,0.0,0.0,0.0,0.0,0.0,0.0,1.0,0.0,0.0,1.0,1.0,0.0
0.3333333333333333,0.2342406876790831,0.8214285714285714,0.75,0.0,0.7142857142857142,0.6666666666666667,0.25,1.0,0.2761366555355767,0.764986950411564,0.1111111111111111,0.2857142857142857,0.0,1.0,0.6666666666666666,0.3508771929824561,0.3333333333333333,0.6666666666666667,0.5555555555555556,0.5517241379310345,0.5333333333333333,0.48275862068965514,0.0,1.0,0.0,0.0,1.0,0.0,0.0,1.0,0.0,0.0,0.0,0.0,0.0,1.0,0.0,0.0,1.0,0.0,0.0,0.0,0.0,0.0,0.0,0.0,1.0,0.0,1.0,0.0
0.23809523809523808,0.9534383954154728,0.14285714285714285,0.75,0.6666666666666667,0.28571428571428575,0.6666666666666667,0.0,0.6666666666666667,0.15617775494477268,0.36478618751254765,0.1111111111111111,0.1428571428571428,0.0,0.6666666666666667,0.0,0.07017543859649122,0.5,0.3333333333333333,0.1111111111111111,0.13793103448275862,0.26666666666666666,0.13793103448275862,0.0,0.0,1.0,0.0,1.0,0.0,0.0,0.0,0.0,0.0,0.0,1.0,0.0,1.0,0.0,0.0,1.0,0.0,0.0,0.0,0.0,0.0,0.0,0.0,0.0,1.0,0.0,1.0
0.21428571428571425,0.022922636103151872,0.5714285714285714,0.75,1.0,0.3,0.6666666666666667,0.0,0.6666666666666667,0.0889416902132032,0.9470788998193135,0.1111111111111111,0.1428571428571428,0.0,1.0,0.0,0.2807017543859649,0.3333333333333333,0.6666666666666667,0.4444444444444444,0.13793103448275862,0.9333333333333333,0.48275862068965514,0.0,0.0,1.0,0.0,1.0,0.0,0.0,1.0,0.0,0.0,0.0,0.0,1.0,0.0,0.0,0.0,0.0,0.0,0.0,0.0,1.0,0.0,0.0,0.0,0.0,1.0,0.0,1.0
0.4047619047619047,0.6024355300859598,0.0,0.5,0.6666666666666667,0.8857142857142857,0.6666666666666667,0.5,0.6666666666666667,0.4996146930387875,0.28114836378237296,0.1111111111111111,0.2142857142857143,0.0,0.0,0.0,0.3508771929824561,0.5,1.0,0.5555555555555556,0.48275862068965514,0.0,0.5517241379310345,0.0,1.0,0.0,0.0,0.0,1.0,0.0,0.0,1.0,0.0,0.0,0.0,1.0,0.0,0.0,0.0,0.0,0.0,0.0,0.0,0.0,1.0,0.0,0.0,0.0,1.0,1.0,0.0
0.5714285714285714,0.5938395415472779,0.0,0.25,1.0,0.18571428571428567,0.3333333333333333,0.25,1.0,0.32449267916773694,0.07857859867496486,1.0,0.1428571428571428,0.0,1.0,0.3333333333333333,0.2807017543859649,0.6666666666666666,0.6666666666666667,0.2222222222222222,0.20689655172413793,0.0,0.13793103448275862,0.0,0.0,1.0,0.0,1.0,0.0,0.0,1.0,0.0,0.0,0.0,0.0,1.0,0.0,0.0,0.0,0.0,0.0,1.0,0.0,0.0,0.0,0.0,0.0,1.0,0.0,0.0,1.0
0.380952380952381,0.896131805157593,0.14285714285714285,0.5,0.6666666666666667,0.21428571428571425,0.3333333333333333,0.5,0.0,0.6821217569997431,0.14137723348725156,0.2222222222222222,0.0714285714285714,0.0,1.0,0.0,0.49122807017543857,1.0,0.6666666666666667,0.611111111111111,0.6896551724137931,0.6666666666666666,0.5517241379310345,0.0,0.0,1.0,0.0,1.0,0.0,0.0,0.0,0.0,1.0,0.0,0.0,1.0,0.0,0.0,0.0,0.0,1.0,0.0,0.0,0.0,0.0,0.0,0.0,0.0,1.0,1.0,0.0
0.16666666666666669,0.027220630372492838,0.07142857142857142,0.0,0.6666666666666667,0.9714285714285713,0.6666666666666667,0.25,0.0,0.20453377857693295,0.4926320016061032,0.1111111111111111,0.4999999999999999,0.0,1.0,0.0,0.17543859649122806,0.5,0.6666666666666667,0.2777777777777778,0.20689655172413793,0.0,0.20689655172413793,0.0,0.0,1.0,0.0,0.0,1.0,0.0,0.0,0.0,0.0,1.0,0.0,0.0,1.0,0.0,0.0,0.0,0.0,0.0,0.0,0.0,1.0,0.0,0.0,1.0,0.0,0.0,1.0
0.380952380952381,0.8904011461318051,0.6428571428571428,0.25,0.3333333333333333,0.8999999999999999,0.6666666666666667,0.0,1.0,0.10608784998715642,0.2675767918088737,0.0,0.0,0.0,0.6666666666666667,0.3333333333333333,0.10526315789473684,0.3333333333333333,0.6666666666666667,0.1111111111111111,0.13793103448275862,0.13333333333333333,0.13793103448275862,0.0,0.0,1.0,0.0,1.0,0.0,0.0,0.0,0.0,1.0,0.0,0.0,0.0,1.0,0.0,0.0,1.0,0.0,0.0,0.0,0.0,0.0,0.0,1.0,0.0,0.0,1.0,0.0
0.21428571428571425,0.49785100286532946,0.17857142857142855,0.75,0.0,0.5142857142857142,0.3333333333333333,0.0,0.6666666666666667,0.07564860005137428,0.11720538044569362,0.0,0.0714285714285714,0.0,0.6666666666666667,0.6666666666666666,0.21052631578947367,0.8333333333333333,0.3333333333333333,0.2777777777777778,0.20689655172413793,0.0,0.20689655172413793,0.0,0.0,1.0,0.0,1.0,0.0,0.0,0.0,0.0,1.0,0.0,0.0,1.0,0.0,0.0,0.0,0.0,0.0,0.0,0.0,1.0,0.0,0.0,1.0,0.0,0.0,1.0,0.0
0.380952380952381,0.09383954154727794,0.2857142857142857,0.75,1.0,0.8999999999999999,0.6666666666666667,0.25,0.0,0.27851271512972003,0.1651877133105802,0.4444444444444444,0.4285714285714285,0.0,0.6666666666666667,0.3333333333333333,0.38596491228070173,0.5,0.3333333333333333,0.38888888888888884,0.06896551724137931,0.0,0.48275862068965514,0.0,1.0,0.0,0.0,1.0,0.0,0.0,1.0,0.0,0.0,0.0,0.0,0.0,1.0,0.0,0.0,1.0,0.0,0.0,0.0,0.0,0.0,0.0,0.0,1.0,0.0,1.0,0.0
0.35714285714285715,0.5085959885386819,0.4642857142857143,0.5,0.6666666666666667,0.39999999999999997,0.6666666666666667,0.0,1.0,0.09163883894169023,0.805259987954226,0.5555555555555556,0.1428571428571428,0.0,0.6666666666666667,0.3333333333333333,0.2807017543859649,0.3333333333333333,0.0,0.2777777777777778,0.27586206896551724,0.0,0.27586206896551724,0.0,0.0,1.0,0.0,1.0,0.0,0.0,0.0,0.0,1.0,0.0,0.0,0.0,1.0,0.0,0.0,1.0,0.0,0.0,0.0,0.0,0.0,0.0,0.0,1.0,0.0,0.0,1.0
0.21428571428571425,0.8588825214899714,0.6428571428571428,0.5,1.0,0.5285714285714285,0.3333333333333333,0.0,0.0,0.19631389673773442,0.5700060228869704,0.1111111111111111,0.0,0.0,0.0,0.6666666666666666,0.24561403508771928,0.5,0.6666666666666667,0.38888888888888884,0.48275862068965514,0.0,0.48275862068965514,0.0,0.0,1.0,0.0,1.0,0.0,0.0,0.0,0.0,0.0,1.0,0.0,0.0,1.0,0.0,0.0,1.0,0.0,0.0,0.0,0.0,0.0,0.0,1.0,0.0,0.0,1.0,0.0
0.4047619047619047,0.6296561604584526,0.0,0.75,1.0,0.39999999999999997,0.3333333333333333,0.0,0.6666666666666667,0.0802080657590547,0.5720136518771332,0.6666666666666666,0.0714285714285714,0.0,0.3333333333333333,0.3333333333333333,0.3508771929824561,0.3333333333333333,0.6666666666666667,0.4444444444444444,0.0,0.13333333333333333,0.48275862068965514,0.0,0.0,1.0,0.0,1.0,0.0,0.0,0.0,0.0,1.0,0.0,0.0,0.0,1.0,0.0,0.0,1.0,0.0,0.0,0.0,0.0,0.0,0.0,0.0,1.0,0.0,1.0,0.0
0.4047619047619047,0.40042979942693413,0.0,1.0,0.6666666666666667,0.9142857142857141,0.6666666666666667,0.5,0.3333333333333333,0.40367325969689183,0.3752258582613933,0.1111111111111111,0.1428571428571428,0.0,0.0,0.6666666666666666,0.3508771929824561,0.5,0.6666666666666667,0.5555555555555556,0.5517241379310345,0.0,0.41379310344827586,0.0,0.0,1.0,0.0,0.0,1.0,0.0,0.0,1.0,0.0,0.0,0.0,0.0,1.0,0.0,0.0,0.0,0.0,0.0,0.0,0.0,1.0,0.0,0.0,1.0,0.0,1.0,0.0
0.11904761904761901,0.6260744985673352,0.3214285714285714,0.5,1.0,0.21428571428571425,1.0,0.0,0.6666666666666667,0.06832776778833805,0.43091748644850436,0.2222222222222222,0.3571428571428571,0.0,1.0,0.3333333333333333,0.14035087719298245,0.3333333333333333,0.6666666666666667,0.1111111111111111,0.13793103448275862,0.26666666666666666,0.13793103448275862,0.0,0.0,1.0,0.0,1.0,0.0,0.0,0.0,0.0,0.0,0.0,1.0,0.0,1.0,0.0,0.0,0.0,0.0,0.0,0.0,1.0,0.0,0.0,0.0,1.0,0.0,1.0,0.0
0.6428571428571428,0.3116045845272206,0.0,0.75,0.0,0.5142857142857142,0.6666666666666667,0.5,0.3333333333333333,0.4130490624197277,0.7564344509134712,0.1111111111111111,0.0714285714285714,0.0,0.0,1.0,0.3508771929824561,0.6666666666666666,0.6666666666666667,0.5555555555555556,0.5517241379310345,0.9333333333333333,0.48275862068965514,0.0,0.0,1.0,0.0,1.0,0.0,0.0,0.0,0.0,0.0,0.0,1.0,0.0,1.0,1.0,0.0,0.0,0.0,0.0,0.0,0.0,0.0,0.0,1.0,0.0,0.0,1.0,0.0
0.3095238095238095,0.14613180515759314,0.9999999999999999,0.25,0.6666666666666667,0.5857142857142856,0.3333333333333333,0.0,0.3333333333333333,0.15861803236578476,0.383778357759486,0.0,0.0,0.0,0.3333333333333333,0.0,0.21052631578947367,0.3333333333333333,1.0,0.2777777777777778,0.27586206896551724,0.13333333333333333,0.27586206896551724,0.0,1.0,0.0,0.0,1.0,0.0,0.0,0.0,0.0,1.0,0.0,0.0,0.0,1.0,0.0,0.0,1.0,0.0,0.0,0.0,0.0,0.0,0.0,0.0,0.0,1.0,1.0,0.0
0.6904761904761905,0.7585959885386819,0.0,0.0,0.6666666666666667,0.9714285714285713,0.6666666666666667,0.5,0.3333333333333333,0.7030567685589519,0.607789600481831,0.0,0.4999999999999999,0.0,0.0,0.6666666666666666,0.49122807017543857,0.5,0.0,0.7222222222222222,0.5517241379310345,0.6666666666666666,0.8275862068965517,1.0,0.0,0.0,0.0,1.0,0.0,0.0,0.0,0.0,1.0,0.0,0.0,1.0,0.0,0.0,0.0,0.0,0.0,0.0,1.0,0.0,0.0,0.0,0.0,1.0,0.0,1.0,0.0
0.6666666666666665,0.2757879656160458,0.03571428571428571,0.5,0.6666666666666667,0.6428571428571428,0.0,0.75,0.3333333333333333,1.0,0.5172856856053002,0.3333333333333333,0.0714285714285714,0.0,0.3333333333333333,0.3333333333333333,0.9824561403508771,0.3333333333333333,0.3333333333333333,0.38888888888888884,0.48275862068965514,0.9333333333333333,0.48275862068965514,0.0,0.0,1.0,0.0,0.0,1.0,0.0,0.0,0.0,0.0,0.0,1.0,1.0,0.0,0.0,0.0,0.0,1.0,0.0,0.0,0.0,0.0,0.0,0.0,1.0,0.0,0.0,1.0
0.5714285714285714,0.582378223495702,0.5714285714285714,0.25,1.0,0.7428571428571429,1.0,0.25,0.0,0.3555098895453378,0.8400722746436459,0.3333333333333333,0.1428571428571428,0.0,0.6666666666666667,0.0,0.3508771929824561,0.16666666666666666,0.6666666666666667,0.16666666666666666,0.13793103448275862,0.0,0.13793103448275862,0.0,0.0,1.0,0.0,1.0,0.0,0.0,1.0,0.0,0.0,0.0,0.0,1.0,0.0,0.0,0.0,0.0,0.0,0.0,0.0,1.0,0.0,0.0,0.0,0.0,1.0,0.0,1.0
0.4047619047619047,0.40042979942693413,0.6071428571428571,0.75,1.0,0.5285714285714285,0.6666666666666667,0.25,0.6666666666666667,0.23150526586180326,0.8509937763501305,0.0,0.4999999999999999,0.0,0.6666666666666667,0.3333333333333333,0.17543859649122806,0.0,0.3333333333333333,0.2222222222222222,0.13793103448275862,0.4,0.13793103448275862,0.0,1.0,0.0,0.0,0.0,1.0,0.0,0.0,1.0,0.0,0.0,0.0,1.0,0.0,0.0,0.0,0.0,0.0,0.0,0.0,0.0,1.0,0.0,0.0,1.0,0.0,0.0,1.0
0.8809523809523809,0.8653295128939827,0.03571428571428571,0.5,0.6666666666666667,0.9571428571428571,0.6666666666666667,0.75,1.0,1.0,0.8497891989560329,0.2222222222222222,0.1428571428571428,0.0,0.6666666666666667,0.0,1.0,0.3333333333333333,0.6666666666666667,0.2777777777777778,0.27586206896551724,0.13333333333333333,0.13793103448275862,0.0,0.0,1.0,0.0,1.0,0.0,0.0,1.0,0.0,0.0,0.0,0.0,1.0,0.0,0.0,0.0,0.0,1.0,0.0,0.0,0.0,0.0,0.0,0.0,0.0,1.0,0.0,1.0
0.380952380952381,0.3904011461318051,0.35714285714285715,0.5,0.6666666666666667,0.3714285714285714,0.3333333333333333,0.25,0.3333333333333333,0.22354225533007965,0.7925717727363983,0.4444444444444444,0.0,0.0,1.0,0.6666666666666666,0.49122807017543857,0.8333333333333333,1.0,0.5555555555555556,0.6206896551724138,0.13333333333333333,0.5517241379310345,0.0,1.0,0.0,1.0,0.0,0.0,0.0,1.0,0.0,0.0,0.0,0.0,0.0,1.0,0.0,1.0,0.0,0.0,0.0,0.0,0.0,0.0,0.0,0.0,1.0,0.0,1.0,0.0
0.6428571428571428,0.06446991404011462,0.17857142857142855,0.75,1.0,0.31428571428571433,0.6666666666666667,0.5,0.0,0.7857693295658874,0.5208994177875929,0.4444444444444444,0.2142857142857143,0.0,0.3333333333333333,0.0,0.5964912280701754,0.5,1.0,0.0,0.0,0.0,0.0,0.0,0.0,1.0,0.0,1.0,0.0,0.0,0.0,0.0,0.0,1.0,0.0,0.0,1.0,0.0,0.0,0.0,0.0,0.0,1.0,0.0,0.0,0.0,0.0,1.0,0.0,0.0,1.0
0.3333333333333333,0.747134670487106,0.5,0.75,0.6666666666666667,0.05714285714285716,0.6666666666666667,0.25,1.0,0.3633444644233239,0.5801244729973901,0.5555555555555556,0.4999999999999999,0.0,0.3333333333333333,0.3333333333333333,0.3157894736842105,1.0,0.6666666666666667,0.2777777777777778,0.06896551724137931,0.13333333333333333,0.13793103448275862,1.0,0.0,0.0,0.0,1.0,0.0,0.0,0.0,0.0,1.0,0.0,0.0,1.0,0.0,1.0,0.0,0.0,0.0,0.0,0.0,0.0,0.0,0.0,1.0,0.0,0.0,1.0,0.0
0.7857142857142856,0.4777936962750716,0.14285714285714285,0.5,0.6666666666666667,0.7714285714285714,0.6666666666666667,0.75,0.3333333333333333,0.8359234523503725,0.6221240714715921,0.1111111111111111,0.0,0.0,0.3333333333333333,0.3333333333333333,1.0,0.3333333333333333,0.6666666666666667,1.0,0.6206896551724138,0.0,0.6896551724137931,0.0,0.0,1.0,1.0,0.0,0.0,0.0,1.0,0.0,0.0,0.0,0.0,0.0,1.0,0.0,0.0,0.0,1.0,0.0,0.0,0.0,0.0,0.0,1.0,0.0,0.0,0.0,1.0
0.28571428571428564,0.9290830945558739,0.07142857142857142,0.5,0.6666666666666667,0.32857142857142857,0.6666666666666667,0.0,1.0,0.06986899563318777,0.5878337683196145,0.4444444444444444,0.2857142857142857,0.0,0.6666666666666667,0.3333333333333333,0.3157894736842105,0.5,0.0,0.2777777777777778,0.20689655172413793,0.13333333333333333,0.27586206896551724,1.0,0.0,0.0,0.0,1.0,0.0,0.0,1.0,0.0,0.0,0.0,0.0,0.0,1.0,0.0,0.0,1.0,0.0,0.0,0.0,0.0,0.0,0.0,0.0,1.0,0.0,1.0,0.0
0.4523809523809524,0.8230659025787965,0.6428571428571428,0.25,0.0,0.02857142857142858,0.6666666666666667,0.5,0.3333333333333333,0.4259568456203442,0.1092150170648464,0.1111111111111111,0.1428571428571428,0.0,1.0,0.0,0.3508771929824561,0.3333333333333333,0.6666666666666667,0.5555555555555556,0.0,0.0,0.6206896551724138,1.0,0.0,0.0,0.0,0.0,1.0,0.0,0.0,0.0,1.0,0.0,0.0,0.0,1.0,0.0,0.0,0.0,0.0,0.0,0.0,0.0,1.0,0.0,0.0,0.0,1.0,0.0,1.0
0.380952380952381,0.6446991404011461,0.03571428571428571,0.25,1.0,0.9285714285714286,0.6666666666666667,0.25,0.6666666666666667,0.194194708451066,0.5516964464966874,0.2222222222222222,0.0,0.0,1.0,0.0,0.17543859649122806,0.5,0.3333333333333333,0.16666666666666666,0.13793103448275862,0.0,0.13793103448275862,0.0,1.0,0.0,0.0,1.0,0.0,0.0,1.0,0.0,0.0,0.0,0.0,0.0,1.0,0.0,0.0,0.0,0.0,1.0,0.0,0.0,0.0,0.0,0.0,0.0,1.0,1.0,0.0
0.857142857142857,0.038681948424068774,0.3214285714285714,0.5,0.6666666666666667,0.6714285714285713,0.6666666666666667,0.25,0.0,0.22033136398664271,0.9276852037743425,0.6666666666666666,0.5714285714285713,0.0,1.0,0.0,0.3157894736842105,0.5,0.6666666666666667,0.2777777777777778,0.13793103448275862,0.13333333333333333,0.27586206896551724,0.0,0.0,1.0,0.0,1.0,0.0,0.0,0.0,0.0,1.0,0.0,0.0,1.0,0.0,0.0,0.0,0.0,0.0,1.0,0.0,0.0,0.0,0.0,0.0,0.0,1.0,0.0,1.0
0.7380952380952379,0.9828080229226361,0.9642857142857143,0.25,0.0,0.9571428571428571,0.3333333333333333,0.25,0.0,0.21031338299511942,0.8277855852238506,0.3333333333333333,0.6428571428571427,1.0,0.0,0.0,0.7017543859649122,0.3333333333333333,0.6666666666666667,0.2222222222222222,0.20689655172413793,0.13333333333333333,0.20689655172413793,0.0,1.0,0.0,0.0,1.0,0.0,0.0,1.0,0.0,0.0,0.0,0.0,0.0,1.0,0.0,0.0,1.0,0.0,0.0,0.0,0.0,0.0,0.0,0.0,0.0,1.0,1.0,0.0
0.23809523809523808,0.47994269340974205,0.17857142857142855,0.5,0.6666666666666667,0.12857142857142861,0.3333333333333333,0.0,0.6666666666666667,0.10878499871564346,0.8028106805862276,0.1111111111111111,0.2142857142857143,0.0,1.0,0.3333333333333333,0.10526315789473684,0.3333333333333333,0.6666666666666667,0.16666666666666666,0.06896551724137931,0.0,0.13793103448275862,0.0,1.0,0.0,0.0,1.0,0.0,0.0,1.0,0.0,0.0,0.0,0.0,0.0,1.0,0.0,0.0,0.0,0.0,0.0,0.0,1.0,0.0,0.0,1.0,0.0,0.0,0.0,1.0
0.4761904761904761,0.23925501432664756,0.5357142857142857,0.5,0.3333333333333333,0.857142857142857,0.6666666666666667,0.25,0.3333333333333333,0.20479064988440793,0.5735796024894599,0.2222222222222222,0.0714285714285714,0.0,0.3333333333333333,0.0,0.2807017543859649,0.8333333333333333,1.0,0.16666666666666666,0.13793103448275862,0.13333333333333333,0.13793103448275862,0.0,0.0,1.0,0.0,0.0,1.0,0.0,1.0,0.0,0.0,0.0,0.0,1.0,0.0,0.0,0.0,0.0,0.0,0.0,0.0,0.0,1.0,0.0,0.0,0.0,1.0,1.0,0.0
0.19047619047619052,0.8982808022922636,0.8571428571428571,0.5,0.0,0.2571428571428572,0.0,0.0,0.6666666666666667,0.08245568969946057,0.33985143545472796,0.1111111111111111,0.0714285714285714,0.0,0.6666666666666667,0.0,0.03508771929824561,0.3333333333333333,0.3333333333333333,0.05555555555555555,0.0,0.0,0.06896551724137931,0.0,0.0,1.0,0.0,1.0,0.0,0.0,1.0,0.0,0.0,0.0,0.0,0.0,1.0,0.0,0.0,1.0,0.0,0.0,0.0,0.0,0.0,0.0,0.0,0.0,1.0,1.0,0.0
0.19047619047619052,0.48925501432664753,0.2142857142857143,0.5,1.0,0.657142857142857,0.6666666666666667,0.0,1.0,0.1002440277421012,0.3947400120457739,0.1111111111111111,0.6428571428571427,1.0,0.6666666666666667,0.0,0.24561403508771928,0.8333333333333333,0.6666666666666667,0.38888888888888884,0.48275862068965514,0.6666666666666666,0.48275862068965514,1.0,0.0,0.0,0.0,1.0,0.0,0.0,0.0,0.0,1.0,0.0,0.0,0.0,1.0,0.0,0.0,1.0,0.0,0.0,0.0,0.0,0.0,0.0,0.0,0.0,1.0,1.0,0.0
0.3095238095238095,0.32808022922636104,0.07142857142857142,0.5,1.0,0.04285714285714287,0.6666666666666667,0.0,0.6666666666666667,0.19746981762137167,0.08279461955430636,0.1111111111111111,0.0714285714285714,0.0,0.0,0.0,0.24561403508771928,0.3333333333333333,0.0,0.38888888888888884,0.13793103448275862,0.9333333333333333,0.48275862068965514,0.0,1.0,0.0,0.0,1.0,0.0,0.0,1.0,0.0,0.0,0.0,0.0,1.0,0.0,0.0,0.0,0.0,0.0,0.0,0.0,1.0,0.0,0.0,0.0,0.0,1.0,1.0,0.0
0.3333333333333333,0.2808022922636103,0.3214285714285714,0.5,0.6666666666666667,0.4857142857142857,0.6666666666666667,0.5,1.0,0.6572694580015412,0.7620156595061233,0.2222222222222222,0.9999999999999999,1.0,0.3333333333333333,0.0,0.3508771929824561,0.8333333333333333,1.0,0.2777777777777778,0.13793103448275862,0.0,0.0,0.0,0.0,1.0,0.0,1.0,0.0,0.0,0.0,0.0,1.0,0.0,0.0,0.0,1.0,0.0,0.0,0.0,1.0,0.0,0.0,0.0,0.0,0.0,0.0,0.0,1.0,1.0,0.0
0.5238095238095237,0.46991404011461313,0.03571428571428571,0.25,1.0,0.2285714285714286,0.6666666666666667,0.25,0.3333333333333333,0.30220909324428463,0.82148163019474,0.7777777777777777,0.0714285714285714,0.0,0.6666666666666667,0.6666666666666666,0.2807017543859649,0.8333333333333333,0.6666666666666667,0.2777777777777778,0.27586206896551724,0.13333333333333333,0.20689655172413793,0.0,0.0,1.0,0.0,0.0,1.0,0.0,0.0,1.0,0.0,0.0,0.0,1.0,0.0,0.0,0.0,0.0,0.0,0.0,0.0,0.0,1.0,0.0,1.0,0.0,0.0,1.0,0.0
0.9523809523809523,0.5336676217765043,0.7857142857142857,0.75,0.0,0.8285714285714285,0.6666666666666667,0.0,0.6666666666666667,0.08752889802209093,0.9629391688415981,0.1111111111111111,0.0714285714285714,0.0,1.0,0.6666666666666666,0.07017543859649122,0.5,0.6666666666666667,0.1111111111111111,0.13793103448275862,0.26666666666666666,0.13793103448275862,0.0,0.0,1.0,0.0,1.0,0.0,0.0,1.0,0.0,0.0,0.0,0.0,0.0,1.0,0.0,0.0,0.0,0.0,0.0,0.0,1.0,0.0,0.0,1.0,0.0,0.0,1.0,0.0
0.5714285714285714,0.5064469914040114,0.7857142857142857,1.0,0.0,0.2,0.6666666666666667,0.75,1.0,0.962175699974313,0.5543866693435053,0.2222222222222222,0.2142857142857143,0.0,0.3333333333333333,0.0,0.5614035087719298,0.3333333333333333,0.6666666666666667,0.05555555555555555,0.0,0.0,0.0,0.0,0.0,1.0,0.0,1.0,0.0,0.0,1.0,0.0,0.0,0.0,0.0,1.0,0.0,0.0,0.0,0.0,0.0,0.0,1.0,0.0,0.0,0.0,0.0,0.0,1.0,1.0,0.0
0.380952380952381,0.7191977077363897,0.2857142857142857,0.75,0.0,0.31428571428571433,0.6666666666666667,0.0,0.6666666666666667,0.11128949396352428,0.039269223047580806,0.1111111111111111,0.2857142857142857,0.0,1.0,0.0,0.07017543859649122,0.0,0.6666666666666667,0.1111111111111111,0.13793103448275862,0.26666666666666666,0.13793103448275862,0.0,0.0,1.0,1.0,0.0,0.0,0.0,0.0,0.0,0.0,0.0,1.0,1.0,0.0,0.0,1.0,0.0,0.0,0.0,0.0,0.0,0.0,0.0,0.0,1.0,0.0,1.0,0.0
0.5238095238095237,0.3775071633237822,0.10714285714285714,0.75,0.6666666666666667,0.5285714285714285,0.3333333333333333,0.5,1.0,0.6322887233496017,0.25930536036940377,0.7777777777777777,0.0,0.0,0.0,0.3333333333333333,0.5263157894736842,0.3333333333333333,0.3333333333333333,0.6666666666666666,0.7586206896551724,0.26666666666666666,0.7586206896551724,0.0,0.0,1.0,0.0,0.0,1.0,0.0,0.0,1.0,0.0,0.0,0.0,0.0,1.0,0.0,0.0,0.0,0.0,0.0,0.0,0.0,1.0,0.0,0.0,1.0,0.0,1.0,0.0
0.380952380952381,0.2922636103151862,0.07142857142857142,0.25,1.0,0.02857142857142858,0.0,0.25,1.0,0.3223734908810686,0.9339088536438466,0.5555555555555556,0.0714285714285714,0.0,0.0,0.0,0.21052631578947367,0.5,0.6666666666666667,0.1111111111111111,0.13793103448275862,0.26666666666666666,0.13793103448275862,0.0,0.0,1.0,0.0,0.0,1.0,0.0,1.0,0.0,0.0,0.0,0.0,1.0,0.0,0.0,0.0,0.0,0.0,0.0,0.0,0.0,1.0,0.0,0.0,0.0,1.0,1.0,0.0
0.23809523809523808,0.12679083094555874,0.0,0.25,0.6666666666666667,0.18571428571428567,0.6666666666666667,0.0,1.0,0.10897765219624969,0.3372816703473198,0.1111111111111111,0.2857142857142857,0.0,0.3333333333333333,0.3333333333333333,0.10526315789473684,0.3333333333333333,0.6666666666666667,0.16666666666666666,0.13793103448275862,0.26666666666666666,0.13793103448275862,1.0,0.0,0.0,1.0,0.0,0.0,0.0,1.0,0.0,0.0,0.0,0.0,0.0,1.0,0.0,1.0,0.0,0.0,0.0,0.0,0.0,0.0,0.0,1.0,0.0,0.0,1.0,0.0
0.5238095238095237,0.30587392550143266,0.0,0.75,0.6666666666666667,0.6857142857142857,0.3333333333333333,0.75,0.3333333333333333,0.8023375288980221,0.48267416181489664,0.1111111111111111,0.7857142857142857,1.0,1.0,0.3333333333333333,0.7719298245614035,0.5,0.3333333333333333,1.0,0.20689655172413793,1.0,0.7586206896551724,0.0,1.0,0.0,0.0,1.0,0.0,0.0,1.0,0.0,0.0,0.0,0.0,0.0,1.0,1.0,0.0,0.0,0.0,0.0,0.0,0.0,0.0,0.0,0.0,1.0,0.0,1.0,0.0
0.3333333333333333,0.34742120343839544,0.25,0.25,0.6666666666666667,0.49999999999999994,0.3333333333333333,0.25,0.3333333333333333,0.27093501155920885,0.9046376229672757,0.1111111111111111,0.0,0.0,1.0,0.0,0.45614035087719296,0.3333333333333333,0.6666666666666667,0.7222222222222222,0.8275862068965517,1.0,0.6206896551724138,0.0,0.0,1.0,0.0,0.0,1.0,0.0,0.0,0.0,0.0,0.0,1.0,1.0,0.0,0.0,0.0,0.0,0.0,0.0,0.0,0.0,1.0,0.0,0.0,1.0,0.0,0.0,1.0
0.7142857142857142,0.8116045845272206,0.0,0.75,1.0,0.14285714285714285,0.3333333333333333,0.75,0.0,0.9242871821217571,0.6385464766111223,0.7777777777777777,0.0,0.0,0.0,0.3333333333333333,0.7368421052631579,0.5,0.0,0.16666666666666666,0.13793103448275862,0.0,0.13793103448275862,0.0,0.0,1.0,0.0,1.0,0.0,0.0,1.0,0.0,0.0,0.0,0.0,1.0,0.0,0.0,0.0,0.0,1.0,0.0,0.0,0.0,0.0,0.0,0.0,1.0,0.0,1.0,0.0
0.42857142857142855,0.3610315186246418,0.2142857142857143,0.5,0.0,0.7571428571428571,1.0,0.25,0.0,0.2331107115335217,0.006705480827143145,0.2222222222222222,0.3571428571428571,0.0,1.0,0.3333333333333333,0.5964912280701754,0.3333333333333333,0.3333333333333333,0.8333333333333333,0.48275862068965514,0.8,0.896551724137931,0.0,1.0,0.0,0.0,0.0,1.0,0.0,0.0,1.0,0.0,0.0,0.0,1.0,0.0,0.0,0.0,0.0,0.0,0.0,0.0,0.0,1.0,0.0,0.0,1.0,0.0,1.0,0.0
0.5714285714285714,0.589541547277937,0.7142857142857143,0.25,0.6666666666666667,0.08571428571428569,0.6666666666666667,0.25,0.6666666666666667,0.2733110711533522,0.5759887572776551,0.2222222222222222,0.3571428571428571,0.0,0.3333333333333333,0.3333333333333333,0.38596491228070173,0.8333333333333333,0.6666666666666667,0.2777777777777778,0.20689655172413793,0.0,0.13793103448275862,1.0,0.0,0.0,0.0,1.0,0.0,0.0,0.0,0.0,1.0,0.0,0.0,1.0,0.0,0.0,0.0,0.0,0.0,1.0,0.0,0.0,0.0,0.0,1.0,0.0,0.0,1.0,0.0
0.9523809523809523,0.48567335243553,0.03571428571428571,0.0,1.0,0.38571428571428573,0.3333333333333333,0.0,1.0,0.08804264063704084,0.4533226259787191,1.0,0.2142857142857143,0.0,1.0,0.3333333333333333,0.10526315789473684,0.5,0.3333333333333333,0.05555555555555555,0.0,0.0,0.0,0.0,1.0,0.0,0.0,1.0,0.0,0.0,1.0,0.0,0.0,0.0,0.0,0.0,1.0,0.0,0.0,1.0,0.0,0.0,0.0,0.0,0.0,0.0,1.0,0.0,0.0,0.0,1.0
0.380952380952381,0.9154727793696275,0.10714285714285714,0.75,0.6666666666666667,0.5999999999999999,0.6666666666666667,0.25,0.6666666666666667,0.3550603647572566,0.4274643645854246,1.0,0.2857142857142857,0.0,0.0,0.3333333333333333,0.21052631578947367,0.5,0.6666666666666667,0.16666666666666666,0.13793103448275862,0.13333333333333333,0.13793103448275862,1.0,0.0,0.0,0.0,0.0,1.0,0.0,0.0,1.0,0.0,0.0,0.0,1.0,0.0,0.0,0.0,0.0,0.0,0.0,0.0,0.0,1.0,0.0,0.0,1.0,0.0,1.0,0.0
0.380952380952381,0.7550143266475644,0.14285714285714285,0.25,0.3333333333333333,0.38571428571428573,0.3333333333333333,0.25,1.0,0.19117647058823528,0.39421802850833165,0.1111111111111111,0.2142857142857143,0.0,0.6666666666666667,0.3333333333333333,0.5263157894736842,0.5,1.0,0.8333333333333333,0.6896551724137931,0.5333333333333333,0.896551724137931,0.0,0.0,1.0,0.0,1.0,0.0,0.0,0.0,0.0,1.0,0.0,0.0,0.0,1.0,0.0,0.0,1.0,0.0,0.0,0.0,0.0,0.0,0.0,0.0,1.0,0.0,1.0,0.0
0.5476190476190477,0.38610315186246413,0.0,0.5,1.0,0.657142857142857,0.6666666666666667,0.0,1.0,0.11385820703827382,0.775667536639229,0.3333333333333333,0.7857142857142857,1.0,0.0,0.3333333333333333,0.42105263157894735,0.5,0.6666666666666667,0.2777777777777778,0.20689655172413793,0.13333333333333333,0.0,0.0,0.0,1.0,0.0,1.0,0.0,0.0,1.0,0.0,0.0,0.0,0.0,0.0,1.0,0.0,0.0,0.0,0.0,0.0,0.0,1.0,0.0,0.0,0.0,1.0,0.0,1.0,0.0
0.4047619047619047,0.45272206303724927,0.17857142857142855,0.0,0.6666666666666667,0.5142857142857142,0.6666666666666667,0.0,0.6666666666666667,0.1603519136912407,0.15763902830756876,0.0,0.2142857142857143,0.0,1.0,0.0,0.14035087719298245,0.5,0.6666666666666667,0.16666666666666666,0.13793103448275862,0.26666666666666666,0.13793103448275862,0.0,0.0,1.0,0.0,1.0,0.0,0.0,1.0,0.0,0.0,0.0,0.0,0.0,1.0,0.0,0.0,0.0,0.0,0.0,0.0,1.0,0.0,0.0,0.0,1.0,0.0,0.0,1.0
0.28571428571428564,0.839541547277937,0.9642857142857143,0.25,1.0,0.4857142857142857,0.6666666666666667,0.25,1.0,0.3060621628564089,0.3951013852640032,0.1111111111111111,0.1428571428571428,0.0,1.0,0.6666666666666666,0.38596491228070173,0.3333333333333333,0.6666666666666667,0.5555555555555556,0.5517241379310345,0.13333333333333333,0.6206896551724138,0.0,0.0,1.0,0.0,1.0,0.0,0.0,0.0,0.0,1.0,0.0,0.0,1.0,0.0,0.0,0.0,0.0,0.0,0.0,0.0,1.0,0.0,0.0,0.0,1.0,0.0,1.0,0.0
0.19047619047619052,0.3932664756446992,0.2142857142857143,0.5,0.6666666666666667,1.0,1.0,0.0,0.0,0.1649755972257899,0.8625978719132704,0.0,0.0714285714285714,0.0,1.0,0.0,0.2807017543859649,0.3333333333333333,0.6666666666666667,0.38888888888888884,0.48275862068965514,0.0,0.48275862068965514,0.0,0.0,1.0,0.0,1.0,0.0,0.0,0.0,0.0,0.0,1.0,0.0,0.0,1.0,0.0,0.0,1.0,0.0,0.0,0.0,0.0,0.0,0.0,0.0,0.0,1.0,1.0,0.0
0.2619047619047619,0.7191977077363897,0.9642857142857143,0.75,0.6666666666666667,0.8999999999999999,0.6666666666666667,0.0,1.0,0.09664782943745184,0.9987552700260992,0.4444444444444444,0.7857142857142857,1.0,0.0,0.3333333333333333,0.38596491228070173,0.16666666666666666,0.6666666666666667,0.38888888888888884,0.3448275862068966,0.13333333333333333,0.48275862068965514,0.0,0.0,1.0,0.0,1.0,0.0,0.0,1.0,0.0,0.0,0.0,0.0,1.0,0.0,0.0,0.0,0.0,0.0,0.0,0.0,1.0,0.0,0.0,1.0,0.0,0.0,1.0,0.0
0.5476190476190477,0.29083094555873923,0.2142857142857143,0.25,0.3333333333333333,0.18571428571428567,1.0,0.0,0.6666666666666667,0.15200359619830464,0.6733186107207388,0.1111111111111111,0.1428571428571428,0.0,0.6666666666666667,0.0,0.3508771929824561,0.5,0.6666666666666667,0.5555555555555556,0.41379310344827586,0.0,0.5517241379310345,0.0,0.0,1.0,0.0,1.0,0.0,0.0,0.0,0.0,0.0,0.0,1.0,1.0,0.0,0.0,0.0,0.0,0.0,0.0,0.0,1.0,0.0,0.0,0.0,1.0,0.0,1.0,0.0
0.8809523809523809,0.5250716332378224,0.03571428571428571,0.75,0.3333333333333333,0.9714285714285713,0.3333333333333333,0.0,1.0,0.10615206781402517,0.2361373218229271,0.8888888888888888,0.6428571428571427,1.0,0.3333333333333333,0.3333333333333333,0.6666666666666666,0.3333333333333333,1.0,0.2777777777777778,0.13793103448275862,0.0,0.27586206896551724,0.0,0.0,1.0,0.0,1.0,0.0,0.0,0.0,0.0,0.0,0.0,1.0,0.0,1.0,0.0,0.0,0.0,0.0,0.0,0.0,1.0,0.0,0.0,0.0,1.0,0.0,1.0,0.0
0.857142857142857,0.5143266475644699,0.14285714285714285,0.25,0.0,0.7999999999999998,0.6666666666666667,1.0,0.0,1.0,0.2575787994378639,0.4444444444444444,0.0,0.0,0.6666666666666667,0.3333333333333333,0.8421052631578947,0.6666666666666666,0.3333333333333333,0.2222222222222222,0.13793103448275862,0.13333333333333333,0.13793103448275862,0.0,0.0,1.0,0.0,1.0,0.0,0.0,0.0,0.0,1.0,0.0,0.0,0.0,1.0,0.0,0.0,0.0,0.0,0.0,1.0,0.0,0.0,0.0,0.0,1.0,0.0,1.0,0.0
0.49999999999999994,0.2600286532951289,0.0,0.0,1.0,0.49999999999999994,0.3333333333333333,0.75,1.0,0.7534677626509119,0.19939771130295122,0.1111111111111111,0.3571428571428571,0.0,0.6666666666666667,0.3333333333333333,0.7368421052631579,0.5,0.6666666666666667,1.0,0.41379310344827586,1.0,0.5517241379310345,0.0,0.0,1.0,0.0,1.0,0.0,0.0,1.0,0.0,0.0,0.0,0.0,1.0,0.0,0.0,0.0,0.0,0.0,1.0,0.0,0.0,0.0,0.0,0.0,1.0,0.0,1.0,0.0
0.3095238095238095,0.30085959885386815,0.03571428571428571,0.5,0.3333333333333333,0.9142857142857141,0.6666666666666667,0.0,1.0,0.17422296429488826,0.7623770327243525,0.6666666666666666,0.1428571428571428,0.0,0.6666666666666667,0.3333333333333333,0.24561403508771928,0.3333333333333333,0.0,0.1111111111111111,0.13793103448275862,0.26666666666666666,0.13793103448275862,0.0,1.0,0.0,0.0,1.0,0.0,0.0,1.0,0.0,0.0,0.0,0.0,0.0,1.0,0.0,0.0,1.0,0.0,0.0,0.0,0.0,0.0,0.0,0.0,1.0,0.0,0.0,1.0
0.6190476190476188,0.5859598853868194,0.03571428571428571,0.5,0.6666666666666667,0.9428571428571428,1.0,0.5,1.0,0.44117647058823534,0.510580204778157,0.1111111111111111,0.5714285714285713,0.0,0.3333333333333333,0.3333333333333333,0.3157894736842105,0.3333333333333333,0.6666666666666667,0.4444444444444444,0.48275862068965514,0.8,0.48275862068965514,0.0,0.0,1.0,0.0,1.0,0.0,0.0,1.0,0.0,0.0,0.0,0.0,1.0,0.0,1.0,0.0,0.0,0.0,0.0,0.0,0.0,0.0,0.0,0.0,1.0,0.0,0.0,1.0
0.42857142857142855,0.30587392550143266,0.07142857142857142,0.0,0.6666666666666667,0.3,0.3333333333333333,0.5,1.0,0.5982532751091703,0.13748243324633608,0.1111111111111111,0.0,0.0,0.0,0.3333333333333333,0.5614035087719298,1.0,0.6666666666666667,0.8888888888888888,0.48275862068965514,0.4,0.48275862068965514,0.0,0.0,1.0,0.0,0.0,1.0,0.0,1.0,0.0,0.0,0.0,0.0,0.0,1.0,0.0,0.0,0.0,0.0,0.0,0.0,0.0,1.0,0.0,0.0,1.0,0.0,0.0,1.0
0.2619047619047619,0.9297994269340975,0.17857142857142855,0.0,0.3333333333333333,0.3428571428571428,0.6666666666666667,0.0,1.0,0.13627022861546365,0.9736197550692632,0.1111111111111111,0.1428571428571428,0.0,0.0,0.3333333333333333,0.3508771929824561,0.8333333333333333,0.6666666666666667,0.5555555555555556,0.5517241379310345,0.0,0.5517241379310345,0.0,0.0,1.0,0.0,1.0,0.0,0.0,0.0,0.0,1.0,0.0,0.0,1.0,0.0,0.0,0.0,1.0,0.0,0.0,0.0,0.0,0.0,0.0,0.0,1.0,0.0,1.0,0.0
0.5476190476190477,0.5007163323782234,0.2857142857142857,0.0,0.6666666666666667,0.9428571428571428,0.6666666666666667,0.5,0.6666666666666667,0.46108399691754426,0.7669945794017266,0.3333333333333333,0.1428571428571428,0.0,0.6666666666666667,0.3333333333333333,0.42105263157894735,0.3333333333333333,0.6666666666666667,0.5,0.48275862068965514,0.0,0.48275862068965514,0.0,0.0,1.0,0.0,0.0,1.0,0.0,1.0,0.0,0.0,0.0,0.0,0.0,1.0,0.0,0.0,0.0,0.0,0.0,0.0,0.0,1.0,0.0,1.0,0.0,0.0,0.0,1.0
0.8095238095238095,0.6110315186246418,0.17857142857142855,0.25,1.0,0.6857142857142857,0.6666666666666667,0.25,0.0,0.29334703313639865,0.8027705280064245,0.3333333333333333,0.0714285714285714,0.0,0.3333333333333333,0.6666666666666666,0.631578947368421,0.5,0.6666666666666667,0.5555555555555556,0.6206896551724138,0.8,0.6206896551724138,0.0,0.0,1.0,0.0,1.0,0.0,0.0,0.0,0.0,0.0,0.0,1.0,0.0,1.0,0.0,0.0,0.0,0.0,0.0,0.0,1.0,0.0,0.0,1.0,0.0,0.0,0.0,1.0
0.23809523809523808,0.0,0.8214285714285714,0.5,0.6666666666666667,0.28571428571428575,0.3333333333333333,0.0,0.6666666666666667,0.0654379655792448,0.4357759486046978,0.5555555555555556,0.2142857142857143,0.0,0.3333333333333333,0.0,0.21052631578947367,0.6666666666666666,0.6666666666666667,0.2222222222222222,0.13793103448275862,0.0,0.20689655172413793,0.0,0.0,1.0,0.0,1.0,0.0,0.0,1.0,0.0,0.0,0.0,0.0,0.0,1.0,0.0,0.0,1.0,0.0,0.0,0.0,0.0,0.0,0.0,0.0,0.0,1.0,0.0,1.0
0.5238095238095237,0.41045845272206305,0.2857142857142857,0.75,1.0,0.7999999999999998,0.6666666666666667,0.0,0.0,0.0647957873105574,0.7924914675767918,0.3333333333333333,0.2142857142857143,0.0,0.3333333333333333,0.0,0.5263157894736842,0.5,0.0,0.2777777777777778,0.27586206896551724,0.13333333333333333,0.0,0.0,0.0,1.0,0.0,1.0,0.0,0.0,1.0,0.0,0.0,0.0,0.0,0.0,1.0,0.0,0.0,1.0,0.0,0.0,0.0,0.0,0.0,0.0,0.0,0.0,1.0,1.0,0.0
0.976190476190476,0.9541547277936961,0.8571428571428571,0.5,0.0,0.9857142857142855,0.6666666666666667,0.5,0.0,0.4256357564860005,0.010439670748845609,0.7777777777777777,0.0,0.0,1.0,0.0,0.9824561403508771,0.5,0.3333333333333333,1.0,1.0,0.9333333333333333,0.6206896551724138,0.0,0.0,1.0,0.0,0.0,1.0,0.0,1.0,0.0,0.0,0.0,0.0,1.0,0.0,0.0,0.0,0.0,0.0,0.0,0.0,0.0,1.0,0.0,0.0,0.0,1.0,1.0,0.0
0.6428571428571428,0.06375358166189113,0.3214285714285714,0.25,0.0,0.5571428571428572,0.6666666666666667,0.0,1.0,0.10563832519907526,0.30359365589239107,0.3333333333333333,0.7142857142857143,1.0,1.0,0.6666666666666666,0.2807017543859649,0.5,0.3333333333333333,0.1111111111111111,0.13793103448275862,0.0,0.13793103448275862,0.0,0.0,1.0,0.0,1.0,0.0,0.0,1.0,0.0,0.0,0.0,0.0,0.0,1.0,0.0,0.0,0.0,0.0,0.0,0.0,1.0,0.0,0.0,0.0,1.0,0.0,1.0,0.0
0.8333333333333333,0.9548710601719197,0.17857142857142855,0.25,0.3333333333333333,0.05714285714285716,0.6666666666666667,0.25,0.6666666666666667,0.08329052144875418,0.5602489459947801,0.2222222222222222,0.6428571428571427,1.0,1.0,0.3333333333333333,0.45614035087719296,0.5,0.0,0.38888888888888884,0.48275862068965514,0.5333333333333333,0.3448275862068966,0.0,0.0,1.0,0.0,0.0,1.0,0.0,0.0,1.0,0.0,0.0,0.0,0.0,1.0,0.0,0.0,0.0,0.0,0.0,0.0,0.0,0.0,1.0,0.0,1.0,0.0,0.0,1.0
0.6666666666666665,0.19627507163323785,0.2857142857142857,0.5,0.0,0.31428571428571433,0.6666666666666667,0.5,1.0,0.5835473927562291,0.5577996386267817,0.4444444444444444,0.0,0.0,0.0,0.3333333333333333,0.9824561403508771,0.16666666666666666,1.0,0.38888888888888884,0.48275862068965514,0.5333333333333333,0.20689655172413793,0.0,0.0,1.0,0.0,0.0,1.0,0.0,0.0,1.0,0.0,0.0,0.0,0.0,1.0,0.0,0.0,0.0,0.0,0.0,0.0,0.0,1.0,0.0,1.0,0.0,0.0,1.0,0.0
0.5238095238095237,0.7650429799426933,0.3214285714285714,0.75,1.0,0.2285714285714286,1.0,0.0,0.6666666666666667,0.07731826354996146,0.8191527805661514,0.3333333333333333,0.1428571428571428,0.0,0.6666666666666667,0.3333333333333333,0.3508771929824561,0.5,0.6666666666666667,0.38888888888888884,0.48275862068965514,0.13333333333333333,0.48275862068965514,0.0,0.0,1.0,0.0,1.0,0.0,0.0,1.0,0.0,0.0,0.0,0.0,1.0,0.0,0.0,0.0,1.0,0.0,0.0,0.0,0.0,0.0,0.0,0.0,1.0,0.0,0.0,1.0
0.3095238095238095,0.05659025787965616,0.25,1.0,0.0,0.8999999999999999,0.6666666666666667,0.75,0.3333333333333333,0.9897893655278707,0.2711503714113632,0.3333333333333333,0.0,0.0,0.6666666666666667,0.0,0.3157894736842105,0.5,1.0,0.16666666666666666,0.13793103448275862,0.13333333333333333,0.0,0.0,0.0,1.0,0.0,1.0,0.0,0.0,1.0,0.0,0.0,0.0,0.0,1.0,0.0,0.0,0.0,0.0,0.0,0.0,1.0,0.0,0.0,0.0,0.0,0.0,1.0,1.0,0.0
0.5714285714285714,0.3237822349570201,0.8928571428571428,0.5,0.6666666666666667,0.6714285714285713,0.6666666666666667,0.75,0.3333333333333333,0.8037503210891344,0.5127484440875326,0.5555555555555556,0.2142857142857143,0.0,1.0,0.3333333333333333,0.8070175438596491,0.3333333333333333,1.0,1.0,0.27586206896551724,0.5333333333333333,0.5517241379310345,0.0,1.0,0.0,0.0,0.0,1.0,0.0,0.0,1.0,0.0,0.0,0.0,1.0,0.0,0.0,0.0,0.0,0.0,0.0,0.0,0.0,1.0,0.0,0.0,1.0,0.0,1.0,0.0
0.9999999999999998,0.42478510028653294,0.2142857142857143,0.75,0.3333333333333333,0.31428571428571433,1.0,0.25,1.0,0.27042126894425894,0.35330254968881747,0.0,0.4999999999999999,0.0,0.3333333333333333,0.3333333333333333,0.42105263157894735,0.5,0.6666666666666667,0.611111111111111,0.48275862068965514,0.13333333333333333,0.6206896551724138,0.0,0.0,1.0,0.0,0.0,1.0,0.0,0.0,1.0,0.0,0.0,0.0,0.0,1.0,0.0,0.0,0.0,0.0,0.0,0.0,0.0,1.0,0.0,1.0,0.0,0.0,0.0,1.0
0.5238095238095237,0.731375358166189,0.0,0.25,0.3333333333333333,0.38571428571428573,0.0,0.25,1.0,0.41407654764962754,0.4488656896205582,0.2222222222222222,0.7857142857142857,1.0,0.6666666666666667,1.0,0.21052631578947367,0.3333333333333333,0.3333333333333333,0.2222222222222222,0.20689655172413793,0.0,0.13793103448275862,0.0,0.0,1.0,0.0,0.0,1.0,0.0,0.0,0.0,1.0,0.0,0.0,0.0,1.0,0.0,0.0,0.0,0.0,0.0,0.0,0.0,1.0,0.0,0.0,1.0,0.0,0.0,1.0
0.02380952380952378,0.7722063037249283,0.07142857142857142,0.0,0.3333333333333333,0.7,0.6666666666666667,0.0,0.3333333333333333,0.030439249935782176,0.562457337883959,0.1111111111111111,0.2142857142857143,0.0,1.0,0.0,0.03508771929824561,0.5,0.6666666666666667,0.05555555555555555,0.0,0.0,0.0,0.0,0.0,1.0,0.0,1.0,0.0,0.0,0.0,0.0,1.0,0.0,0.0,1.0,0.0,0.0,0.0,1.0,0.0,0.0,0.0,0.0,0.0,0.0,0.0,0.0,1.0,1.0,0.0
0.19047619047619052,0.8925501432664756,0.7857142857142857,0.5,0.0,0.857142857142857,0.6666666666666667,0.0,1.0,0.12053686103262265,0.037663119855450705,0.1111111111111111,0.7857142857142857,1.0,0.3333333333333333,0.6666666666666666,0.10526315789473684,0.5,0.0,0.16666666666666666,0.13793103448275862,0.0,0.13793103448275862,0.0,0.0,1.0,0.0,1.0,0.0,0.0,1.0,0.0,0.0,0.0,0.0,1.0,0.0,0.0,0.0,0.0,0.0,0.0,0.0,1.0,0.0,0.0,1.0,0.0,0.0,1.0,0.0
0.6428571428571428,0.502865329512894,0.10714285714285714,0.25,0.6666666666666667,0.38571428571428573,0.6666666666666667,0.25,0.3333333333333333,0.22078088877472385,0.845974703874724,0.1111111111111111,0.0714285714285714,0.0,0.3333333333333333,0.0,0.3157894736842105,0.8333333333333333,0.3333333333333333,0.5,0.48275862068965514,0.0,0.5517241379310345,1.0,0.0,0.0,0.0,1.0,0.0,0.0,1.0,0.0,0.0,0.0,0.0,0.0,1.0,0.0,0.0,1.0,0.0,0.0,0.0,0.0,0.0,0.0,0.0,1.0,0.0,1.0,0.0
0.7619047619047619,0.7908309455587392,0.9642857142857143,0.0,1.0,0.6285714285714286,1.0,0.0,0.6666666666666667,0.14204983303365015,0.048303553503312585,0.1111111111111111,0.0,0.0,0.6666666666666667,1.0,0.7017543859649122,0.5,0.6666666666666667,1.0,0.5517241379310345,0.4,0.5517241379310345,0.0,0.0,1.0,0.0,1.0,0.0,0.0,0.0,0.0,1.0,0.0,0.0,0.0,1.0,0.0,0.0,1.0,0.0,0.0,0.0,0.0,0.0,0.0,0.0,1.0,0.0,0.0,1.0
0.2619047619047619,0.008595988538681959,0.42857142857142855,0.5,0.0,0.3,0.6666666666666667,0.25,0.3333333333333333,0.30541998458772157,0.6179883557518571,0.5555555555555556,0.0,0.0,0.0,0.0,0.24561403508771928,0.6666666666666666,0.0,0.2777777777777778,0.20689655172413793,0.0,0.0,0.0,1.0,0.0,0.0,0.0,1.0,0.0,0.0,0.0,0.0,0.0,1.0,1.0,0.0,0.0,0.0,0.0,0.0,0.0,0.0,0.0,1.0,0.0,0.0,0.0,1.0,1.0,0.0
0.23809523809523808,0.9835243553008595,0.5357142857142857,0.25,0.3333333333333333,0.5428571428571429,1.0,0.25,0.0,0.2987413305933727,0.10961654286287895,0.0,0.5714285714285713,0.0,0.6666666666666667,0.0,0.3157894736842105,0.3333333333333333,0.6666666666666667,0.4444444444444444,0.20689655172413793,0.0,0.48275862068965514,0.0,0.0,1.0,0.0,1.0,0.0,0.0,0.0,0.0,1.0,0.0,0.0,0.0,1.0,1.0,0.0,0.0,0.0,0.0,0.0,0.0,0.0,0.0,0.0,0.0,1.0,1.0,0.0
0.5238095238095237,0.572349570200573,0.8928571428571428,0.25,0.6666666666666667,0.8857142857142857,0.3333333333333333,0.25,1.0,0.2191754431030054,0.7672756474603493,0.3333333333333333,0.1428571428571428,0.0,1.0,0.3333333333333333,0.5614035087719298,0.5,0.0,0.05555555555555555,0.06896551724137931,0.0,0.0,0.0,1.0,0.0,0.0,1.0,0.0,0.0,0.0,0.0,1.0,0.0,0.0,1.0,0.0,0.0,0.0,0.0,0.0,0.0,0.0,1.0,0.0,0.0,0.0,1.0,0.0,0.0,1.0
0.3333333333333333,0.7743553008595988,0.0,0.5,0.6666666666666667,0.5714285714285714,0.3333333333333333,0.0,0.3333333333333333,0.0849601849473414,0.07548685003011443,0.6666666666666666,0.6428571428571427,1.0,0.6666666666666667,0.0,0.17543859649122806,0.5,0.6666666666666667,0.16666666666666666,0.0,0.0,0.13793103448275862,1.0,0.0,0.0,0.0,1.0,0.0,0.0,1.0,0.0,0.0,0.0,0.0,1.0,0.0,0.0,0.0,1.0,0.0,0.0,0.0,0.0,0.0,0.0,0.0,1.0,0.0,1.0,0.0
0.976190476190476,0.7063037249283667,0.0,0.25,0.3333333333333333,0.5142857142857142,0.6666666666666667,0.5,1.0,0.6996532237349089,0.3591246737602891,0.3333333333333333,0.2142857142857143,0.0,0.6666666666666667,0.3333333333333333,0.49122807017543857,0.16666666666666666,0.0,0.3333333333333333,0.27586206896551724,0.0,0.27586206896551724,0.0,0.0,1.0,0.0,0.0,1.0,0.0,0.0,0.0,0.0,0.0,1.0,0.0,1.0,0.0,0.0,0.0,1.0,0.0,0.0,0.0,0.0,0.0,0.0,1.0,0.0,0.0,1.0
0.3333333333333333,0.9097421203438395,0.14285714285714285,0.75,1.0,0.3714285714285714,0.3333333333333333,0.25,1.0,0.5567685589519651,0.32298735193736194,0.8888888888888888,0.9285714285714285,1.0,0.3333333333333333,0.0,0.2807017543859649,0.16666666666666666,0.6666666666666667,0.05555555555555555,0.0,0.0,0.0,0.0,0.0,1.0,0.0,1.0,0.0,0.0,1.0,0.0,0.0,0.0,0.0,0.0,1.0,0.0,0.0,0.0,0.0,1.0,0.0,0.0,0.0,0.0,0.0,0.0,1.0,1.0,0.0
0.5238095238095237,0.14111747851002865,0.8928571428571428,0.5,0.6666666666666667,0.6285714285714286,0.6666666666666667,0.25,0.0,0.47437708707937326,0.8079903633808472,0.1111111111111111,0.2142857142857143,0.0,0.3333333333333333,0.3333333333333333,0.2807017543859649,0.5,0.3333333333333333,0.38888888888888884,0.48275862068965514,0.9333333333333333,0.3448275862068966,0.0,0.0,1.0,0.0,0.0,1.0,0.0,0.0,1.0,0.0,0.0,0.0,0.0,1.0,0.0,0.0,0.0,0.0,0.0,0.0,0.0,1.0,0.0,0.0,1.0,0.0,1.0,0.0
0.35714285714285715,0.48137535816618904,0.10714285714285714,0.5,1.0,0.857142857142857,0.6666666666666667,0.25,0.3333333333333333,0.13138967377343952,0.16462557719333468,0.5555555555555556,0.2857142857142857,0.0,1.0,0.6666666666666666,0.38596491228070173,0.3333333333333333,0.3333333333333333,0.5,0.5517241379310345,0.13333333333333333,0.48275862068965514,1.0,0.0,0.0,0.0,1.0,0.0,0.0,0.0,0.0,0.0,0.0,1.0,0.0,1.0,0.0,0.0,0.0,0.0,0.0,0.0,1.0,0.0,0.0,1.0,0.0,0.0,1.0,0.0
0.42857142857142855,0.38108882521489973,0.3214285714285714,0.75,0.3333333333333333,0.02857142857142858,0.6666666666666667,0.5,1.0,0.5760981248394554,0.5309777153182091,0.1111111111111111,0.2142857142857143,0.0,1.0,0.0,0.3508771929824561,0.5,0.3333333333333333,0.5555555555555556,0.20689655172413793,1.0,0.48275862068965514,1.0,0.0,0.0,0.0,0.0,1.0,0.0,0.0,0.0,1.0,0.0,0.0,0.0,1.0,0.0,0.0,0.0,0.0,0.0,0.0,0.0,1.0,0.0,0.0,0.0,1.0,1.0,0.0
0.02380952380952378,0.38825214899713467,0.2857142857142857,0.25,0.6666666666666667,0.3428571428571428,0.6666666666666667,0.0,0.0,0.09908810685846392,0.20389480024091547,0.1111111111111111,0.9999999999999999,1.0,0.6666666666666667,0.0,0.03508771929824561,0.6666666666666666,0.6666666666666667,0.05555555555555555,0.06896551724137931,0.0,0.0,0.0,0.0,1.0,0.0,1.0,0.0,0.0,1.0,0.0,0.0,0.0,0.0,0.0,1.0,0.0,0.0,0.0,0.0,0.0,0.0,1.0,0.0,0.0,0.0,0.0,1.0,1.0,0.0
0.4523809523809524,0.9792263610315186,0.3214285714285714,0.5,0.3333333333333333,0.5857142857142856,0.6666666666666667,0.0,0.3333333333333333,0.18796557924479834,0.31555912467376024,0.1111111111111111,0.0,0.0,0.0,0.3333333333333333,0.2807017543859649,0.3333333333333333,0.0,0.4444444444444444,0.27586206896551724,0.9333333333333333,0.48275862068965514,0.0,0.0,1.0,0.0,1.0,0.0,0.0,0.0,0.0,1.0,0.0,0.0,1.0,0.0,0.0,0.0,0.0,0.0,0.0,0.0,1.0,0.0,0.0,0.0,1.0,0.0,1.0,0.0
0.49999999999999994,0.22134670487106015,0.42857142857142855,0.75,0.6666666666666667,0.9142857142857141,0.3333333333333333,0.75,0.3333333333333333,1.0,0.611925316201566,0.6666666666666666,0.1428571428571428,0.0,1.0,0.6666666666666666,0.7368421052631579,0.6666666666666666,0.6666666666666667,1.0,0.6206896551724138,1.0,0.13793103448275862,0.0,0.0,1.0,0.0,1.0,0.0,0.0,0.0,0.0,1.0,0.0,0.0,1.0,0.0,0.0,0.0,0.0,1.0,0.0,0.0,0.0,0.0,0.0,1.0,0.0,0.0,0.0,1.0
0.35714285714285715,0.3223495702005731,0.14285714285714285,0.75,1.0,0.6285714285714286,0.6666666666666667,0.5,0.3333333333333333,0.6979835602363216,0.8540453724151776,0.6666666666666666,0.0,0.0,0.3333333333333333,0.6666666666666666,0.42105263157894735,0.3333333333333333,0.6666666666666667,0.5555555555555556,0.41379310344827586,1.0,0.5517241379310345,0.0,1.0,0.0,0.0,1.0,0.0,0.0,1.0,0.0,0.0,0.0,0.0,1.0,0.0,0.0,0.0,0.0,1.0,0.0,0.0,0.0,0.0,0.0,0.0,1.0,0.0,1.0,0.0
0.28571428571428564,0.5386819484240687,0.2142857142857143,0.75,1.0,0.6142857142857143,0.6666666666666667,0.25,0.0,0.24210120729514512,0.42830756876129294,0.7777777777777777,0.2142857142857143,0.0,0.3333333333333333,0.6666666666666666,0.2807017543859649,0.5,0.6666666666666667,0.16666666666666666,0.13793103448275862,0.0,0.13793103448275862,0.0,0.0,1.0,0.0,0.0,1.0,0.0,0.0,1.0,0.0,0.0,0.0,1.0,0.0,0.0,0.0,0.0,0.0,0.0,0.0,0.0,1.0,0.0,1.0,0.0,0.0,1.0,0.0
0.3095238095238095,0.07091690544412607,0.25,0.5,0.0,0.05714285714285716,0.3333333333333333,0.0,0.3333333333333333,0.016182892370922172,0.8097972294719936,0.1111111111111111,0.0714285714285714,0.0,0.6666666666666667,0.0,0.03508771929824561,0.5,1.0,0.05555555555555555,0.0,0.0,0.0,0.0,0.0,1.0,0.0,1.0,0.0,0.0,1.0,0.0,0.0,0.0,0.0,1.0,0.0,0.0,0.0,0.0,0.0,0.0,0.0,1.0,0.0,0.0,0.0,0.0,1.0,1.0,0.0
0.19047619047619052,0.5859598853868194,0.0,0.0,0.0,0.5142857142857142,0.3333333333333333,0.0,0.6666666666666667,0.06408939121500129,0.9303754266211605,0.1111111111111111,0.1428571428571428,0.0,0.6666666666666667,0.6666666666666666,0.17543859649122806,0.8333333333333333,0.6666666666666667,0.2777777777777778,0.20689655172413793,0.13333333333333333,0.20689655172413793,0.0,1.0,0.0,0.0,1.0,0.0,0.0,0.0,0.0,1.0,0.0,0.0,1.0,0.0,0.0,0.0,0.0,0.0,0.0,0.0,1.0,0.0,0.0,1.0,0.0,0.0,1.0,0.0
0.5238095238095237,0.7815186246418337,0.03571428571428571,0.75,0.6666666666666667,0.9714285714285713,0.6666666666666667,0.0,0.6666666666666667,0.06370408425378885,0.41979522184300344,0.2222222222222222,0.2142857142857143,0.0,0.3333333333333333,1.0,0.7017543859649122,0.3333333333333333,0.6666666666666667,0.2777777777777778,0.20689655172413793,0.0,0.13793103448275862,0.0,0.0,1.0,0.0,1.0,0.0,0.0,0.0,0.0,1.0,0.0,0.0,1.0,0.0,0.0,0.0,0.0,0.0,0.0,0.0,1.0,0.0,0.0,0.0,1.0,0.0,1.0,0.0
0.42857142857142855,0.4355300859598854,0.14285714285714285,0.75,0.3333333333333333,0.17142857142857143,0.6666666666666667,0.5,0.0,0.4494605702543026,0.8310780967677173,0.4444444444444444,0.0714285714285714,0.0,0.6666666666666667,0.6666666666666666,0.3157894736842105,1.0,0.6666666666666667,0.16666666666666666,0.13793103448275862,0.0,0.13793103448275862,0.0,0.0,1.0,0.0,1.0,0.0,0.0,1.0,0.0,0.0,0.0,0.0,1.0,0.0,1.0,0.0,0.0,0.0,0.0,0.0,0.0,0.0,0.0,0.0,1.0,0.0,1.0,0.0
0.16666666666666669,0.89756446991404,0.3214285714285714,0.75,0.6666666666666667,0.38571428571428573,0.6666666666666667,0.25,1.0,0.25308245568969945,0.7439871511744629,0.0,0.2142857142857143,0.0,0.3333333333333333,0.0,0.17543859649122806,0.6666666666666666,0.6666666666666667,0.2222222222222222,0.20689655172413793,0.13333333333333333,0.06896551724137931,0.0,0.0,1.0,0.0,0.0,1.0,0.0,1.0,0.0,0.0,0.0,0.0,0.0,1.0,0.0,0.0,0.0,0.0,0.0,0.0,0.0,1.0,0.0,0.0,0.0,1.0,1.0,0.0
0.35714285714285715,0.7435530085959885,0.0,0.5,0.6666666666666667,0.17142857142857143,1.0,0.25,0.0,0.2804392499357822,0.04412768520377433,0.2222222222222222,0.5714285714285713,0.0,0.0,0.6666666666666666,0.3508771929824561,0.5,0.6666666666666667,0.2777777777777778,0.20689655172413793,0.13333333333333333,0.20689655172413793,0.0,1.0,0.0,0.0,0.0,1.0,0.0,1.0,0.0,0.0,0.0,0.0,1.0,0.0,0.0,0.0,0.0,0.0,0.0,0.0,0.0,1.0,0.0,0.0,1.0,0.0,1.0,0.0
0.5952380952380951,0.8510028653295129,0.5,0.25,0.6666666666666667,0.49999999999999994,0.3333333333333333,0.75,0.6666666666666667,1.0,0.057458341698454124,0.1111111111111111,0.9285714285714285,1.0,0.0,0.3333333333333333,0.49122807017543857,0.5,0.6666666666666667,0.7777777777777777,0.6896551724137931,0.8,0.7586206896551724,0.0,0.0,1.0,0.0,1.0,0.0,0.0,1.0,0.0,0.0,0.0,0.0,0.0,1.0,0.0,0.0,0.0,0.0,0.0,1.0,0.0,0.0,0.0,0.0,1.0,0.0,1.0,0.0
0.5238095238095237,0.35100286532951286,0.2857142857142857,0.75,0.3333333333333333,0.8285714285714285,0.6666666666666667,0.5,0.6666666666666667,0.802080657590547,0.46930335274041357,1.0,0.4285714285714285,0.0,0.6666666666666667,0.0,0.7017543859649122,0.5,0.3333333333333333,1.0,0.48275862068965514,0.26666666666666666,0.896551724137931,0.0,1.0,0.0,0.0,1.0,0.0,0.0,0.0,0.0,1.0,0.0,0.0,1.0,0.0,0.0,0.0,0.0,0.0,0.0,1.0,0.0,0.0,0.0,0.0,0.0,1.0,1.0,0.0
0.6428571428571428,0.1669054441260745,0.8928571428571428,0.5,0.0,0.31428571428571433,0.3333333333333333,0.25,0.0,0.21679938350886208,0.886087131098173,0.1111111111111111,0.2857142857142857,0.0,0.0,0.3333333333333333,0.3508771929824561,0.3333333333333333,0.6666666666666667,0.5555555555555556,0.48275862068965514,0.5333333333333333,0.3448275862068966,1.0,0.0,0.0,0.0,0.0,1.0,0.0,0.0,1.0,0.0,0.0,0.0,0.0,1.0,0.0,0.0,0.0,0.0,0.0,0.0,0.0,1.0,0.0,0.0,1.0,0.0,1.0,0.0
0.3333333333333333,0.9820916905444126,0.35714285714285715,0.75,1.0,0.42857142857142855,1.0,0.25,0.6666666666666667,0.23747752376059594,0.8761292913069665,0.8888888888888888,0.0714285714285714,0.0,1.0,0.0,0.21052631578947367,0.3333333333333333,0.6666666666666667,0.2222222222222222,0.13793103448275862,0.13333333333333333,0.13793103448275862,1.0,0.0,0.0,0.0,0.0,1.0,0.0,0.0,0.0,0.0,1.0,0.0,0.0,1.0,0.0,0.0,0.0,0.0,0.0,0.0,0.0,1.0,0.0,0.0,1.0,0.0,1.0,0.0
0.2619047619047619,0.8187679083094556,0.6428571428571428,0.5,0.6666666666666667,0.6714285714285713,0.3333333333333333,0.25,0.6666666666666667,0.4887618802979707,0.8698253362778559,0.1111111111111111,0.2142857142857143,0.0,0.6666666666666667,0.6666666666666666,0.3508771929824561,0.5,0.6666666666666667,0.5555555555555556,0.48275862068965514,0.0,0.27586206896551724,0.0,0.0,1.0,0.0,0.0,1.0,0.0,1.0,0.0,0.0,0.0,0.0,0.0,1.0,0.0,0.0,0.0,0.0,0.0,0.0,0.0,1.0,0.0,1.0,0.0,0.0,1.0,0.0
0.4761904761904761,0.9606017191977076,0.0,0.75,1.0,0.8285714285714285,0.6666666666666667,0.0,0.3333333333333333,0.12727973285384023,0.12567757478417987,0.0,0.0,0.0,0.3333333333333333,0.3333333333333333,0.24561403508771928,0.3333333333333333,0.6666666666666667,0.3333333333333333,0.13793103448275862,0.13333333333333333,0.13793103448275862,0.0,1.0,0.0,1.0,0.0,0.0,0.0,0.0,0.0,0.0,1.0,0.0,0.0,1.0,0.0,1.0,0.0,0.0,0.0,0.0,0.0,0.0,0.0,0.0,1.0,0.0,0.0,1.0
0.14285714285714285,0.6310888252148996,0.5714285714285714,0.25,1.0,0.9571428571428571,0.6666666666666667,0.0,0.3333333333333333,0.07712561006935525,0.051314996988556516,0.1111111111111111,0.1428571428571428,0.0,0.0,0.3333333333333333,0.03508771929824561,0.5,0.0,0.05555555555555555,0.0,0.0,0.0,0.0,0.0,1.0,0.0,1.0,0.0,0.0,1.0,0.0,0.0,0.0,0.0,1.0,0.0,0.0,0.0,1.0,0.0,0.0,0.0,0.0,0.0,0.0,0.0,1.0,0.0,1.0,0.0
0.16666666666666669,0.09813753581661891,0.14285714285714285,0.5,0.6666666666666667,0.2285714285714286,0.3333333333333333,0.25,0.6666666666666667,0.30407141022347806,0.9983938968078699,0.1111111111111111,0.0,0.0,1.0,0.0,0.21052631578947367,0.16666666666666666,0.6666666666666667,0.3333333333333333,0.27586206896551724,0.0,0.20689655172413793,0.0,0.0,1.0,0.0,0.0,1.0,0.0,0.0,1.0,0.0,0.0,0.0,0.0,1.0,0.0,0.0,0.0,0.0,0.0,0.0,0.0,1.0,0.0,0.0,0.0,1.0,0.0,1.0
0.28571428571428564,0.14469914040114612,0.5357142857142857,0.5,0.6666666666666667,0.39999999999999997,1.0,0.25,0.6666666666666667,0.2751733881325456,0.282433246336077,0.3333333333333333,0.3571428571428571,0.0,0.6666666666666667,0.3333333333333333,0.3508771929824561,0.5,0.6666666666666667,0.38888888888888884,0.0,0.13333333333333333,0.48275862068965514,0.0,0.0,1.0,0.0,1.0,0.0,0.0,1.0,0.0,0.0,0.0,0.0,0.0,1.0,1.0,0.0,0.0,0.0,0.0,0.0,0.0,0.0,0.0,0.0,1.0,0.0,1.0,0.0
0.4047619047619047,0.9255014326647564,0.2857142857142857,0.75,0.3333333333333333,0.2571428571428572,0.6666666666666667,0.25,0.6666666666666667,0.2625866940662728,0.6666934350532021,0.1111111111111111,0.5714285714285713,0.0,0.3333333333333333,0.0,0.3508771929824561,0.8333333333333333,0.6666666666666667,0.5555555555555556,0.48275862068965514,0.0,0.5517241379310345,0.0,0.0,1.0,0.0,1.0,0.0,0.0,0.0,0.0,1.0,0.0,0.0,0.0,1.0,0.0,0.0,0.0,0.0,0.0,0.0,1.0,0.0,0.0,0.0,0.0,1.0,1.0,0.0
0.8809523809523809,0.23853868194842406,0.03571428571428571,0.0,0.6666666666666667,0.10000000000000003,0.6666666666666667,0.25,1.0,0.2665681993321346,0.7799638626781771,0.4444444444444444,0.3571428571428571,0.0,0.6666666666666667,0.0,0.42105263157894735,0.5,0.3333333333333333,0.5,0.48275862068965514,0.9333333333333333,0.20689655172413793,0.0,0.0,1.0,0.0,0.0,1.0,0.0,0.0,0.0,1.0,0.0,0.0,0.0,1.0,0.0,0.0,0.0,0.0,0.0,0.0,0.0,1.0,0.0,0.0,0.0,1.0,1.0,0.0
0.4047619047619047,0.5372492836676217,0.6071428571428571,1.0,0.3333333333333333,0.5857142857142856,0.6666666666666667,0.5,0.0,0.5175956845620344,0.3588436057016663,0.1111111111111111,0.7857142857142857,1.0,1.0,0.3333333333333333,0.3157894736842105,0.5,0.3333333333333333,0.5,0.5517241379310345,0.13333333333333333,0.5517241379310345,0.0,1.0,0.0,0.0,0.0,1.0,0.0,1.0,0.0,0.0,0.0,0.0,0.0,1.0,0.0,0.0,0.0,0.0,0.0,0.0,0.0,1.0,0.0,0.0,1.0,0.0,1.0,0.0
0.35714285714285715,0.17693409742120345,0.14285714285714285,0.5,1.0,0.05714285714285716,0.6666666666666667,0.0,0.6666666666666667,0.11828923709221681,0.28331660309174866,0.1111111111111111,0.1428571428571428,0.0,0.3333333333333333,0.0,0.03508771929824561,0.3333333333333333,0.6666666666666667,0.05555555555555555,0.0,0.0,0.0,0.0,0.0,1.0,0.0,0.0,1.0,0.0,0.0,1.0,0.0,0.0,0.0,1.0,0.0,0.0,0.0,0.0,0.0,0.0,0.0,0.0,0.0,1.0,0.0,0.0,1.0,0.0,1.0
0.35714285714285715,0.29584527220630374,0.25,1.0,1.0,0.5571428571428572,0.6666666666666667,0.25,0.6666666666666667,0.3454276907269458,0.8012447299739008,0.2222222222222222,0.4285714285714285,0.0,0.0,0.0,0.49122807017543857,1.0,0.6666666666666667,0.0,0.0,0.0,0.0,0.0,0.0,1.0,0.0,1.0,0.0,0.0,1.0,0.0,0.0,0.0,0.0,0.0,1.0,1.0,0.0,0.0,0.0,0.0,0.0,0.0,0.0,0.0,0.0,0.0,1.0,0.0,1.0
0.4047619047619047,0.45415472779369626,0.3214285714285714,0.5,1.0,0.35714285714285715,0.3333333333333333,0.5,0.0,0.5970331363986643,0.7804055410560128,1.0,0.4285714285714285,0.0,0.6666666666666667,0.0,0.5263157894736842,0.5,0.6666666666666667,0.7222222222222222,0.8275862068965517,0.8,0.0,0.0,0.0,1.0,0.0,0.0,1.0,0.0,0.0,0.0,1.0,0.0,0.0,0.0,1.0,0.0,0.0,0.0,0.0,0.0,0.0,0.0,1.0,0.0,0.0,1.0,0.0,1.0,0.0
0.3333333333333333,0.7206303724928367,0.9999999999999999,0.75,1.0,0.5571428571428572,0.6666666666666667,0.0,0.6666666666666667,0.1936809658361161,0.3630194740012046,1.0,0.0714285714285714,0.0,0.3333333333333333,0.0,0.3508771929824561,0.3333333333333333,0.6666666666666667,0.4444444444444444,0.48275862068965514,0.9333333333333333,0.48275862068965514,1.0,0.0,0.0,0.0,1.0,0.0,0.0,0.0,0.0,1.0,0.0,0.0,1.0,0.0,0.0,0.0,1.0,0.0,0.0,0.0,0.0,0.0,0.0,0.0,0.0,1.0,1.0,0.0
0.9523809523809523,0.8373925501432664,0.14285714285714285,0.5,0.6666666666666667,0.10000000000000003,0.3333333333333333,0.5,0.3333333333333333,0.612830721808374,0.28753262397109014,0.2222222222222222,0.1428571428571428,0.0,1.0,0.3333333333333333,0.8421052631578947,0.5,0.6666666666666667,0.3333333333333333,0.0,0.0,0.27586206896551724,0.0,0.0,1.0,0.0,1.0,0.0,0.0,0.0,0.0,0.0,0.0,1.0,1.0,0.0,1.0,0.0,0.0,0.0,0.0,0.0,0.0,0.0,0.0,1.0,0.0,0.0,0.0,1.0
0.380952380952381,0.13825214899713467,0.17857142857142855,0.25,1.0,0.04285714285714287,0.0,0.0,0.6666666666666667,0.08618032365784742,0.4079100582212407,0.0,0.3571428571428571,0.0,1.0,0.3333333333333333,0.10526315789473684,0.5,0.3333333333333333,0.1111111111111111,0.13793103448275862,0.13333333333333333,0.0,0.0,1.0,0.0,0.0,0.0,1.0,0.0,0.0,1.0,0.0,0.0,0.0,1.0,0.0,0.0,0.0,0.0,0.0,0.0,0.0,0.0,0.0,1.0,1.0,0.0,0.0,1.0,0.0
0.7380952380952379,0.9419770773638969,0.0,0.5,0.6666666666666667,0.08571428571428569,0.6666666666666667,0.0,0.0,0.16510403287952735,0.33969082513551496,0.2222222222222222,0.3571428571428571,0.0,0.3333333333333333,0.3333333333333333,0.24561403508771928,0.3333333333333333,0.6666666666666667,0.2222222222222222,0.13793103448275862,0.0,0.13793103448275862,0.0,0.0,1.0,0.0,1.0,0.0,0.0,0.0,0.0,0.0,0.0,1.0,1.0,0.0,0.0,0.0,0.0,0.0,0.0,0.0,1.0,0.0,0.0,0.0,1.0,0.0,1.0,0.0
0.7619047619047619,0.5988538681948423,0.8214285714285714,0.5,1.0,0.9285714285714286,0.6666666666666667,0.75,0.6666666666666667,0.8325199075263292,0.08299538245332264,0.3333333333333333,0.4999999999999999,0.0,1.0,0.3333333333333333,0.7719298245614035,0.3333333333333333,0.6666666666666667,0.6666666666666666,0.7586206896551724,0.13333333333333333,0.3448275862068966,0.0,0.0,1.0,0.0,1.0,0.0,0.0,1.0,0.0,0.0,0.0,0.0,0.0,1.0,0.0,0.0,0.0,0.0,1.0,0.0,0.0,0.0,0.0,0.0,1.0,0.0,0.0,1.0
0.28571428571428564,0.33452722063037243,0.14285714285714285,0.5,1.0,0.0,0.3333333333333333,0.25,0.6666666666666667,0.32808887747238635,0.1339891588034531,0.1111111111111111,0.1428571428571428,0.0,0.6666666666666667,1.0,0.3508771929824561,0.3333333333333333,0.6666666666666667,0.5555555555555556,0.6206896551724138,0.13333333333333333,0.13793103448275862,0.0,0.0,1.0,0.0,0.0,1.0,0.0,0.0,1.0,0.0,0.0,0.0,1.0,0.0,0.0,0.0,0.0,0.0,0.0,0.0,0.0,1.0,0.0,1.0,0.0,0.0,1.0,0.0
0.5714285714285714,0.906160458452722,0.9642857142857143,0.75,1.0,0.8285714285714285,0.3333333333333333,0.25,1.0,0.225661443616748,0.0920297129090544,0.0,0.0,0.0,1.0,1.0,0.24561403508771928,0.6666666666666666,1.0,0.3333333333333333,0.3448275862068966,0.0,0.27586206896551724,0.0,1.0,0.0,0.0,1.0,0.0,0.0,0.0,0.0,0.0,0.0,1.0,1.0,0.0,1.0,0.0,0.0,0.0,0.0,0.0,0.0,0.0,0.0,0.0,1.0,0.0,1.0,0.0
0.8333333333333333,0.3997134670487106,0.0,0.75,0.0,0.42857142857142855,0.3333333333333333,0.75,0.6666666666666667,0.7677883380426407,0.8116442481429432,0.4444444444444444,0.6428571428571427,1.0,1.0,1.0,0.9473684210526315,0.3333333333333333,0.3333333333333333,0.16666666666666666,0.13793103448275862,0.0,0.13793103448275862,1.0,0.0,0.0,0.0,1.0,0.0,0.0,0.0,0.0,1.0,0.0,0.0,1.0,0.0,0.0,0.0,0.0,0.0,1.0,0.0,0.0,0.0,0.0,0.0,1.0,0.0,0.0,1.0
0.2619047619047619,0.24212034383954154,0.25,0.0,0.6666666666666667,0.12857142857142861,0.0,0.25,0.0,0.5590804007192396,0.20855249949809276,0.3333333333333333,0.1428571428571428,0.0,0.6666666666666667,0.3333333333333333,0.3157894736842105,0.5,0.6666666666666667,0.38888888888888884,0.48275862068965514,0.0,0.48275862068965514,0.0,0.0,1.0,0.0,1.0,0.0,0.0,0.0,0.0,0.0,1.0,0.0,1.0,0.0,1.0,0.0,0.0,0.0,0.0,0.0,0.0,0.0,0.0,0.0,1.0,0.0,1.0,0.0
0.21428571428571425,0.7621776504297993,0.10714285714285714,0.25,0.0,0.657142857142857,0.6666666666666667,0.0,0.6666666666666667,0.09684048291805805,0.04472997390082312,0.1111111111111111,0.0,0.0,0.3333333333333333,1.0,0.17543859649122806,0.3333333333333333,0.6666666666666667,0.2777777777777778,0.20689655172413793,0.0,0.20689655172413793,0.0,0.0,1.0,0.0,1.0,0.0,0.0,1.0,0.0,0.0,0.0,0.0,0.0,1.0,0.0,0.0,0.0,0.0,0.0,0.0,1.0,0.0,0.0,1.0,0.0,0.0,1.0,0.0
0.4047619047619047,0.8030085959885387,0.2142857142857143,0.75,0.6666666666666667,0.35714285714285715,0.6666666666666667,0.25,1.0,0.2693937837143591,0.46143344709897616,0.1111111111111111,0.0,0.0,1.0,0.0,0.3508771929824561,0.3333333333333333,0.6666666666666667,0.5555555555555556,0.5517241379310345,0.0,0.6206896551724138,0.0,0.0,1.0,0.0,0.0,1.0,0.0,1.0,0.0,0.0,0.0,0.0,1.0,0.0,0.0,0.0,0.0,0.0,0.0,0.0,0.0,1.0,0.0,0.0,1.0,0.0,0.0,1.0
0.02380952380952378,0.27650429799426934,0.03571428571428571,0.25,0.0,0.31428571428571433,0.3333333333333333,0.0,1.0,0.09985872078088878,0.6562136117245533,0.1111111111111111,0.0714285714285714,0.0,0.6666666666666667,0.0,0.03508771929824561,0.5,1.0,0.05555555555555555,0.0,0.0,0.0,0.0,0.0,1.0,1.0,0.0,0.0,0.0,0.0,0.0,0.0,0.0,1.0,0.0,1.0,0.0,1.0,0.0,0.0,0.0,0.0,0.0,0.0,0.0,0.0,0.0,1.0,1.0,0.0
0.5238095238095237,0.9949856733524354,0.6785714285714285,0.75,0.0,0.4428571428571429,0.6666666666666667,0.5,1.0,0.598060621628564,0.9816502710299136,0.4444444444444444,0.6428571428571427,1.0,1.0,0.3333333333333333,0.49122807017543857,1.0,0.6666666666666667,0.611111111111111,0.6896551724137931,1.0,0.06896551724137931,0.0,0.0,1.0,0.0,1.0,0.0,0.0,0.0,0.0,0.0,0.0,1.0,0.0,1.0,1.0,0.0,0.0,0.0,0.0,0.0,0.0,0.0,0.0,0.0,1.0,0.0,1.0,0.0
0.4047619047619047,0.7729226361031518,0.35714285714285715,0.25,1.0,0.3428571428571428,0.6666666666666667,0.25,1.0,0.25423837657333676,0.6587432242521581,0.1111111111111111,0.0,0.0,1.0,0.3333333333333333,0.17543859649122806,0.5,0.6666666666666667,0.2777777777777778,0.13793103448275862,0.0,0.13793103448275862,0.0,1.0,0.0,0.0,0.0,1.0,0.0,0.0,1.0,0.0,0.0,0.0,0.0,1.0,0.0,0.0,0.0,0.0,0.0,0.0,0.0,1.0,0.0,1.0,0.0,0.0,1.0,0.0
0.6666666666666665,0.6031518624641833,0.14285714285714285,0.25,0.3333333333333333,0.7142857142857142,0.6666666666666667,0.25,0.3333333333333333,0.2576419213973799,0.3345111423408954,0.8888888888888888,0.7857142857142857,1.0,1.0,0.3333333333333333,0.5614035087719298,0.3333333333333333,0.6666666666666667,0.2222222222222222,0.13793103448275862,0.0,0.13793103448275862,0.0,0.0,1.0,1.0,0.0,0.0,0.0,0.0,0.0,1.0,0.0,0.0,0.0,1.0,0.0,1.0,0.0,0.0,0.0,0.0,0.0,0.0,0.0,1.0,0.0,0.0,0.0,1.0
0.5714285714285714,0.30730659025787965,0.9999999999999999,0.25,0.0,0.8857142857142857,0.6666666666666667,0.25,0.6666666666666667,0.2277806319034164,0.4351736599076491,0.2222222222222222,0.0,0.0,0.3333333333333333,0.3333333333333333,0.6666666666666666,0.5,0.6666666666666667,0.2777777777777778,0.27586206896551724,0.0,0.13793103448275862,0.0,1.0,0.0,0.0,1.0,0.0,0.0,1.0,0.0,0.0,0.0,0.0,1.0,0.0,0.0,0.0,0.0,0.0,0.0,0.0,1.0,0.0,0.0,1.0,0.0,0.0,1.0,0.0
0.6428571428571428,0.8782234957020056,0.03571428571428571,0.25,1.0,0.4142857142857143,0.3333333333333333,0.25,1.0,0.30574107372206527,0.13226259787191327,0.1111111111111111,0.5714285714285713,0.0,0.0,0.6666666666666666,0.3508771929824561,0.5,0.6666666666666667,0.5555555555555556,0.48275862068965514,0.4,0.6206896551724138,0.0,0.0,1.0,0.0,1.0,0.0,0.0,0.0,0.0,0.0,1.0,0.0,1.0,0.0,0.0,0.0,0.0,0.0,1.0,0.0,0.0,0.0,0.0,1.0,0.0,0.0,1.0,0.0
0.2619047619047619,0.2328080229226361,0.2857142857142857,0.5,0.3333333333333333,0.31428571428571433,0.0,0.0,0.3333333333333333,0.11244541484716158,0.5033527404135716,0.1111111111111111,0.1428571428571428,0.0,0.6666666666666667,0.0,0.07017543859649122,0.5,0.6666666666666667,0.1111111111111111,0.13793103448275862,0.26666666666666666,0.13793103448275862,0.0,0.0,1.0,0.0,0.0,1.0,0.0,0.0,1.0,0.0,0.0,0.0,1.0,0.0,0.0,0.0,0.0,0.0,0.0,0.0,0.0,0.0,1.0,0.0,0.0,1.0,1.0,0.0
0.380952380952381,0.3273638968481375,0.0,0.75,1.0,0.8714285714285714,0.6666666666666667,0.0,0.0,0.12760082198818393,0.7303754266211604,0.5555555555555556,0.2142857142857143,0.0,0.6666666666666667,0.6666666666666666,0.3508771929824561,0.3333333333333333,0.6666666666666667,0.2222222222222222,0.20689655172413793,0.13333333333333333,0.20689655172413793,0.0,1.0,0.0,0.0,1.0,0.0,0.0,0.0,0.0,0.0,1.0,0.0,0.0,1.0,0.0,0.0,0.0,0.0,0.0,0.0,1.0,0.0,0.0,1.0,0.0,0.0,1.0,0.0
0.7380952380952379,0.7077363896848137,0.0,0.25,0.6666666666666667,0.857142857142857,0.3333333333333333,0.75,0.6666666666666667,0.8319419470845106,0.631037944187914,0.7777777777777777,0.0714285714285714,0.0,1.0,0.0,0.8771929824561403,0.3333333333333333,0.6666666666666667,0.38888888888888884,0.06896551724137931,0.0,0.48275862068965514,0.0,0.0,1.0,0.0,1.0,0.0,0.0,0.0,0.0,0.0,0.0,1.0,1.0,0.0,1.0,0.0,0.0,0.0,0.0,0.0,0.0,0.0,0.0,0.0,0.0,1.0,0.0,1.0
0.14285714285714285,0.9083094555873925,0.3214285714285714,0.75,1.0,0.6714285714285713,0.6666666666666667,0.25,0.6666666666666667,0.2087721551502697,0.15342300742822726,0.1111111111111111,0.0714285714285714,0.0,1.0,0.3333333333333333,0.17543859649122806,0.3333333333333333,1.0,0.2777777777777778,0.13793103448275862,0.0,0.20689655172413793,0.0,0.0,1.0,0.0,0.0,1.0,0.0,0.0,1.0,0.0,0.0,0.0,1.0,0.0,0.0,0.0,0.0,0.0,0.0,0.0,0.0,1.0,0.0,1.0,0.0,0.0,0.0,1.0
0.09523809523809518,0.906160458452722,0.10714285714285714,0.0,0.6666666666666667,0.9857142857142855,0.3333333333333333,0.0,0.6666666666666667,0.1852684305163113,0.2824733989158803,0.5555555555555556,0.3571428571428571,0.0,0.6666666666666667,0.0,0.14035087719298245,0.5,0.6666666666666667,0.1111111111111111,0.13793103448275862,0.13333333333333333,0.13793103448275862,0.0,1.0,0.0,0.0,1.0,0.0,0.0,0.0,0.0,0.0,0.0,1.0,0.0,1.0,0.0,0.0,1.0,0.0,0.0,0.0,0.0,0.0,0.0,0.0,0.0,1.0,1.0,0.0
0.28571428571428564,0.6353868194842407,0.2142857142857143,0.5,0.6666666666666667,0.4857142857142857,0.6666666666666667,0.0,0.6666666666666667,0.01701772412021578,0.20309174864485044,0.1111111111111111,0.1428571428571428,0.0,0.3333333333333333,0.6666666666666666,0.03508771929824561,0.3333333333333333,0.3333333333333333,0.05555555555555555,0.0,0.0,0.0,1.0,0.0,0.0,0.0,1.0,0.0,0.0,0.0,0.0,0.0,0.0,1.0,0.0,1.0,0.0,0.0,0.0,0.0,0.0,0.0,1.0,0.0,0.0,1.0,0.0,0.0,1.0,0.0
0.6190476190476188,0.06948424068767908,0.9999999999999999,0.75,1.0,0.02857142857142858,0.6666666666666667,0.25,1.0,0.2268173645003853,0.22686207588837584,0.1111111111111111,0.9999999999999999,1.0,0.3333333333333333,0.0,0.7017543859649122,0.5,0.6666666666666667,1.0,0.7586206896551724,1.0,1.0,0.0,0.0,1.0,0.0,1.0,0.0,0.0,0.0,0.0,0.0,1.0,0.0,0.0,1.0,0.0,0.0,0.0,0.0,0.0,0.0,1.0,0.0,0.0,0.0,0.0,1.0,1.0,0.0
0.28571428571428564,0.898997134670487,0.8214285714285714,0.0,1.0,0.5285714285714285,0.6666666666666667,0.0,0.6666666666666667,0.10814282044695608,0.45135514956835976,0.1111111111111111,0.7857142857142857,1.0,0.3333333333333333,0.3333333333333333,0.03508771929824561,0.3333333333333333,0.6666666666666667,0.05555555555555555,0.0,0.0,0.0,0.0,0.0,1.0,0.0,1.0,0.0,0.0,1.0,0.0,0.0,0.0,0.0,0.0,1.0,0.0,0.0,1.0,0.0,0.0,0.0,0.0,0.0,0.0,1.0,0.0,0.0,1.0,0.0
0.21428571428571425,0.6382521489971347,0.25,0.5,1.0,0.10000000000000003,0.6666666666666667,0.5,0.6666666666666667,0.495568969946057,0.035374422806665334,0.1111111111111111,0.2857142857142857,0.0,1.0,0.0,0.3157894736842105,0.0,0.6666666666666667,0.5,0.5517241379310345,0.13333333333333333,0.48275862068965514,0.0,1.0,0.0,0.0,0.0,1.0,0.0,1.0,0.0,0.0,0.0,0.0,0.0,1.0,0.0,0.0,0.0,0.0,0.0,0.0,0.0,1.0,0.0,0.0,0.0,1.0,1.0,0.0
0.28571428571428564,0.5365329512893983,0.3214285714285714,0.5,0.6666666666666667,0.5999999999999999,0.3333333333333333,0.25,0.6666666666666667,0.35762907783200615,0.024573378839590446,0.1111111111111111,0.4999999999999999,0.0,0.0,0.3333333333333333,0.3508771929824561,0.5,0.6666666666666667,0.5555555555555556,0.20689655172413793,0.13333333333333333,0.27586206896551724,0.0,0.0,1.0,0.0,0.0,1.0,0.0,0.0,1.0,0.0,0.0,0.0,0.0,1.0,0.0,0.0,0.0,0.0,0.0,0.0,0.0,1.0,0.0,0.0,1.0,0.0,1.0,0.0
0.14285714285714285,0.47851002865329506,0.0,0.25,0.3333333333333333,0.21428571428571425,0.3333333333333333,0.25,0.6666666666666667,0.23169791934240946,0.4828749247139129,0.1111111111111111,0.0714285714285714,0.0,0.3333333333333333,0.0,0.14035087719298245,0.3333333333333333,0.3333333333333333,0.2222222222222222,0.20689655172413793,0.13333333333333333,0.13793103448275862,0.0,0.0,1.0,0.0,1.0,0.0,0.0,1.0,0.0,0.0,0.0,0.0,0.0,1.0,1.0,0.0,0.0,0.0,0.0,0.0,0.0,0.0,0.0,0.0,0.0,1.0,1.0,0.0
0.35714285714285715,0.2851002865329513,0.5,0.25,0.3333333333333333,0.9285714285714286,0.6666666666666667,0.25,1.0,0.24845877215515028,0.7853443083718129,0.0,0.1428571428571428,0.0,0.0,0.3333333333333333,0.3508771929824561,1.0,0.6666666666666667,0.5,0.48275862068965514,1.0,0.06896551724137931,0.0,0.0,1.0,0.0,1.0,0.0,0.0,0.0,0.0,1.0,0.0,0.0,1.0,0.0,1.0,0.0,0.0,0.0,0.0,0.0,0.0,0.0,0.0,0.0,1.0,0.0,0.0,1.0
0.5952380952380951,0.05873925501432664,0.3214285714285714,0.75,0.6666666666666667,0.04285714285714287,0.6666666666666667,0.0,1.0,0.09285897765219625,0.34454928729170853,0.0,0.5714285714285713,0.0,0.0,0.0,0.3157894736842105,0.8333333333333333,0.6666666666666667,0.4444444444444444,0.48275862068965514,0.13333333333333333,0.48275862068965514,0.0,1.0,0.0,0.0,1.0,0.0,0.0,1.0,0.0,0.0,0.0,0.0,1.0,0.0,0.0,0.0,1.0,0.0,0.0,0.0,0.0,0.0,0.0,0.0,0.0,1.0,1.0,0.0
0.380952380952381,0.7220630372492837,0.25,0.25,0.6666666666666667,0.8999999999999999,0.6666666666666667,0.25,0.0,0.35262008733624456,0.45015057217426224,0.5555555555555556,0.4285714285714285,0.0,0.3333333333333333,0.3333333333333333,0.21052631578947367,0.16666666666666666,0.6666666666666667,0.16666666666666666,0.13793103448275862,0.13333333333333333,0.13793103448275862,0.0,0.0,1.0,0.0,0.0,1.0,0.0,1.0,0.0,0.0,0.0,0.0,1.0,0.0,0.0,0.0,0.0,0.0,0.0,0.0,0.0,1.0,0.0,0.0,1.0,0.0,1.0,0.0
0.6666666666666665,0.7936962750716332,0.14285714285714285,0.75,0.0,0.9714285714285713,0.6666666666666667,0.25,1.0,0.3058695093758027,0.736839991969484,0.4444444444444444,0.7142857142857143,1.0,0.6666666666666667,0.0,0.49122807017543857,0.6666666666666666,0.6666666666666667,0.5,0.41379310344827586,0.0,0.5517241379310345,0.0,1.0,0.0,0.0,0.0,1.0,0.0,0.0,1.0,0.0,0.0,0.0,0.0,1.0,0.0,0.0,0.0,0.0,0.0,0.0,0.0,1.0,0.0,0.0,0.0,1.0,0.0,1.0
0.7619047619047619,0.7249283667621776,0.0,0.5,0.0,0.6142857142857143,0.6666666666666667,1.0,0.3333333333333333,1.0,0.30760891387271627,0.3333333333333333,0.5714285714285713,0.0,0.0,0.0,0.9824561403508771,0.16666666666666666,0.3333333333333333,0.4444444444444444,0.20689655172413793,0.0,0.48275862068965514,0.0,1.0,0.0,0.0,1.0,0.0,0.0,1.0,0.0,0.0,0.0,0.0,1.0,0.0,0.0,0.0,0.0,0.0,0.0,1.0,0.0,0.0,0.0,0.0,1.0,0.0,0.0,1.0
0.4523809523809524,0.3739255014326648,0.0,0.75,0.0,0.2285714285714286,0.3333333333333333,0.5,0.6666666666666667,0.6164911379398921,0.5150772937161212,0.5555555555555556,0.0,0.0,0.6666666666666667,0.0,0.5964912280701754,0.3333333333333333,0.0,0.7777777777777777,0.06896551724137931,1.0,0.48275862068965514,0.0,0.0,1.0,0.0,0.0,1.0,0.0,1.0,0.0,0.0,0.0,0.0,0.0,1.0,0.0,0.0,0.0,0.0,0.0,0.0,0.0,1.0,0.0,0.0,1.0,0.0,1.0,0.0
0.2619047619047619,0.24283667621776503,0.03571428571428571,0.25,0.3333333333333333,0.2,0.6666666666666667,0.25,1.0,0.22765219624967892,0.7294117647058823,0.1111111111111111,0.4999999999999999,0.0,0.0,0.0,0.3508771929824561,0.5,0.3333333333333333,0.5555555555555556,0.48275862068965514,0.0,0.6206896551724138,0.0,1.0,0.0,0.0,0.0,1.0,0.0,1.0,0.0,0.0,0.0,0.0,0.0,1.0,0.0,0.0,0.0,0.0,0.0,0.0,0.0,1.0,0.0,0.0,0.0,1.0,1.0,0.0
0.6190476190476188,0.2005730659025788,0.0,1.0,0.0,0.7,0.6666666666666667,0.25,0.6666666666666667,0.241394811199589,0.28861674362577794,0.7777777777777777,0.0714285714285714,0.0,0.6666666666666667,0.3333333333333333,0.38596491228070173,0.6666666666666666,0.3333333333333333,0.05555555555555555,0.0,0.0,0.0,0.0,1.0,0.0,0.0,0.0,1.0,0.0,0.0,1.0,0.0,0.0,0.0,1.0,0.0,0.0,0.0,0.0,0.0,0.0,0.0,0.0,1.0,0.0,0.0,1.0,0.0,1.0,0.0
0.6190476190476188,0.9770773638968482,0.6785714285714285,0.5,1.0,0.2714285714285714,0.6666666666666667,0.0,0.3333333333333333,0.15482918058052916,0.7654687813692029,0.1111111111111111,0.1428571428571428,0.0,0.6666666666666667,0.0,0.21052631578947367,0.5,0.3333333333333333,0.2777777777777778,0.13793103448275862,0.13333333333333333,0.20689655172413793,0.0,0.0,1.0,0.0,1.0,0.0,0.0,1.0,0.0,0.0,0.0,0.0,0.0,1.0,0.0,0.0,0.0,0.0,0.0,0.0,1.0,0.0,0.0,0.0,0.0,1.0,1.0,0.0
0.4047619047619047,0.4469914040114613,0.07142857142857142,0.5,0.6666666666666667,0.1571428571428572,0.3333333333333333,0.0,0.6666666666666667,0.017467248908296942,0.5944990965669544,0.1111111111111111,0.4999999999999999,0.0,0.6666666666666667,0.6666666666666666,0.03508771929824561,0.5,0.6666666666666667,0.05555555555555555,0.0,0.0,0.0,1.0,0.0,0.0,0.0,1.0,0.0,0.0,1.0,0.0,0.0,0.0,0.0,0.0,1.0,0.0,0.0,1.0,0.0,0.0,0.0,0.0,0.0,0.0,0.0,1.0,0.0,1.0,0.0
0.857142857142857,0.6181948424068767,0.0,0.75,1.0,0.32857142857142857,0.6666666666666667,0.5,0.6666666666666667,0.609619830464937,0.30375426621160406,0.7777777777777777,0.4285714285714285,0.0,0.0,0.3333333333333333,1.0,0.3333333333333333,0.0,0.2777777777777778,0.27586206896551724,0.13333333333333333,0.27586206896551724,0.0,1.0,0.0,0.0,1.0,0.0,0.0,1.0,0.0,0.0,0.0,0.0,1.0,0.0,0.0,0.0,0.0,0.0,1.0,0.0,0.0,0.0,0.0,1.0,0.0,0.0,1.0,0.0
0.7142857142857142,0.30587392550143266,0.9999999999999999,0.0,0.0,0.8714285714285714,0.6666666666666667,0.5,0.6666666666666667,0.7381839198561522,0.8786990564143746,0.3333333333333333,0.7142857142857143,1.0,0.3333333333333333,0.3333333333333333,0.5263157894736842,0.5,0.0,0.0,0.0,0.0,0.0,0.0,0.0,1.0,0.0,0.0,1.0,0.0,0.0,0.0,1.0,0.0,0.0,1.0,0.0,0.0,0.0,0.0,1.0,0.0,0.0,0.0,0.0,0.0,0.0,1.0,0.0,1.0,0.0
0.3095238095238095,0.5372492836676217,0.0,0.0,0.6666666666666667,0.9428571428571428,0.6666666666666667,0.25,0.0,0.201579758540971,0.36864083517365986,0.1111111111111111,0.0714285714285714,0.0,0.6666666666666667,0.3333333333333333,0.14035087719298245,0.16666666666666666,0.6666666666666667,0.2222222222222222,0.20689655172413793,0.0,0.20689655172413793,0.0,1.0,0.0,0.0,1.0,0.0,0.0,1.0,0.0,0.0,0.0,0.0,1.0,0.0,0.0,0.0,0.0,0.0,1.0,0.0,0.0,0.0,0.0,0.0,1.0,0.0,1.0,0.0
0.3333333333333333,0.5164756446991403,0.14285714285714285,0.25,1.0,0.5285714285714285,0.3333333333333333,0.25,0.3333333333333333,0.31267659902388906,0.5432644047380044,0.3333333333333333,0.0714285714285714,0.0,0.0,0.3333333333333333,0.42105263157894735,0.3333333333333333,0.6666666666666667,0.38888888888888884,0.06896551724137931,0.26666666666666666,0.3448275862068966,0.0,0.0,1.0,0.0,1.0,0.0,0.0,1.0,0.0,0.0,0.0,0.0,1.0,0.0,0.0,0.0,0.0,0.0,0.0,0.0,1.0,0.0,0.0,0.0,1.0,0.0,1.0,0.0
0.5714285714285714,0.38108882521489973,0.0,0.0,0.3333333333333333,0.9857142857142855,0.6666666666666667,0.25,0.6666666666666667,0.2503210891343437,0.9009435856253765,0.1111111111111111,0.9999999999999999,1.0,0.6666666666666667,0.0,0.7017543859649122,0.5,0.6666666666666667,1.0,1.0,1.0,0.41379310344827586,0.0,0.0,1.0,0.0,0.0,1.0,0.0,1.0,0.0,0.0,0.0,0.0,0.0,1.0,0.0,0.0,0.0,0.0,0.0,0.0,0.0,1.0,0.0,0.0,1.0,0.0,1.0,0.0
0.3095238095238095,0.5522922636103151,0.5,0.5,0.6666666666666667,0.5999999999999999,0.6666666666666667,0.0,0.6666666666666667,0.10281274081685077,0.16619152780566152,0.1111111111111111,0.0714285714285714,0.0,0.6666666666666667,0.3333333333333333,0.07017543859649122,0.8333333333333333,0.3333333333333333,0.1111111111111111,0.13793103448275862,0.26666666666666666,0.13793103448275862,0.0,1.0,0.0,0.0,1.0,0.0,0.0,0.0,0.0,1.0,0.0,0.0,0.0,1.0,0.0,0.0,1.0,0.0,0.0,0.0,0.0,0.0,0.0,0.0,1.0,0.0,1.0,0.0
0.42857142857142855,0.5601719197707736,0.5357142857142857,0.75,0.6666666666666667,0.18571428571428567,1.0,0.0,0.0,0.11135371179039302,0.24794218028508333,0.1111111111111111,0.3571428571428571,0.0,0.6666666666666667,0.0,0.631578947368421,0.16666666666666666,0.6666666666666667,0.9444444444444444,0.896551724137931,1.0,0.9655172413793103,0.0,0.0,1.0,0.0,1.0,0.0,0.0,1.0,0.0,0.0,0.0,0.0,1.0,0.0,0.0,0.0,1.0,0.0,0.0,0.0,0.0,0.0,0.0,0.0,0.0,1.0,1.0,0.0
0.49999999999999994,0.009312320916905453,0.8214285714285714,0.0,0.0,0.31428571428571433,0.6666666666666667,0.25,1.0,0.19901104546622145,0.13033527404135714,0.7777777777777777,0.1428571428571428,0.0,0.0,0.0,0.631578947368421,0.3333333333333333,0.6666666666666667,0.38888888888888884,0.48275862068965514,0.13333333333333333,0.48275862068965514,0.0,0.0,1.0,0.0,1.0,0.0,0.0,1.0,0.0,0.0,0.0,0.0,0.0,1.0,0.0,0.0,0.0,0.0,0.0,0.0,1.0,0.0,0.0,0.0,0.0,1.0,1.0,0.0
0.2619047619047619,0.08667621776504297,0.0,0.75,0.0,1.0,0.3333333333333333,0.0,0.0,0.08688671975340354,0.2197952218430034,0.6666666666666666,0.1428571428571428,0.0,0.6666666666666667,0.0,0.38596491228070173,0.3333333333333333,0.0,0.5,0.48275862068965514,0.0,0.48275862068965514,0.0,0.0,1.0,0.0,1.0,0.0,0.0,0.0,0.0,0.0,0.0,1.0,0.0,1.0,0.0,0.0,0.0,0.0,0.0,0.0,1.0,0.0,0.0,0.0,0.0,1.0,1.0,0.0
0.19047619047619052,0.7621776504297993,0.14285714285714285,0.5,1.0,0.0,0.3333333333333333,0.0,0.6666666666666667,0.12567428718212176,0.7743023489259184,0.0,0.4999999999999999,0.0,1.0,0.0,0.17543859649122806,0.3333333333333333,0.6666666666666667,0.2222222222222222,0.13793103448275862,0.0,0.0,0.0,0.0,1.0,0.0,0.0,1.0,0.0,0.0,0.0,0.0,1.0,0.0,1.0,0.0,0.0,0.0,0.0,0.0,0.0,0.0,0.0,0.0,1.0,0.0,0.0,1.0,1.0,0.0
0.380952380952381,0.901862464183381,0.6428571428571428,0.5,0.0,0.5285714285714285,1.0,0.25,1.0,0.275815566401233,0.10271029913671953,0.8888888888888888,0.1428571428571428,0.0,0.3333333333333333,0.0,0.3157894736842105,0.5,0.3333333333333333,0.2777777777777778,0.13793103448275862,0.0,0.27586206896551724,1.0,0.0,0.0,0.0,0.0,1.0,0.0,0.0,1.0,0.0,0.0,0.0,0.0,1.0,0.0,0.0,0.0,0.0,0.0,0.0,0.0,1.0,0.0,0.0,0.0,1.0,0.0,1.0
0.6666666666666665,0.8710601719197707,0.07142857142857142,0.5,0.0,0.21428571428571425,1.0,0.75,0.0,0.7844849730285126,0.22666131298935957,0.2222222222222222,0.0714285714285714,0.0,1.0,0.3333333333333333,0.8771929824561403,0.8333333333333333,0.6666666666666667,1.0,1.0,0.26666666666666666,0.5517241379310345,0.0,0.0,1.0,0.0,0.0,1.0,0.0,0.0,0.0,0.0,0.0,1.0,1.0,0.0,0.0,0.0,0.0,0.0,0.0,0.0,0.0,1.0,0.0,1.0,0.0,0.0,1.0,0.0
0.4761904761904761,0.3517191977077364,0.03571428571428571,0.25,0.6666666666666667,0.6428571428571428,0.3333333333333333,0.0,0.3333333333333333,0.09369380940148986,0.5568761292913069,0.4444444444444444,0.2142857142857143,0.0,0.3333333333333333,0.3333333333333333,0.3157894736842105,0.6666666666666666,0.3333333333333333,0.3333333333333333,0.06896551724137931,0.0,0.3448275862068966,0.0,1.0,0.0,0.0,1.0,0.0,0.0,0.0,0.0,1.0,0.0,0.0,1.0,0.0,0.0,0.0,1.0,0.0,0.0,0.0,0.0,0.0,0.0,0.0,1.0,0.0,1.0,0.0
0.8809523809523809,0.739971346704871,0.0,0.75,0.3333333333333333,0.7285714285714284,1.0,0.75,1.0,0.881261238119702,0.41437462356956434,0.2222222222222222,0.1428571428571428,0.0,1.0,0.6666666666666666,1.0,0.6666666666666666,1.0,0.38888888888888884,0.48275862068965514,0.0,0.0,0.0,0.0,1.0,0.0,1.0,0.0,0.0,0.0,0.0,1.0,0.0,0.0,0.0,1.0,0.0,0.0,0.0,0.0,0.0,1.0,0.0,0.0,0.0,1.0,0.0,0.0,1.0,0.0
0.49999999999999994,0.5730659025787965,0.03571428571428571,1.0,0.0,0.1571428571428572,1.0,0.5,0.6666666666666667,0.44124068841510405,0.018711102188315593,0.0,0.4999999999999999,0.0,1.0,0.0,0.3157894736842105,0.5,0.6666666666666667,0.4444444444444444,0.48275862068965514,0.0,0.48275862068965514,0.0,0.0,1.0,0.0,0.0,1.0,0.0,1.0,0.0,0.0,0.0,0.0,0.0,1.0,0.0,0.0,0.0,0.0,0.0,0.0,0.0,1.0,0.0,0.0,0.0,1.0,1.0,0.0
0.5238095238095237,0.7098853868194842,0.9642857142857143,0.5,0.6666666666666667,0.39999999999999997,0.0,0.5,0.0,0.6372334960184947,0.3725757879943786,0.3333333333333333,0.2857142857142857,0.0,0.6666666666666667,0.3333333333333333,0.7017543859649122,0.3333333333333333,0.6666666666666667,0.05555555555555555,0.0,0.0,0.06896551724137931,1.0,0.0,0.0,0.0,0.0,1.0,0.0,0.0,0.0,0.0,1.0,0.0,0.0,1.0,0.0,0.0,0.0,0.0,0.0,0.0,0.0,1.0,0.0,1.0,0.0,0.0,1.0,0.0
0.380952380952381,0.14326647564469913,0.03571428571428571,0.75,0.6666666666666667,0.6428571428571428,0.6666666666666667,0.0,0.6666666666666667,0.07847418443359877,0.37020678578598676,0.6666666666666666,0.4999999999999999,0.0,1.0,0.3333333333333333,0.21052631578947367,0.5,0.6666666666666667,0.2222222222222222,0.20689655172413793,0.13333333333333333,0.13793103448275862,0.0,1.0,0.0,0.0,0.0,1.0,0.0,0.0,1.0,0.0,0.0,0.0,1.0,0.0,0.0,0.0,0.0,0.0,0.0,0.0,0.0,0.0,1.0,0.0,1.0,0.0,1.0,0.0
0.2619047619047619,0.21848137535816617,0.8571428571428571,1.0,0.6666666666666667,0.5857142857142856,0.3333333333333333,0.0,0.3333333333333333,0.09870279989725148,0.6507127082915077,0.5555555555555556,0.3571428571428571,0.0,0.3333333333333333,0.0,0.21052631578947367,0.3333333333333333,1.0,0.1111111111111111,0.13793103448275862,0.13333333333333333,0.06896551724137931,0.0,0.0,1.0,0.0,1.0,0.0,0.0,0.0,0.0,0.0,0.0,1.0,1.0,0.0,0.0,0.0,0.0,0.0,0.0,0.0,1.0,0.0,0.0,0.0,1.0,0.0,1.0,0.0
0.9047619047619047,0.14828080229226362,0.2142857142857143,0.25,1.0,0.5999999999999999,0.6666666666666667,0.0,0.6666666666666667,0.08540970973542256,0.06311985545071272,0.8888888888888888,0.0,0.0,1.0,0.3333333333333333,0.49122807017543857,0.6666666666666666,0.0,0.5555555555555556,0.6206896551724138,1.0,0.5517241379310345,0.0,0.0,1.0,0.0,1.0,0.0,0.0,0.0,0.0,0.0,0.0,1.0,0.0,1.0,0.0,0.0,1.0,0.0,0.0,0.0,0.0,0.0,0.0,0.0,1.0,0.0,1.0,0.0
0.3333333333333333,0.09383954154727794,0.0,0.75,0.3333333333333333,0.5428571428571429,0.3333333333333333,0.0,0.3333333333333333,0.08091446185461085,0.6396305962658101,0.0,0.2142857142857143,0.0,0.3333333333333333,0.3333333333333333,0.10526315789473684,0.3333333333333333,0.6666666666666667,0.1111111111111111,0.13793103448275862,0.26666666666666666,0.13793103448275862,0.0,0.0,1.0,0.0,0.0,1.0,0.0,0.0,0.0,1.0,0.0,0.0,0.0,1.0,0.0,0.0,0.0,0.0,0.0,0.0,0.0,0.0,1.0,0.0,1.0,0.0,1.0,0.0
0.8333333333333333,0.9255014326647564,0.8214285714285714,0.75,0.3333333333333333,0.2571428571428572,1.0,0.5,1.0,0.3850500899049576,0.05476811885163621,0.3333333333333333,0.2857142857142857,0.0,0.6666666666666667,0.0,0.38596491228070173,0.3333333333333333,0.6666666666666667,0.2222222222222222,0.20689655172413793,0.13333333333333333,0.13793103448275862,0.0,0.0,1.0,0.0,1.0,0.0,0.0,0.0,0.0,1.0,0.0,0.0,0.0,1.0,1.0,0.0,0.0,0.0,0.0,0.0,0.0,0.0,0.0,0.0,1.0,0.0,1.0,0.0
0.11904761904761901,0.816618911174785,0.17857142857142855,0.5,0.6666666666666667,0.4714285714285715,1.0,0.0,0.0,0.03801695350629335,0.05424613531419392,0.1111111111111111,0.7142857142857143,1.0,0.6666666666666667,0.6666666666666666,0.03508771929824561,0.3333333333333333,0.6666666666666667,0.0,0.0,0.0,0.0,0.0,0.0,1.0,0.0,1.0,0.0,0.0,1.0,0.0,0.0,0.0,0.0,0.0,1.0,0.0,0.0,1.0,0.0,0.0,0.0,0.0,0.0,0.0,0.0,1.0,0.0,0.0,1.0
0.4047619047619047,0.7944126074498566,0.25,0.25,0.6666666666666667,0.6857142857142857,0.3333333333333333,0.5,1.0,0.6015926021063447,0.4682192330857258,0.4444444444444444,0.0,0.0,0.3333333333333333,0.3333333333333333,0.5614035087719298,1.0,0.3333333333333333,0.7222222222222222,0.13793103448275862,0.5333333333333333,0.8275862068965517,1.0,0.0,0.0,0.0,0.0,1.0,0.0,0.0,1.0,0.0,0.0,0.0,1.0,0.0,0.0,0.0,0.0,0.0,0.0,0.0,0.0,1.0,0.0,0.0,1.0,0.0,0.0,1.0
0.7142857142857142,0.12464183381088825,0.17857142857142855,0.5,0.0,0.9571428571428571,0.3333333333333333,0.25,0.6666666666666667,0.20748779861289496,0.44268219233085726,0.2222222222222222,0.1428571428571428,0.0,1.0,0.0,0.6666666666666666,0.0,0.6666666666666667,0.1111111111111111,0.13793103448275862,0.26666666666666666,0.13793103448275862,0.0,0.0,1.0,0.0,1.0,0.0,0.0,1.0,0.0,0.0,0.0,0.0,0.0,1.0,1.0,0.0,0.0,0.0,0.0,0.0,0.0,0.0,0.0,0.0,0.0,1.0,1.0,0.0
0.19047619047619052,0.1160458452722063,0.9999999999999999,0.25,0.3333333333333333,0.7,0.0,0.25,0.0,0.2543025944002055,0.7917687211403333,0.8888888888888888,0.4999999999999999,0.0,1.0,0.0,0.24561403508771928,1.0,0.6666666666666667,0.1111111111111111,0.13793103448275862,0.26666666666666666,0.13793103448275862,1.0,0.0,0.0,0.0,0.0,1.0,0.0,0.0,0.0,1.0,0.0,0.0,0.0,1.0,0.0,0.0,0.0,0.0,0.0,0.0,0.0,1.0,0.0,0.0,0.0,1.0,1.0,0.0
0.4047619047619047,0.4018624641833811,0.0,0.5,0.3333333333333333,0.7,0.6666666666666667,0.0,0.0,0.07609812483945544,0.1515358361774744,0.4444444444444444,0.1428571428571428,0.0,1.0,0.3333333333333333,0.17543859649122806,0.3333333333333333,0.3333333333333333,0.16666666666666666,0.13793103448275862,0.13333333333333333,0.13793103448275862,0.0,1.0,0.0,0.0,1.0,0.0,0.0,0.0,0.0,1.0,0.0,0.0,0.0,1.0,0.0,0.0,0.0,0.0,0.0,0.0,1.0,0.0,0.0,0.0,1.0,0.0,1.0,0.0
0.4047619047619047,0.7851002865329513,0.6071428571428571,0.75,0.6666666666666667,0.7142857142857142,0.6666666666666667,0.25,0.6666666666666667,0.3005394297456974,0.903433045573178,0.1111111111111111,0.2142857142857143,0.0,1.0,0.6666666666666666,0.3508771929824561,0.3333333333333333,1.0,0.5555555555555556,0.13793103448275862,0.0,0.13793103448275862,0.0,1.0,0.0,0.0,1.0,0.0,0.0,1.0,0.0,0.0,0.0,0.0,0.0,1.0,1.0,0.0,0.0,0.0,0.0,0.0,0.0,0.0,0.0,0.0,1.0,0.0,0.0,1.0
0.4761904761904761,0.18553008595988538,0.0,0.0,0.6666666666666667,0.18571428571428567,0.6666666666666667,0.0,0.0,0.10339070125866942,0.5005822124071472,0.3333333333333333,0.4285714285714285,0.0,1.0,0.0,0.2807017543859649,0.5,0.3333333333333333,0.0,0.0,0.0,0.0,0.0,0.0,1.0,0.0,1.0,0.0,0.0,1.0,0.0,0.0,0.0,0.0,1.0,0.0,0.0,0.0,0.0,0.0,0.0,0.0,1.0,0.0,0.0,0.0,0.0,1.0,1.0,0.0
0.8809523809523809,0.7263610315186246,0.6071428571428571,1.0,0.0,0.7571428571428571,0.6666666666666667,0.75,0.3333333333333333,1.0,0.3123469182895001,0.3333333333333333,0.8571428571428571,1.0,1.0,0.0,1.0,0.3333333333333333,0.6666666666666667,0.5555555555555556,0.6206896551724138,0.9333333333333333,0.48275862068965514,0.0,0.0,1.0,0.0,0.0,1.0,0.0,1.0,0.0,0.0,0.0,0.0,1.0,0.0,0.0,0.0,0.0,1.0,0.0,0.0,0.0,0.0,0.0,0.0,0.0,1.0,1.0,0.0
0.4523809523809524,0.3259312320916905,0.03571428571428571,0.5,1.0,0.6428571428571428,0.6666666666666667,0.25,0.6666666666666667,0.5518237862830722,0.036779763099779164,0.4444444444444444,0.0,0.0,0.6666666666666667,0.3333333333333333,0.5964912280701754,0.5,0.3333333333333333,0.16666666666666666,0.0,0.13333333333333333,0.0,0.0,0.0,1.0,0.0,0.0,1.0,0.0,0.0,1.0,0.0,0.0,0.0,0.0,1.0,0.0,0.0,0.0,0.0,0.0,0.0,0.0,1.0,0.0,0.0,1.0,0.0,0.0,1.0
0.28571428571428564,0.6031518624641833,0.2857142857142857,0.5,0.3333333333333333,0.8428571428571427,0.6666666666666667,0.0,1.0,0.0046236835345492,0.5591246737602891,0.1111111111111111,0.1428571428571428,0.0,0.6666666666666667,0.0,0.03508771929824561,0.5,0.3333333333333333,0.05555555555555555,0.0,0.0,0.0,0.0,0.0,1.0,0.0,0.0,1.0,0.0,0.0,0.0,1.0,0.0,0.0,0.0,1.0,0.0,0.0,0.0,0.0,0.0,0.0,0.0,0.0,1.0,0.0,0.0,1.0,1.0,0.0
0.7857142857142856,0.8703438395415473,0.8928571428571428,0.75,0.0,0.5142857142857142,0.6666666666666667,0.75,0.6666666666666667,0.9824043154379656,0.14053402931138326,0.2222222222222222,0.2142857142857143,0.0,0.6666666666666667,0.3333333333333333,1.0,0.3333333333333333,0.3333333333333333,1.0,0.41379310344827586,0.5333333333333333,1.0,0.0,0.0,1.0,0.0,0.0,1.0,0.0,0.0,1.0,0.0,0.0,0.0,1.0,0.0,0.0,0.0,0.0,1.0,0.0,0.0,0.0,0.0,0.0,0.0,1.0,0.0,1.0,0.0
0.3095238095238095,0.49785100286532946,0.2142857142857143,0.25,0.6666666666666667,0.2571428571428572,0.3333333333333333,0.5,0.6666666666666667,0.5095042383765733,0.47942180285083313,0.1111111111111111,0.9285714285714285,1.0,0.0,0.3333333333333333,0.3508771929824561,0.3333333333333333,0.6666666666666667,0.5555555555555556,0.6206896551724138,1.0,0.6206896551724138,0.0,1.0,0.0,0.0,1.0,0.0,0.0,1.0,0.0,0.0,0.0,0.0,1.0,0.0,0.0,0.0,0.0,0.0,1.0,0.0,0.0,0.0,0.0,0.0,1.0,0.0,1.0,0.0
0.9285714285714284,0.07664756446991405,0.9999999999999999,0.5,0.0,0.3714285714285714,0.3333333333333333,0.75,1.0,0.8418314924222965,0.8033728167034732,0.3333333333333333,0.0714285714285714,0.0,0.6666666666666667,0.3333333333333333,1.0,0.5,0.3333333333333333,0.05555555555555555,0.0,0.0,0.0,0.0,0.0,1.0,0.0,0.0,1.0,0.0,0.0,1.0,0.0,0.0,0.0,0.0,1.0,0.0,0.0,0.0,1.0,0.0,0.0,0.0,0.0,0.0,1.0,0.0,0.0,1.0,0.0
0.3333333333333333,0.3889684813753581,0.2857142857142857,0.75,0.0,0.8857142857142857,0.6666666666666667,0.25,1.0,0.34118931415360904,0.6422405139530215,0.1111111111111111,0.0714285714285714,0.0,1.0,0.3333333333333333,0.21052631578947367,0.3333333333333333,0.3333333333333333,0.3333333333333333,0.27586206896551724,0.0,0.3448275862068966,0.0,0.0,1.0,0.0,1.0,0.0,0.0,1.0,0.0,0.0,0.0,0.0,1.0,0.0,0.0,0.0,0.0,0.0,0.0,0.0,1.0,0.0,0.0,0.0,1.0,0.0,0.0,1.0
0.5476190476190477,0.04584527220630373,0.39285714285714285,0.75,0.3333333333333333,0.2285714285714286,0.6666666666666667,0.0,1.0,0.2412663755458515,0.2793414976912266,0.3333333333333333,0.0,0.0,0.0,0.3333333333333333,0.21052631578947367,0.6666666666666666,0.6666666666666667,0.05555555555555555,0.0,0.0,0.0,0.0,0.0,1.0,0.0,1.0,0.0,0.0,1.0,0.0,0.0,0.0,0.0,0.0,1.0,0.0,0.0,1.0,0.0,0.0,0.0,0.0,0.0,0.0,0.0,1.0,0.0,0.0,1.0
0.4761904761904761,0.9935530085959885,0.03571428571428571,0.25,1.0,0.17142857142857143,0.6666666666666667,0.0,1.0,0.04450295402003597,0.4020076289901626,0.1111111111111111,0.8571428571428571,1.0,0.6666666666666667,0.3333333333333333,0.03508771929824561,0.5,0.6666666666666667,0.05555555555555555,0.0,0.0,0.0,0.0,1.0,0.0,0.0,1.0,0.0,0.0,1.0,0.0,0.0,0.0,0.0,0.0,1.0,0.0,0.0,1.0,0.0,0.0,0.0,0.0,0.0,0.0,0.0,1.0,0.0,0.0,1.0
0.21428571428571425,0.34957020057306587,0.03571428571428571,0.5,1.0,0.8142857142857143,0.6666666666666667,0.0,1.0,0.1008862060107886,0.16876129291306965,0.2222222222222222,0.1428571428571428,0.0,0.6666666666666667,0.0,0.21052631578947367,0.0,0.3333333333333333,0.2222222222222222,0.13793103448275862,0.13333333333333333,0.13793103448275862,0.0,1.0,0.0,0.0,1.0,0.0,0.0,0.0,0.0,1.0,0.0,0.0,0.0,1.0,0.0,0.0,0.0,0.0,0.0,0.0,1.0,0.0,0.0,0.0,0.0,1.0,1.0,0.0
0.4523809523809524,0.027936962750716332,0.2857142857142857,0.75,0.0,0.5571428571428572,0.6666666666666667,0.5,0.3333333333333333,0.5025044952478808,0.9063240313190122,0.1111111111111111,0.1428571428571428,0.0,1.0,0.3333333333333333,0.3157894736842105,1.0,0.6666666666666667,0.5,0.3448275862068966,0.9333333333333333,0.48275862068965514,1.0,0.0,0.0,0.0,0.0,1.0,0.0,0.0,0.0,1.0,0.0,0.0,0.0,1.0,0.0,0.0,0.0,0.0,0.0,0.0,0.0,1.0,0.0,1.0,0.0,0.0,1.0,0.0
0.6190476190476188,0.9921203438395414,0.0,1.0,0.3333333333333333,0.6428571428571428,0.6666666666666667,0.25,0.0,0.2854482404315438,0.07689219032322828,0.5555555555555556,0.7142857142857143,1.0,0.6666666666666667,0.3333333333333333,0.3157894736842105,0.3333333333333333,0.3333333333333333,0.2222222222222222,0.20689655172413793,0.13333333333333333,0.20689655172413793,0.0,0.0,1.0,0.0,0.0,1.0,0.0,0.0,1.0,0.0,0.0,0.0,1.0,0.0,0.0,0.0,0.0,0.0,0.0,0.0,0.0,1.0,0.0,1.0,0.0,0.0,0.0,1.0
0.2619047619047619,0.9212034383954154,0.7142857142857143,0.75,0.3333333333333333,0.3,1.0,0.5,0.0,0.5760981248394554,0.32527604898614737,0.1111111111111111,0.0,0.0,0.6666666666666667,0.3333333333333333,0.3508771929824561,0.16666666666666666,0.6666666666666667,0.5555555555555556,0.6206896551724138,1.0,0.5517241379310345,0.0,0.0,1.0,0.0,1.0,0.0,0.0,1.0,0.0,0.0,0.0,0.0,1.0,0.0,0.0,0.0,0.0,0.0,1.0,0.0,0.0,0.0,0.0,1.0,0.0,0.0,1.0,0.0
0.4047619047619047,0.4820916905444126,0.0,0.75,0.6666666666666667,0.02857142857142858,0.3333333333333333,0.25,0.0,0.21211148214744413,0.8400722746436459,0.0,0.2142857142857143,0.0,0.3333333333333333,0.0,0.5614035087719298,0.3333333333333333,0.6666666666666667,0.8333333333333333,0.896551724137931,0.26666666666666666,0.5517241379310345,0.0,0.0,1.0,0.0,0.0,1.0,0.0,0.0,1.0,0.0,0.0,0.0,0.0,1.0,0.0,0.0,0.0,0.0,0.0,0.0,0.0,1.0,0.0,0.0,0.0,1.0,1.0,0.0
0.28571428571428564,0.49426934097421205,0.5357142857142857,0.0,0.3333333333333333,0.04285714285714287,0.6666666666666667,0.0,1.0,0.11899563318777293,0.06894197952218431,0.1111111111111111,0.0714285714285714,0.0,0.3333333333333333,0.3333333333333333,0.3508771929824561,0.3333333333333333,0.3333333333333333,0.5555555555555556,0.0,0.0,0.5517241379310345,0.0,0.0,1.0,0.0,1.0,0.0,0.0,1.0,0.0,0.0,0.0,0.0,0.0,1.0,0.0,0.0,0.0,0.0,0.0,0.0,1.0,0.0,0.0,0.0,1.0,0.0,1.0,0.0
0.4761904761904761,0.21060171919770773,0.03571428571428571,0.25,1.0,0.3428571428571428,0.3333333333333333,0.5,0.6666666666666667,0.4332776778833804,0.48604697851836987,0.3333333333333333,0.5714285714285713,0.0,1.0,0.3333333333333333,0.3508771929824561,1.0,1.0,0.2777777777777778,0.27586206896551724,0.0,0.13793103448275862,0.0,0.0,1.0,0.0,1.0,0.0,0.0,0.0,0.0,1.0,0.0,0.0,1.0,0.0,0.0,0.0,0.0,0.0,1.0,0.0,0.0,0.0,0.0,0.0,1.0,0.0,0.0,1.0
0.380952380952381,0.9290830945558739,0.2857142857142857,0.0,0.3333333333333333,0.5714285714285714,0.6666666666666667,0.25,0.6666666666666667,0.30214487541741586,0.14996988556514756,0.1111111111111111,0.6428571428571427,1.0,0.0,0.0,0.21052631578947367,0.5,0.3333333333333333,0.3333333333333333,0.3448275862068966,0.13333333333333333,0.20689655172413793,0.0,0.0,1.0,0.0,0.0,1.0,0.0,1.0,0.0,0.0,0.0,0.0,1.0,0.0,0.0,0.0,0.0,0.0,0.0,0.0,0.0,1.0,0.0,0.0,1.0,0.0,1.0,0.0
0.5714285714285714,0.1160458452722063,0.14285714285714285,0.25,1.0,0.857142857142857,0.6666666666666667,1.0,0.6666666666666667,1.0,0.22790604296326036,0.6666666666666666,0.1428571428571428,0.0,0.3333333333333333,0.0,0.7368421052631579,0.5,1.0,0.05555555555555555,0.0,0.0,0.0,0.0,0.0,1.0,0.0,0.0,1.0,0.0,0.0,1.0,0.0,0.0,0.0,0.0,1.0,0.0,0.0,0.0,1.0,0.0,0.0,0.0,0.0,0.0,0.0,1.0,0.0,1.0,0.0
0.7142857142857142,0.5386819484240687,0.10714285714285714,0.5,1.0,0.3428571428571428,0.6666666666666667,0.5,1.0,0.4423966092987413,0.6670146556916282,0.1111111111111111,0.0,0.0,0.6666666666666667,0.0,0.38596491228070173,0.3333333333333333,0.6666666666666667,0.5555555555555556,0.6206896551724138,0.0,0.5517241379310345,0.0,0.0,1.0,0.0,1.0,0.0,0.0,1.0,0.0,0.0,0.0,0.0,0.0,1.0,0.0,0.0,0.0,0.0,1.0,0.0,0.0,0.0,0.0,0.0,0.0,1.0,1.0,0.0
0.49999999999999994,0.21848137535816617,0.03571428571428571,0.75,1.0,0.7142857142857142,0.3333333333333333,0.25,0.6666666666666667,0.22758797842281014,0.7582413170046175,0.1111111111111111,0.0,0.0,0.0,0.0,0.7017543859649122,0.6666666666666666,0.6666666666666667,1.0,0.48275862068965514,1.0,0.6896551724137931,0.0,0.0,1.0,0.0,1.0,0.0,0.0,0.0,0.0,0.0,0.0,1.0,1.0,0.0,1.0,0.0,0.0,0.0,0.0,0.0,0.0,0.0,0.0,0.0,0.0,1.0,1.0,0.0
0.7380952380952379,0.6439828080229226,0.6071428571428571,0.75,1.0,0.8857142857142857,0.6666666666666667,0.25,1.0,0.3721423067043411,0.8712708291507729,0.1111111111111111,0.2857142857142857,0.0,0.0,0.6666666666666666,0.24561403508771928,0.0,0.6666666666666667,0.38888888888888884,0.48275862068965514,0.13333333333333333,0.48275862068965514,1.0,0.0,0.0,0.0,1.0,0.0,0.0,1.0,0.0,0.0,0.0,0.0,0.0,1.0,0.0,0.0,0.0,0.0,1.0,0.0,0.0,0.0,0.0,1.0,0.0,0.0,0.0,1.0
0.5476190476190477,0.568051575931232,0.17857142857142855,0.5,1.0,0.6428571428571428,0.6666666666666667,0.5,1.0,0.8079886976624711,0.5051194539249146,0.3333333333333333,0.4999999999999999,0.0,0.6666666666666667,0.0,0.5614035087719298,0.5,0.6666666666666667,0.05555555555555555,0.0,0.0,0.0,0.0,0.0,1.0,0.0,0.0,1.0,0.0,1.0,0.0,0.0,0.0,0.0,1.0,0.0,0.0,0.0,0.0,1.0,0.0,0.0,0.0,0.0,0.0,0.0,0.0,1.0,0.0,1.0
0.28571428571428564,0.8144699140401146,0.2857142857142857,0.5,0.6666666666666667,0.2571428571428572,0.6666666666666667,0.25,1.0,0.34279475982532753,0.4773338687010641,0.0,0.5714285714285713,0.0,1.0,0.0,0.42105263157894735,0.3333333333333333,0.0,0.611111111111111,0.6206896551724138,0.5333333333333333,0.48275862068965514,0.0,0.0,1.0,1.0,0.0,0.0,1.0,0.0,0.0,0.0,0.0,0.0,0.0,1.0,0.0,1.0,0.0,0.0,0.0,0.0,0.0,0.0,0.0,0.0,1.0,0.0,0.0,1.0
0.5238095238095237,0.25429799426934097,0.5357142857142857,0.25,0.6666666666666667,0.6285714285714286,0.6666666666666667,0.0,0.6666666666666667,0.16279219111225277,0.2585023087733387,1.0,0.3571428571428571,0.0,0.3333333333333333,0.3333333333333333,0.21052631578947367,0.0,0.6666666666666667,0.2222222222222222,0.13793103448275862,0.0,0.0,1.0,0.0,0.0,0.0,1.0,0.0,0.0,1.0,0.0,0.0,0.0,0.0,0.0,1.0,0.0,0.0,0.0,0.0,0.0,0.0,1.0,0.0,0.0,1.0,0.0,0.0,1.0,0.0
0.3095238095238095,0.40401146131805155,0.0,0.75,0.3333333333333333,0.28571428571428575,0.0,0.0,0.6666666666666667,0.022476239404058573,0.5645452720337282,0.1111111111111111,0.0714285714285714,0.0,0.3333333333333333,0.0,0.03508771929824561,0.5,0.6666666666666667,0.05555555555555555,0.0,0.0,0.0,0.0,1.0,0.0,0.0,0.0,1.0,0.0,1.0,0.0,0.0,0.0,0.0,1.0,0.0,0.0,0.0,0.0,0.0,0.0,0.0,0.0,0.0,1.0,0.0,0.0,1.0,1.0,0.0
0.6190476190476188,0.7227793696275071,0.0,0.75,0.0,0.28571428571428575,0.3333333333333333,0.25,0.6666666666666667,0.31954790649884407,0.9957839791206585,0.4444444444444444,0.0,0.0,0.3333333333333333,0.0,0.3508771929824561,0.16666666666666666,1.0,0.1111111111111111,0.13793103448275862,0.0,0.13793103448275862,0.0,0.0,1.0,1.0,0.0,0.0,0.0,1.0,0.0,0.0,0.0,0.0,1.0,0.0,0.0,1.0,0.0,0.0,0.0,0.0,0.0,0.0,0.0,0.0,0.0,1.0,1.0,0.0
0.2619047619047619,0.7041547277936963,0.2142857142857143,0.0,0.0,0.45714285714285713,0.3333333333333333,0.0,1.0,0.09780375032108912,0.15900421602087933,0.6666666666666666,0.2142857142857143,0.0,0.6666666666666667,1.0,0.2807017543859649,0.8333333333333333,0.6666666666666667,0.2222222222222222,0.20689655172413793,0.0,0.20689655172413793,0.0,0.0,1.0,0.0,1.0,0.0,0.0,0.0,0.0,1.0,0.0,0.0,1.0,0.0,0.0,0.0,1.0,0.0,0.0,0.0,0.0,0.0,0.0,1.0,0.0,0.0,1.0,0.0
0.4761904761904761,0.2901146131805158,0.17857142857142855,0.75,0.0,0.5999999999999999,0.3333333333333333,0.25,0.6666666666666667,0.27690726945800154,0.48945994780164626,0.2222222222222222,0.0,0.0,1.0,0.3333333333333333,0.3508771929824561,0.16666666666666666,0.6666666666666667,0.4444444444444444,0.20689655172413793,0.9333333333333333,0.48275862068965514,0.0,1.0,0.0,0.0,1.0,0.0,0.0,1.0,0.0,0.0,0.0,0.0,0.0,1.0,0.0,0.0,0.0,0.0,1.0,0.0,0.0,0.0,0.0,0.0,1.0,0.0,1.0,0.0
0.5476190476190477,0.6554441260744985,0.0,0.5,0.6666666666666667,0.5142857142857142,0.6666666666666667,0.25,0.0,0.19868995633187775,0.08845613330656493,0.0,0.4285714285714285,0.0,1.0,0.3333333333333333,0.3508771929824561,0.3333333333333333,0.6666666666666667,0.5,0.20689655172413793,0.13333333333333333,0.48275862068965514,0.0,1.0,0.0,0.0,0.0,1.0,0.0,0.0,1.0,0.0,0.0,0.0,1.0,0.0,0.0,0.0,0.0,0.0,0.0,0.0,0.0,1.0,0.0,1.0,0.0,0.0,1.0,0.0
0.35714285714285715,0.34598853868194845,0.0,0.5,0.0,0.2571428571428572,1.0,0.25,0.0,0.194451579758541,0.791889178879743,0.1111111111111111,0.7857142857142857,1.0,0.0,0.3333333333333333,0.3157894736842105,0.8333333333333333,0.6666666666666667,0.5,0.5517241379310345,0.0,0.5517241379310345,0.0,0.0,1.0,0.0,0.0,1.0,0.0,0.0,0.0,1.0,0.0,0.0,0.0,1.0,0.0,0.0,0.0,0.0,0.0,0.0,0.0,1.0,0.0,1.0,0.0,0.0,1.0,0.0
0.6190476190476188,0.8667621776504297,0.2142857142857143,0.5,0.3333333333333333,0.01428571428571429,0.6666666666666667,1.0,1.0,1.0,0.058422003613732176,0.0,0.2142857142857143,0.0,1.0,0.3333333333333333,0.8070175438596491,0.6666666666666666,0.3333333333333333,1.0,0.48275862068965514,0.13333333333333333,0.6896551724137931,0.0,0.0,1.0,0.0,1.0,0.0,0.0,0.0,0.0,1.0,0.0,0.0,1.0,0.0,0.0,0.0,0.0,0.0,0.0,1.0,0.0,0.0,0.0,1.0,0.0,0.0,0.0,1.0
0.42857142857142855,0.23209169054441262,0.25,0.5,0.0,0.4714285714285715,1.0,0.5,0.0,0.6873876188029797,0.7324232081911263,1.0,0.2142857142857143,0.0,0.0,0.3333333333333333,0.3508771929824561,0.3333333333333333,0.6666666666666667,0.4444444444444444,0.48275862068965514,0.0,0.3448275862068966,1.0,0.0,0.0,0.0,1.0,0.0,0.0,1.0,0.0,0.0,0.0,0.0,1.0,0.0,0.0,0.0,0.0,0.0,0.0,1.0,0.0,0.0,0.0,0.0,1.0,0.0,1.0,0.0
0.380952380952381,0.14398280802292263,0.03571428571428571,0.5,1.0,0.42857142857142855,0.6666666666666667,0.25,1.0,0.3381068584639096,0.6662116040955631,0.1111111111111111,0.7857142857142857,1.0,0.6666666666666667,0.0,0.21052631578947367,0.8333333333333333,0.6666666666666667,0.3333333333333333,0.3448275862068966,0.13333333333333333,0.27586206896551724,0.0,0.0,1.0,0.0,0.0,1.0,0.0,0.0,0.0,0.0,1.0,0.0,0.0,1.0,0.0,0.0,0.0,0.0,0.0,0.0,0.0,1.0,0.0,0.0,0.0,1.0,1.0,0.0
0.6666666666666665,0.43123209169054433,0.03571428571428571,0.75,0.3333333333333333,0.7571428571428571,0.6666666666666667,1.0,0.0,1.0,0.8322826741618149,0.3333333333333333,0.0714285714285714,0.0,1.0,0.0,0.7719298245614035,0.3333333333333333,0.3333333333333333,0.1111111111111111,0.13793103448275862,0.26666666666666666,0.06896551724137931,0.0,0.0,1.0,0.0,0.0,1.0,0.0,0.0,1.0,0.0,0.0,0.0,1.0,0.0,0.0,0.0,0.0,1.0,0.0,0.0,0.0,0.0,0.0,0.0,0.0,1.0,1.0,0.0
0.6190476190476188,0.005730659025787968,0.5714285714285714,0.5,1.0,0.6285714285714286,0.0,0.0,0.6666666666666667,0.08226303621885436,0.0877333868701064,0.2222222222222222,0.1428571428571428,0.0,1.0,0.0,0.21052631578947367,0.5,0.6666666666666667,0.0,0.0,0.0,0.0,1.0,0.0,0.0,0.0,1.0,0.0,0.0,1.0,0.0,0.0,0.0,0.0,0.0,1.0,0.0,0.0,0.0,0.0,0.0,0.0,1.0,0.0,0.0,0.0,0.0,1.0,1.0,0.0
0.4047619047619047,0.07521489971346706,0.25,0.75,0.6666666666666667,0.31428571428571433,0.6666666666666667,0.25,0.6666666666666667,0.201579758540971,0.407789600481831,0.1111111111111111,0.0714285714285714,0.0,1.0,0.3333333333333333,0.5263157894736842,0.8333333333333333,0.6666666666666667,0.7777777777777777,0.7586206896551724,0.26666666666666666,0.6206896551724138,1.0,0.0,0.0,0.0,1.0,0.0,0.0,1.0,0.0,0.0,0.0,0.0,1.0,0.0,1.0,0.0,0.0,0.0,0.0,0.0,0.0,0.0,0.0,0.0,1.0,0.0,1.0,0.0
0.2619047619047619,0.502865329512894,0.0,0.25,0.3333333333333333,0.08571428571428569,0.3333333333333333,0.0,0.0,0.08412535319804779,0.1845011041959446,0.1111111111111111,0.0,0.0,1.0,0.3333333333333333,0.03508771929824561,0.16666666666666666,0.6666666666666667,0.05555555555555555,0.0,0.0,0.0,0.0,0.0,1.0,0.0,1.0,0.0,0.0,1.0,0.0,0.0,0.0,0.0,1.0,0.0,0.0,0.0,1.0,0.0,0.0,0.0,0.0,0.0,0.0,0.0,1.0,0.0,0.0,1.0
0.4761904761904761,0.5186246418338109,0.0,0.75,0.3333333333333333,0.04285714285714287,1.0,0.25,1.0,0.42486514256357566,0.6941979522184301,0.0,0.1428571428571428,0.0,0.6666666666666667,0.0,0.3508771929824561,0.6666666666666666,0.3333333333333333,0.5,0.48275862068965514,0.13333333333333333,0.5517241379310345,0.0,0.0,1.0,0.0,1.0,0.0,0.0,1.0,0.0,0.0,0.0,0.0,1.0,0.0,1.0,0.0,0.0,0.0,0.0,0.0,0.0,0.0,0.0,0.0,0.0,1.0,1.0,0.0
0.8333333333333333,0.7027220630372493,0.42857142857142855,0.25,1.0,0.38571428571428573,1.0,0.25,0.0,0.22097354225533006,0.969925717727364,0.1111111111111111,0.0,0.0,0.6666666666666667,0.6666666666666666,0.17543859649122806,0.5,0.6666666666666667,0.2222222222222222,0.13793103448275862,0.13333333333333333,0.20689655172413793,0.0,0.0,1.0,0.0,1.0,0.0,0.0,0.0,0.0,1.0,0.0,0.0,1.0,0.0,0.0,0.0,0.0,0.0,1.0,0.0,0.0,0.0,0.0,1.0,0.0,0.0,1.0,0.0
0.7619047619047619,0.497134670487106,0.10714285714285714,0.0,0.0,0.9428571428571428,0.6666666666666667,1.0,0.3333333333333333,1.0,0.5509335474804257,0.3333333333333333,0.2142857142857143,0.0,0.0,0.6666666666666666,0.9824561403508771,0.6666666666666666,0.3333333333333333,0.5555555555555556,0.27586206896551724,0.13333333333333333,0.41379310344827586,0.0,0.0,1.0,0.0,1.0,0.0,0.0,1.0,0.0,0.0,0.0,0.0,0.0,1.0,0.0,0.0,0.0,0.0,0.0,1.0,0.0,0.0,0.0,1.0,0.0,0.0,1.0,0.0
0.4523809523809524,0.8080229226361031,0.7142857142857143,0.25,0.6666666666666667,0.3428571428571428,0.6666666666666667,0.0,1.0,0.12612381197020292,0.7680385464766111,0.5555555555555556,0.2857142857142857,0.0,0.3333333333333333,0.3333333333333333,0.3508771929824561,0.5,0.6666666666666667,0.2777777777777778,0.27586206896551724,0.0,0.0,0.0,1.0,0.0,0.0,0.0,1.0,0.0,0.0,0.0,1.0,0.0,0.0,1.0,0.0,0.0,0.0,0.0,0.0,0.0,0.0,0.0,0.0,1.0,0.0,1.0,0.0,1.0,0.0
0.4523809523809524,0.19126074498567333,0.3214285714285714,0.75,1.0,0.39999999999999997,0.6666666666666667,0.25,0.0,0.20575391728743897,0.11636217626982534,0.1111111111111111,0.2857142857142857,0.0,0.3333333333333333,0.0,0.3508771929824561,0.6666666666666666,0.0,0.5555555555555556,0.20689655172413793,0.0,0.5517241379310345,0.0,0.0,1.0,0.0,1.0,0.0,0.0,0.0,0.0,1.0,0.0,0.0,0.0,1.0,0.0,0.0,0.0,0.0,1.0,0.0,0.0,0.0,0.0,0.0,0.0,1.0,1.0,0.0
0.4761904761904761,0.419054441260745,0.7857142857142857,0.75,1.0,0.7428571428571429,0.6666666666666667,0.25,1.0,0.3041356280503468,0.6747641035936559,1.0,0.2142857142857143,0.0,0.3333333333333333,0.3333333333333333,0.3508771929824561,0.3333333333333333,0.6666666666666667,0.1111111111111111,0.13793103448275862,0.13333333333333333,0.13793103448275862,0.0,0.0,1.0,0.0,1.0,0.0,0.0,1.0,0.0,0.0,0.0,0.0,0.0,1.0,1.0,0.0,0.0,0.0,0.0,0.0,0.0,0.0,0.0,1.0,0.0,0.0,1.0,0.0
0.23809523809523808,0.9455587392550142,0.0,0.5,0.0,0.5999999999999999,0.3333333333333333,0.0,0.6666666666666667,0.035576676085281284,0.41903232282674163,0.1111111111111111,0.2142857142857143,0.0,1.0,0.3333333333333333,0.03508771929824561,0.3333333333333333,0.0,0.05555555555555555,0.0,0.0,0.0,0.0,0.0,1.0,0.0,1.0,0.0,0.0,1.0,0.0,0.0,0.0,0.0,0.0,1.0,0.0,0.0,0.0,0.0,0.0,0.0,1.0,0.0,0.0,1.0,0.0,0.0,1.0,0.0
0.8809523809523809,0.7077363896848137,0.03571428571428571,0.0,1.0,0.49999999999999994,0.6666666666666667,0.5,0.3333333333333333,0.6400590804007191,0.5508532423208191,0.3333333333333333,0.4999999999999999,0.0,0.3333333333333333,0.3333333333333333,0.8070175438596491,0.6666666666666666,0.6666666666666667,0.16666666666666666,0.13793103448275862,0.13333333333333333,0.13793103448275862,0.0,1.0,0.0,0.0,1.0,0.0,0.0,1.0,0.0,0.0,0.0,0.0,0.0,1.0,0.0,0.0,0.0,0.0,1.0,0.0,0.0,0.0,0.0,0.0,1.0,0.0,1.0,0.0
0.4761904761904761,0.16260744985673353,0.5714285714285714,0.0,0.6666666666666667,0.49999999999999994,0.3333333333333333,0.5,0.6666666666666667,0.5017980991523248,0.9039951816904236,0.0,0.4999999999999999,0.0,0.0,0.3333333333333333,0.7017543859649122,0.6666666666666666,0.3333333333333333,1.0,0.6206896551724138,0.13333333333333333,0.6206896551724138,0.0,0.0,1.0,0.0,1.0,0.0,0.0,1.0,0.0,0.0,0.0,0.0,1.0,0.0,1.0,0.0,0.0,0.0,0.0,0.0,0.0,0.0,0.0,0.0,1.0,0.0,1.0,0.0
0.6428571428571428,0.9641833810888252,0.03571428571428571,0.5,0.0,0.9142857142857141,0.0,1.0,0.3333333333333333,1.0,0.016020879341497693,0.2222222222222222,0.3571428571428571,0.0,0.0,0.0,0.9122807017543859,0.3333333333333333,0.6666666666666667,1.0,0.6896551724137931,0.13333333333333333,0.7586206896551724,0.0,0.0,1.0,0.0,0.0,1.0,0.0,0.0,1.0,0.0,0.0,0.0,1.0,0.0,0.0,0.0,0.0,1.0,0.0,0.0,0.0,0.0,0.0,0.0,0.0,1.0,0.0,1.0
0.3095238095238095,0.1833810888252149,0.6071428571428571,1.0,1.0,0.8428571428571427,1.0,0.0,0.0,0.12503210891343436,0.779000200762899,0.0,0.4285714285714285,0.0,0.6666666666666667,0.0,0.07017543859649122,0.6666666666666666,0.6666666666666667,0.05555555555555555,0.0,0.0,0.0,0.0,0.0,1.0,1.0,0.0,0.0,1.0,0.0,0.0,0.0,0.0,0.0,0.0,1.0,0.0,1.0,0.0,0.0,0.0,0.0,0.0,0.0,0.0,0.0,1.0,0.0,1.0,0.0
0.5952380952380951,0.83810888252149,0.03571428571428571,0.25,1.0,0.5999999999999999,1.0,0.0,0.6666666666666667,0.10506036475725661,0.796185504918691,0.1111111111111111,0.0714285714285714,0.0,1.0,0.6666666666666666,0.21052631578947367,0.5,0.3333333333333333,0.2777777777777778,0.20689655172413793,0.13333333333333333,0.27586206896551724,0.0,0.0,1.0,0.0,1.0,0.0,0.0,0.0,0.0,1.0,0.0,0.0,1.0,0.0,0.0,0.0,0.0,0.0,0.0,0.0,1.0,0.0,0.0,1.0,0.0,0.0,1.0,0.0
0.5238095238095237,0.7406876790830945,0.0,0.75,0.0,0.9714285714285713,0.6666666666666667,0.75,0.0,1.0,0.6784581409355551,0.2222222222222222,0.0,0.0,0.0,0.3333333333333333,0.7719298245614035,0.5,0.6666666666666667,1.0,0.48275862068965514,1.0,1.0,0.0,0.0,1.0,0.0,1.0,0.0,0.0,1.0,0.0,0.0,0.0,0.0,0.0,1.0,0.0,0.0,0.0,1.0,0.0,0.0,0.0,0.0,0.0,1.0,0.0,0.0,1.0,0.0
0.28571428571428564,0.7012893982808023,0.39285714285714285,0.5,0.3333333333333333,0.7571428571428571,0.6666666666666667,0.25,0.6666666666666667,0.35756486000513743,0.7012246536839992,0.0,0.0,0.0,0.3333333333333333,0.0,0.21052631578947367,1.0,0.6666666666666667,0.2777777777777778,0.27586206896551724,0.5333333333333333,0.27586206896551724,0.0,0.0,1.0,0.0,0.0,1.0,0.0,0.0,0.0,0.0,0.0,1.0,1.0,0.0,0.0,0.0,0.0,0.0,0.0,0.0,0.0,1.0,0.0,0.0,0.0,1.0,1.0,0.0
0.23809523809523808,0.4534383954154727,0.8928571428571428,0.5,0.6666666666666667,0.2571428571428572,0.3333333333333333,0.25,0.0,0.23856922681736448,0.8888978116844007,0.1111111111111111,0.0,0.0,0.6666666666666667,0.3333333333333333,0.17543859649122806,0.0,0.6666666666666667,0.2777777777777778,0.20689655172413793,0.0,0.27586206896551724,0.0,0.0,1.0,0.0,0.0,1.0,0.0,1.0,0.0,0.0,0.0,0.0,0.0,1.0,0.0,0.0,0.0,0.0,0.0,0.0,0.0,1.0,0.0,0.0,1.0,0.0,1.0,0.0
0.0,0.3159025787965616,0.07142857142857142,0.25,0.3333333333333333,0.5714285714285714,0.6666666666666667,0.0,1.0,0.035961983046493715,0.655531017867898,0.1111111111111111,0.0714285714285714,0.0,0.6666666666666667,0.0,0.0,0.3333333333333333,1.0,0.0,0.0,0.0,0.0,0.0,1.0,0.0,0.0,0.0,1.0,0.0,0.0,0.0,1.0,0.0,0.0,1.0,0.0,0.0,0.0,0.0,0.0,0.0,0.0,0.0,0.0,1.0,0.0,0.0,1.0,0.0,1.0
0.23809523809523808,0.3051575931232091,0.03571428571428571,0.75,0.0,0.7,0.6666666666666667,0.0,0.6666666666666667,0.15900333932699717,0.5155992772535636,0.2222222222222222,0.0,0.0,0.6666666666666667,0.0,0.17543859649122806,0.8333333333333333,0.0,0.0,0.0,0.0,0.0,0.0,0.0,1.0,0.0,1.0,0.0,0.0,1.0,0.0,0.0,0.0,0.0,0.0,1.0,0.0,0.0,1.0,0.0,0.0,0.0,0.0,0.0,0.0,0.0,0.0,1.0,1.0,0.0
0.49999999999999994,0.7585959885386819,0.07142857142857142,0.25,1.0,0.1571428571428572,0.6666666666666667,0.25,0.6666666666666667,0.27157718982789625,0.62975306163421,0.4444444444444444,0.4999999999999999,0.0,0.0,0.0,0.42105263157894735,0.5,0.3333333333333333,0.05555555555555555,0.0,0.0,0.0,0.0,0.0,1.0,0.0,0.0,1.0,0.0,0.0,0.0,1.0,0.0,0.0,1.0,0.0,0.0,0.0,0.0,0.0,0.0,0.0,0.0,1.0,0.0,0.0,1.0,0.0,0.0,1.0
0.16666666666666669,0.4792263610315186,0.03571428571428571,0.0,1.0,0.6714285714285713,1.0,0.25,0.6666666666666667,0.26952221936809656,0.11559927725356353,0.1111111111111111,0.4285714285714285,0.0,0.6666666666666667,0.6666666666666666,0.24561403508771928,1.0,0.6666666666666667,0.38888888888888884,0.48275862068965514,0.0,0.48275862068965514,0.0,1.0,0.0,0.0,1.0,0.0,0.0,1.0,0.0,0.0,0.0,0.0,0.0,1.0,0.0,0.0,0.0,0.0,1.0,0.0,0.0,0.0,0.0,1.0,0.0,0.0,1.0,0.0
0.35714285714285715,0.8159025787965616,0.25,0.75,0.0,0.2285714285714286,0.6666666666666667,0.25,0.0,0.3456845620344208,0.34109616542862875,0.2222222222222222,0.1428571428571428,0.0,1.0,0.3333333333333333,0.2807017543859649,1.0,0.0,0.1111111111111111,0.13793103448275862,0.26666666666666666,0.13793103448275862,0.0,0.0,1.0,0.0,0.0,1.0,0.0,1.0,0.0,0.0,0.0,0.0,0.0,1.0,0.0,0.0,0.0,0.0,0.0,0.0,0.0,1.0,0.0,0.0,1.0,0.0,1.0,0.0
0.23809523809523808,0.9828080229226361,0.42857142857142855,0.25,1.0,0.7714285714285714,0.6666666666666667,0.25,0.6666666666666667,0.5680066786539943,0.8535635414575387,0.3333333333333333,0.0,0.0,1.0,0.0,0.21052631578947367,0.0,0.6666666666666667,0.1111111111111111,0.0,0.26666666666666666,0.13793103448275862,0.0,0.0,1.0,0.0,0.0,1.0,0.0,0.0,1.0,0.0,0.0,0.0,1.0,0.0,0.0,0.0,0.0,0.0,0.0,0.0,0.0,1.0,0.0,0.0,0.0,1.0,0.0,1.0
0.9999999999999998,1.0,0.9642857142857143,0.5,0.6666666666666667,0.7142857142857142,0.3333333333333333,0.5,0.0,0.5944644233239147,0.030154587432242516,0.4444444444444444,0.5714285714285713,0.0,1.0,0.0,0.7719298245614035,0.8333333333333333,1.0,1.0,0.896551724137931,1.0,0.7586206896551724,0.0,1.0,0.0,0.0,0.0,1.0,0.0,0.0,1.0,0.0,0.0,0.0,1.0,0.0,0.0,0.0,0.0,0.0,0.0,0.0,0.0,1.0,0.0,0.0,1.0,0.0,1.0,0.0
0.5714285714285714,0.2707736389684814,0.39285714285714285,0.5,0.6666666666666667,0.2,0.6666666666666667,0.75,0.0,0.8187130747495506,0.014173860670548086,0.0,0.0714285714285714,0.0,0.3333333333333333,0.0,0.7719298245614035,0.3333333333333333,0.3333333333333333,1.0,0.6206896551724138,1.0,0.9655172413793103,0.0,1.0,0.0,0.0,0.0,1.0,0.0,1.0,0.0,0.0,0.0,0.0,0.0,1.0,0.0,0.0,0.0,0.0,0.0,0.0,0.0,1.0,0.0,0.0,0.0,1.0,0.0,1.0
0.380952380952381,0.6210601719197707,0.25,0.25,0.3333333333333333,0.9428571428571428,0.6666666666666667,0.25,0.6666666666666667,0.3296301053172361,0.2114434852439269,0.3333333333333333,0.0,0.0,1.0,0.0,0.3508771929824561,0.3333333333333333,0.6666666666666667,0.2777777777777778,0.06896551724137931,0.5333333333333333,0.20689655172413793,0.0,0.0,1.0,0.0,1.0,0.0,0.0,0.0,0.0,1.0,0.0,0.0,1.0,0.0,1.0,0.0,0.0,0.0,0.0,0.0,0.0,0.0,0.0,0.0,0.0,1.0,1.0,0.0
0.6904761904761905,0.10458452722063039,0.03571428571428571,0.25,0.6666666666666667,0.07142857142857145,0.6666666666666667,0.25,1.0,0.22656049319291033,0.6299538245332262,0.0,0.7857142857142857,1.0,0.0,0.3333333333333333,0.2807017543859649,0.3333333333333333,0.6666666666666667,0.38888888888888884,0.41379310344827586,0.9333333333333333,0.48275862068965514,0.0,0.0,1.0,0.0,0.0,1.0,0.0,0.0,1.0,0.0,0.0,0.0,1.0,0.0,0.0,0.0,0.0,0.0,0.0,0.0,0.0,1.0,0.0,0.0,1.0,0.0,0.0,1.0
0.9047619047619047,0.5222063037249284,0.2857142857142857,0.5,0.6666666666666667,0.7285714285714284,0.6666666666666667,0.75,1.0,0.648214744413049,0.7358361774744028,0.7777777777777777,0.0,0.0,0.6666666666666667,0.0,1.0,0.16666666666666666,0.3333333333333333,0.5555555555555556,0.48275862068965514,0.13333333333333333,0.06896551724137931,0.0,0.0,1.0,0.0,1.0,0.0,0.0,0.0,0.0,1.0,0.0,0.0,0.0,1.0,1.0,0.0,0.0,0.0,0.0,0.0,0.0,0.0,0.0,0.0,1.0,0.0,1.0,0.0
0.3333333333333333,0.6088825214899714,0.14285714285714285,0.75,0.3333333333333333,0.49999999999999994,0.6666666666666667,0.0,0.3333333333333333,0.10974826611867455,0.6255771933346718,0.2222222222222222,0.2142857142857143,0.0,0.3333333333333333,0.0,0.42105263157894735,0.5,0.6666666666666667,0.38888888888888884,0.48275862068965514,0.0,0.48275862068965514,1.0,0.0,0.0,0.0,1.0,0.0,0.0,0.0,0.0,0.0,0.0,1.0,0.0,1.0,0.0,0.0,0.0,0.0,0.0,0.0,1.0,0.0,0.0,0.0,0.0,1.0,1.0,0.0
0.7380952380952379,0.7127507163323782,0.10714285714285714,0.25,0.0,0.7857142857142856,0.3333333333333333,1.0,0.6666666666666667,1.0,0.40273037542662116,0.2222222222222222,0.1428571428571428,0.0,0.6666666666666667,0.3333333333333333,0.8070175438596491,0.3333333333333333,1.0,0.05555555555555555,0.0,0.0,0.0,0.0,0.0,1.0,0.0,1.0,0.0,0.0,0.0,0.0,1.0,0.0,0.0,0.0,1.0,0.0,0.0,0.0,1.0,0.0,0.0,0.0,0.0,0.0,0.0,1.0,0.0,1.0,0.0
0.4523809523809524,0.5630372492836676,0.2857142857142857,0.5,0.3333333333333333,0.32857142857142857,0.6666666666666667,0.0,1.0,0.08457487798612895,0.37410158602690224,0.1111111111111111,0.0714285714285714,0.0,0.6666666666666667,1.0,0.14035087719298245,0.5,0.3333333333333333,0.2222222222222222,0.13793103448275862,0.13333333333333333,0.13793103448275862,0.0,1.0,0.0,0.0,1.0,0.0,0.0,0.0,0.0,1.0,0.0,0.0,0.0,1.0,0.0,0.0,0.0,0.0,0.0,0.0,1.0,0.0,0.0,0.0,1.0,0.0,0.0,1.0
0.5476190476190477,0.02865329512893984,0.10714285714285714,0.5,0.0,0.3714285714285714,0.6666666666666667,0.25,0.3333333333333333,0.5359619830464937,0.2996988556514756,0.1111111111111111,0.4999999999999999,0.0,0.6666666666666667,0.0,0.2807017543859649,0.8333333333333333,0.6666666666666667,0.4444444444444444,0.48275862068965514,0.9333333333333333,0.48275862068965514,0.0,1.0,0.0,0.0,0.0,1.0,0.0,0.0,1.0,0.0,0.0,0.0,0.0,1.0,0.0,0.0,0.0,0.0,0.0,0.0,0.0,1.0,0.0,0.0,0.0,1.0,1.0,0.0
0.4523809523809524,0.5859598853868194,0.3214285714285714,0.5,0.6666666666666667,0.9714285714285713,0.6666666666666667,0.0,0.0,0.1568841510403288,0.625135514956836,0.6666666666666666,0.6428571428571427,1.0,0.3333333333333333,0.3333333333333333,0.5964912280701754,0.5,0.6666666666666667,0.2777777777777778,0.27586206896551724,0.0,0.20689655172413793,0.0,0.0,1.0,0.0,1.0,0.0,0.0,0.0,0.0,1.0,0.0,0.0,1.0,0.0,0.0,0.0,1.0,0.0,0.0,0.0,0.0,0.0,0.0,0.0,1.0,0.0,1.0,0.0
0.23809523809523808,0.26074498567335247,0.2142857142857143,0.5,0.6666666666666667,0.35714285714285715,0.6666666666666667,0.25,0.0,0.24974312869252502,0.39080505922505515,0.0,0.2142857142857143,0.0,1.0,0.0,0.17543859649122806,0.8333333333333333,0.6666666666666667,0.2222222222222222,0.13793103448275862,0.13333333333333333,0.20689655172413793,0.0,1.0,0.0,0.0,0.0,1.0,0.0,1.0,0.0,0.0,0.0,0.0,0.0,1.0,0.0,0.0,0.0,0.0,0.0,0.0,0.0,1.0,0.0,0.0,0.0,1.0,1.0,0.0
0.21428571428571425,0.7363896848137536,0.5,0.5,1.0,0.6714285714285713,0.3333333333333333,0.0,0.0,0.24178011816080142,0.8733186107207388,0.0,0.5714285714285713,0.0,1.0,0.3333333333333333,0.2807017543859649,0.3333333333333333,0.3333333333333333,0.38888888888888884,0.41379310344827586,0.9333333333333333,0.20689655172413793,0.0,1.0,0.0,0.0,1.0,0.0,0.0,1.0,0.0,0.0,0.0,0.0,1.0,0.0,0.0,0.0,0.0,0.0,0.0,0.0,1.0,0.0,0.0,0.0,1.0,0.0,1.0,0.0
0.380952380952381,0.8595988538681948,0.03571428571428571,0.75,1.0,0.45714285714285713,0.3333333333333333,0.0,0.6666666666666667,0.11295915746211149,0.2538446095161614,0.3333333333333333,0.0714285714285714,0.0,0.6666666666666667,0.3333333333333333,0.49122807017543857,0.5,0.6666666666666667,0.38888888888888884,0.20689655172413793,0.6666666666666666,0.48275862068965514,0.0,0.0,1.0,0.0,1.0,0.0,0.0,1.0,0.0,0.0,0.0,0.0,0.0,1.0,0.0,0.0,0.0,0.0,0.0,0.0,1.0,0.0,0.0,1.0,0.0,0.0,1.0,0.0
0.4523809523809524,0.6260744985673352,0.0,0.5,1.0,0.3714285714285714,0.3333333333333333,0.25,1.0,0.35095042383765734,0.31588034531218634,0.1111111111111111,0.1428571428571428,0.0,0.3333333333333333,0.3333333333333333,0.49122807017543857,0.3333333333333333,0.3333333333333333,0.7777777777777777,0.5517241379310345,0.4,0.7586206896551724,0.0,0.0,1.0,0.0,1.0,0.0,0.0,1.0,0.0,0.0,0.0,0.0,1.0,0.0,0.0,0.0,0.0,0.0,1.0,0.0,0.0,0.0,0.0,0.0,1.0,0.0,1.0,0.0
0.976190476190476,0.8037249283667621,0.0,0.0,0.0,0.38571428571428573,0.3333333333333333,0.25,0.6666666666666667,0.28666837914204985,0.9064043364786187,0.7777777777777777,0.0,0.0,1.0,0.0,0.7017543859649122,0.3333333333333333,0.3333333333333333,0.2222222222222222,0.20689655172413793,0.13333333333333333,0.20689655172413793,0.0,1.0,0.0,0.0,0.0,1.0,0.0,1.0,0.0,0.0,0.0,0.0,1.0,0.0,0.0,0.0,0.0,0.0,0.0,0.0,0.0,1.0,0.0,0.0,0.0,1.0,1.0,0.0
0.3095238095238095,0.3954154727793696,0.2142857142857143,0.75,1.0,0.2571428571428572,0.6666666666666667,0.25,1.0,0.3150526586180324,0.29849427825737807,0.3333333333333333,0.7857142857142857,1.0,1.0,0.3333333333333333,0.3508771929824561,0.5,0.3333333333333333,0.38888888888888884,0.48275862068965514,0.13333333333333333,0.48275862068965514,0.0,0.0,1.0,0.0,1.0,0.0,0.0,1.0,0.0,0.0,0.0,0.0,0.0,1.0,0.0,0.0,1.0,0.0,0.0,0.0,0.0,0.0,0.0,1.0,0.0,0.0,1.0,0.0
0.3095238095238095,0.7012893982808023,0.0,0.75,0.6666666666666667,0.8142857142857143,0.6666666666666667,0.0,0.3333333333333333,0.09581299768815824,0.6697851836980526,0.1111111111111111,0.4285714285714285,0.0,0.3333333333333333,0.0,0.03508771929824561,0.6666666666666666,0.6666666666666667,0.05555555555555555,0.06896551724137931,0.13333333333333333,0.0,0.0,0.0,1.0,0.0,1.0,0.0,0.0,0.0,0.0,1.0,0.0,0.0,0.0,1.0,0.0,0.0,0.0,0.0,0.0,0.0,1.0,0.0,0.0,0.0,0.0,1.0,1.0,0.0
0.42857142857142855,0.2886819484240688,0.07142857142857142,0.5,0.6666666666666667,0.0,0.6666666666666667,0.25,0.3333333333333333,0.22322116619573595,0.9713310580204778,0.4444444444444444,0.0714285714285714,0.0,1.0,0.0,0.3508771929824561,0.3333333333333333,0.6666666666666667,0.4444444444444444,0.0,0.9333333333333333,0.48275862068965514,0.0,0.0,1.0,0.0,1.0,0.0,0.0,0.0,0.0,0.0,0.0,1.0,0.0,1.0,0.0,0.0,0.0,0.0,0.0,0.0,1.0,0.0,0.0,0.0,0.0,1.0,1.0,0.0
0.21428571428571425,0.2743553008595988,0.25,0.5,0.3333333333333333,0.7999999999999998,1.0,0.0,0.6666666666666667,0.1610583097867968,0.8189520176671351,0.7777777777777777,0.4285714285714285,0.0,0.0,0.0,0.17543859649122806,0.0,0.6666666666666667,0.16666666666666666,0.13793103448275862,0.0,0.13793103448275862,0.0,0.0,1.0,0.0,1.0,0.0,0.0,0.0,0.0,1.0,0.0,0.0,1.0,0.0,0.0,0.0,0.0,0.0,0.0,0.0,1.0,0.0,0.0,0.0,1.0,0.0,1.0,0.0
0.5238095238095237,0.8631805157593123,0.4642857142857143,0.5,0.6666666666666667,0.2,0.3333333333333333,1.0,0.6666666666666667,1.0,0.6203573579602489,0.1111111111111111,0.2142857142857143,0.0,0.0,0.0,0.7368421052631579,0.3333333333333333,1.0,1.0,0.48275862068965514,0.5333333333333333,0.6206896551724138,0.0,0.0,1.0,0.0,1.0,0.0,0.0,0.0,0.0,1.0,0.0,0.0,0.0,1.0,0.0,0.0,0.0,0.0,0.0,1.0,0.0,0.0,0.0,0.0,0.0,1.0,1.0,0.0
0.16666666666666669,0.41690544412607444,0.0,0.5,0.0,0.45714285714285713,0.6666666666666667,0.25,0.6666666666666667,0.24974312869252502,0.21726560931539848,0.0,0.0714285714285714,0.0,1.0,0.6666666666666666,0.17543859649122806,0.5,0.6666666666666667,0.2222222222222222,0.13793103448275862,0.13333333333333333,0.13793103448275862,0.0,0.0,1.0,0.0,1.0,0.0,0.0,1.0,0.0,0.0,0.0,0.0,1.0,0.0,0.0,0.0,0.0,0.0,1.0,0.0,0.0,0.0,0.0,0.0,1.0,0.0,1.0,0.0
0.5476190476190477,0.11747851002865331,0.3214285714285714,0.25,1.0,0.3714285714285714,0.6666666666666667,0.25,1.0,0.33528127408168507,0.4551696446496687,0.7777777777777777,0.2142857142857143,0.0,1.0,0.0,0.5614035087719298,0.5,0.6666666666666667,0.7777777777777777,0.20689655172413793,0.13333333333333333,0.6896551724137931,1.0,0.0,0.0,0.0,0.0,1.0,0.0,1.0,0.0,0.0,0.0,0.0,0.0,1.0,0.0,0.0,0.0,0.0,0.0,0.0,0.0,1.0,0.0,0.0,0.0,1.0,1.0,0.0
0.7619047619047619,0.5551575931232091,0.0,0.75,0.3333333333333333,0.9142857142857141,0.6666666666666667,0.25,0.6666666666666667,0.36726175186231697,0.4882955229873519,0.7777777777777777,0.0714285714285714,0.0,1.0,0.6666666666666666,0.42105263157894735,0.5,0.6666666666666667,0.3333333333333333,0.20689655172413793,0.0,0.06896551724137931,0.0,1.0,0.0,0.0,0.0,1.0,0.0,1.0,0.0,0.0,0.0,0.0,0.0,1.0,0.0,0.0,0.0,0.0,0.0,0.0,0.0,1.0,0.0,1.0,0.0,0.0,1.0,0.0
0.14285714285714285,0.3094555873925502,0.8214285714285714,0.5,1.0,0.11428571428571427,0.6666666666666667,0.0,1.0,0.08932699717441561,0.1379642642039751,0.0,0.1428571428571428,0.0,0.6666666666666667,0.6666666666666666,0.10526315789473684,0.5,0.6666666666666667,0.1111111111111111,0.13793103448275862,0.26666666666666666,0.06896551724137931,0.0,1.0,0.0,0.0,0.0,1.0,0.0,0.0,0.0,1.0,0.0,0.0,0.0,1.0,0.0,0.0,0.0,0.0,0.0,0.0,0.0,0.0,1.0,0.0,1.0,0.0,1.0,0.0
0.35714285714285715,0.31017191977077363,0.3214285714285714,1.0,1.0,0.7428571428571429,1.0,0.5,0.6666666666666667,0.47334960184947344,0.7875527002609918,0.0,0.2142857142857143,0.0,1.0,0.6666666666666666,0.3508771929824561,0.5,0.6666666666666667,0.5,0.5517241379310345,0.0,0.5517241379310345,0.0,0.0,1.0,0.0,0.0,1.0,0.0,0.0,1.0,0.0,0.0,0.0,0.0,1.0,0.0,0.0,0.0,0.0,0.0,0.0,0.0,1.0,0.0,1.0,0.0,0.0,0.0,1.0
0.2619047619047619,0.9262177650429799,0.3214285714285714,0.5,0.6666666666666667,0.9857142857142855,0.6666666666666667,0.0,0.6666666666666667,0.1048677112766504,0.026540855249949813,0.1111111111111111,0.0,0.0,0.6666666666666667,0.0,0.03508771929824561,1.0,0.6666666666666667,0.05555555555555555,0.0,0.0,0.0,0.0,0.0,1.0,0.0,0.0,1.0,0.0,1.0,0.0,0.0,0.0,0.0,0.0,1.0,0.0,0.0,0.0,0.0,0.0,0.0,0.0,0.0,1.0,0.0,0.0,1.0,1.0,0.0
0.5714285714285714,0.832378223495702,0.07142857142857142,0.5,0.6666666666666667,0.9285714285714286,1.0,0.25,1.0,0.27112766503981506,0.8685806063039551,0.2222222222222222,0.1428571428571428,0.0,0.3333333333333333,0.3333333333333333,0.5964912280701754,0.16666666666666666,0.3333333333333333,0.2777777777777778,0.20689655172413793,0.13333333333333333,0.20689655172413793,0.0,0.0,1.0,0.0,1.0,0.0,0.0,1.0,0.0,0.0,0.0,0.0,1.0,0.0,0.0,0.0,1.0,0.0,0.0,0.0,0.0,0.0,0.0,0.0,1.0,0.0,0.0,1.0
0.5714285714285714,0.8803724928366762,0.03571428571428571,0.75,0.0,0.9714285714285713,0.3333333333333333,0.25,1.0,0.3706652966863601,0.6016462557719333,0.3333333333333333,0.8571428571428571,1.0,0.3333333333333333,0.0,0.49122807017543857,1.0,0.6666666666666667,0.05555555555555555,0.0,0.0,0.0,0.0,0.0,1.0,0.0,1.0,0.0,0.0,0.0,0.0,0.0,1.0,0.0,0.0,1.0,1.0,0.0,0.0,0.0,0.0,0.0,0.0,0.0,0.0,0.0,0.0,1.0,1.0,0.0
0.35714285714285715,0.6697707736389684,0.25,0.0,0.3333333333333333,0.8285714285714285,0.3333333333333333,0.0,1.0,0.08560236321602877,0.7766713511343104,0.0,0.5714285714285713,0.0,1.0,0.0,0.10526315789473684,0.3333333333333333,0.3333333333333333,0.1111111111111111,0.13793103448275862,0.26666666666666666,0.13793103448275862,1.0,0.0,0.0,0.0,0.0,1.0,0.0,1.0,0.0,0.0,0.0,0.0,1.0,0.0,0.0,0.0,0.0,0.0,0.0,0.0,0.0,0.0,1.0,0.0,0.0,1.0,1.0,0.0
0.02380952380952378,0.1160458452722063,0.8571428571428571,0.5,0.3333333333333333,0.38571428571428573,1.0,0.0,1.0,0.12747238633444644,0.7679983938968079,0.1111111111111111,0.0714285714285714,0.0,1.0,0.0,0.03508771929824561,0.3333333333333333,0.6666666666666667,0.05555555555555555,0.0,0.0,0.06896551724137931,0.0,0.0,1.0,0.0,1.0,0.0,0.0,1.0,0.0,0.0,0.0,0.0,1.0,0.0,0.0,0.0,0.0,0.0,0.0,0.0,1.0,0.0,0.0,0.0,0.0,1.0,0.0,1.0
0.19047619047619052,0.9598853868194841,0.7857142857142857,0.5,0.6666666666666667,0.24285714285714283,0.3333333333333333,0.25,1.0,0.2021577189827896,0.7766311985545071,0.7777777777777777,0.5714285714285713,0.0,0.6666666666666667,0.3333333333333333,0.17543859649122806,0.3333333333333333,0.3333333333333333,0.1111111111111111,0.13793103448275862,0.0,0.0,0.0,0.0,1.0,0.0,0.0,1.0,0.0,0.0,1.0,0.0,0.0,0.0,1.0,0.0,0.0,0.0,0.0,0.0,0.0,0.0,0.0,1.0,0.0,0.0,1.0,0.0,0.0,1.0
0.4047619047619047,0.2012893982808023,0.25,0.75,0.0,0.5999999999999999,0.6666666666666667,0.0,1.0,0.10037246339583869,0.7317004617546677,0.1111111111111111,0.3571428571428571,0.0,0.3333333333333333,0.3333333333333333,0.10526315789473684,0.16666666666666666,0.3333333333333333,0.16666666666666666,0.13793103448275862,0.0,0.13793103448275862,0.0,0.0,1.0,0.0,0.0,1.0,0.0,1.0,0.0,0.0,0.0,0.0,1.0,0.0,0.0,0.0,0.0,0.0,0.0,0.0,0.0,0.0,1.0,0.0,1.0,0.0,1.0,0.0
0.6904761904761905,0.4032951289398281,0.9999999999999999,0.75,0.0,0.8285714285714285,0.6666666666666667,0.5,0.3333333333333333,0.6961212432571282,0.3282071873117848,0.1111111111111111,0.0714285714285714,0.0,1.0,0.3333333333333333,0.3508771929824561,0.3333333333333333,0.3333333333333333,0.5555555555555556,0.48275862068965514,1.0,0.6206896551724138,1.0,0.0,0.0,0.0,1.0,0.0,0.0,1.0,0.0,0.0,0.0,0.0,0.0,1.0,0.0,0.0,0.0,1.0,0.0,0.0,0.0,0.0,0.0,0.0,1.0,0.0,0.0,1.0
0.28571428571428564,0.8660458452722063,0.7857142857142857,0.5,0.0,0.9428571428571428,0.0,0.0,0.6666666666666667,0.10300539429745698,0.8117245533025497,0.1111111111111111,0.9999999999999999,1.0,0.6666666666666667,1.0,0.3508771929824561,0.3333333333333333,0.3333333333333333,0.5555555555555556,0.48275862068965514,0.0,0.6206896551724138,0.0,1.0,0.0,0.0,1.0,0.0,0.0,1.0,0.0,0.0,0.0,0.0,0.0,1.0,0.0,0.0,0.0,0.0,0.0,0.0,1.0,0.0,0.0,1.0,0.0,0.0,1.0,0.0
0.4047619047619047,0.8925501432664756,0.2142857142857143,0.25,0.6666666666666667,0.4714285714285715,0.3333333333333333,0.0,1.0,0.10795016696634985,0.225617345914475,0.1111111111111111,0.4999999999999999,0.0,1.0,0.3333333333333333,0.03508771929824561,0.8333333333333333,0.3333333333333333,0.05555555555555555,0.0,0.0,0.06896551724137931,0.0,0.0,1.0,0.0,1.0,0.0,0.0,1.0,0.0,0.0,0.0,0.0,0.0,1.0,0.0,0.0,1.0,0.0,0.0,0.0,0.0,0.0,0.0,0.0,1.0,0.0,1.0,0.0
0.3333333333333333,0.010028653295128948,0.42857142857142855,0.75,0.3333333333333333,0.6142857142857143,0.6666666666666667,0.25,1.0,0.21795530439249938,0.28733186107207387,0.2222222222222222,0.0,0.0,0.6666666666666667,0.3333333333333333,0.2807017543859649,0.5,0.3333333333333333,0.2777777777777778,0.13793103448275862,0.0,0.20689655172413793,0.0,0.0,1.0,0.0,0.0,1.0,0.0,1.0,0.0,0.0,0.0,0.0,0.0,1.0,0.0,0.0,0.0,0.0,0.0,0.0,0.0,1.0,0.0,1.0,0.0,0.0,1.0,0.0
0.380952380952381,0.2134670487106017,0.0,0.5,1.0,0.7999999999999998,0.3333333333333333,0.0,0.3333333333333333,0.14673773439506807,0.0648062638024493,0.5555555555555556,0.4285714285714285,0.0,0.0,0.3333333333333333,0.24561403508771928,0.3333333333333333,0.3333333333333333,0.2777777777777778,0.27586206896551724,0.0,0.13793103448275862,0.0,0.0,1.0,0.0,1.0,0.0,0.0,1.0,0.0,0.0,0.0,0.0,1.0,0.0,0.0,0.0,1.0,0.0,0.0,0.0,0.0,0.0,0.0,0.0,1.0,0.0,1.0,0.0
0.8809523809523809,0.4455587392550143,0.03571428571428571,0.5,1.0,0.6857142857142857,0.6666666666666667,1.0,0.0,1.0,0.7671150371411363,0.5555555555555556,0.1428571428571428,0.0,1.0,0.3333333333333333,0.8421052631578947,0.3333333333333333,0.6666666666666667,0.2777777777777778,0.13793103448275862,0.13333333333333333,0.27586206896551724,0.0,0.0,1.0,0.0,1.0,0.0,0.0,0.0,0.0,1.0,0.0,0.0,0.0,1.0,0.0,0.0,0.0,1.0,0.0,0.0,0.0,0.0,0.0,0.0,1.0,0.0,0.0,1.0
0.7619047619047619,0.5573065902578797,0.03571428571428571,0.75,0.0,0.9714285714285713,0.6666666666666667,0.75,0.0,1.0,0.09837382051796828,0.1111111111111111,0.0,0.0,1.0,0.3333333333333333,1.0,0.5,0.6666666666666667,1.0,0.41379310344827586,1.0,0.48275862068965514,1.0,0.0,0.0,0.0,1.0,0.0,0.0,1.0,0.0,0.0,0.0,0.0,0.0,1.0,0.0,0.0,0.0,1.0,0.0,0.0,0.0,0.0,0.0,1.0,0.0,0.0,1.0,0.0
0.42857142857142855,0.16189111747851004,0.03571428571428571,0.5,1.0,0.9428571428571428,0.6666666666666667,0.0,0.6666666666666667,0.09851014641664527,0.3924513149969885,0.4444444444444444,0.1428571428571428,0.0,0.3333333333333333,0.3333333333333333,0.21052631578947367,0.5,0.6666666666666667,0.1111111111111111,0.13793103448275862,0.26666666666666666,0.13793103448275862,0.0,0.0,1.0,0.0,1.0,0.0,0.0,1.0,0.0,0.0,0.0,0.0,1.0,0.0,0.0,0.0,0.0,0.0,0.0,0.0,1.0,0.0,0.0,0.0,1.0,0.0,1.0,0.0
0.7619047619047619,0.8101719197707736,0.6785714285714285,1.0,0.3333333333333333,0.1571428571428572,0.6666666666666667,0.75,0.6666666666666667,0.6573336758284101,0.7466372214414776,0.2222222222222222,0.2857142857142857,0.0,0.6666666666666667,0.3333333333333333,1.0,0.5,0.6666666666666667,1.0,0.5517241379310345,1.0,0.896551724137931,0.0,1.0,0.0,0.0,1.0,0.0,0.0,0.0,0.0,1.0,0.0,0.0,0.0,1.0,1.0,0.0,0.0,0.0,0.0,0.0,0.0,0.0,0.0,0.0,1.0,0.0,0.0,1.0
0.23809523809523808,0.989971346704871,0.39285714285714285,0.0,0.6666666666666667,0.7,0.6666666666666667,0.0,1.0,0.09671204726432059,0.8376229672756474,0.1111111111111111,0.0,0.0,1.0,0.0,0.03508771929824561,0.6666666666666666,0.3333333333333333,0.05555555555555555,0.06896551724137931,0.0,0.0,0.0,0.0,1.0,0.0,1.0,0.0,0.0,1.0,0.0,0.0,0.0,0.0,1.0,0.0,0.0,0.0,1.0,0.0,0.0,0.0,0.0,0.0,0.0,0.0,1.0,0.0,0.0,1.0
0.3095238095238095,0.9742120343839542,0.7857142857142857,0.5,0.3333333333333333,0.4857142857142857,0.3333333333333333,0.25,1.0,0.29366812227074235,0.49443886769724954,0.0,0.7142857142857143,1.0,0.3333333333333333,0.3333333333333333,0.3508771929824561,0.3333333333333333,0.6666666666666667,0.5,0.0,0.9333333333333333,0.5517241379310345,0.0,0.0,1.0,0.0,1.0,0.0,0.0,0.0,0.0,1.0,0.0,0.0,0.0,1.0,1.0,0.0,0.0,0.0,0.0,0.0,0.0,0.0,0.0,0.0,1.0,0.0,1.0,0.0
0.42857142857142855,0.7671919770773639,0.07142857142857142,0.75,0.0,0.9857142857142855,0.6666666666666667,0.25,0.3333333333333333,0.5310172103776007,0.7496085123469183,0.3333333333333333,0.3571428571428571,0.0,1.0,0.0,0.5263157894736842,0.5,0.6666666666666667,0.2777777777777778,0.27586206896551724,0.0,0.06896551724137931,0.0,0.0,1.0,0.0,0.0,1.0,0.0,0.0,1.0,0.0,0.0,0.0,1.0,0.0,0.0,0.0,0.0,0.0,0.0,0.0,0.0,1.0,0.0,0.0,0.0,1.0,0.0,1.0
0.21428571428571425,0.13681948424068768,0.3214285714285714,0.25,1.0,0.02857142857142858,0.6666666666666667,0.5,0.0,0.4998715643462625,0.10901425416583016,0.1111111111111111,0.7142857142857143,1.0,0.6666666666666667,0.6666666666666666,0.3157894736842105,0.6666666666666666,0.3333333333333333,0.5,0.48275862068965514,0.13333333333333333,0.48275862068965514,0.0,1.0,0.0,0.0,1.0,0.0,0.0,1.0,0.0,0.0,0.0,0.0,0.0,1.0,0.0,0.0,0.0,0.0,1.0,0.0,0.0,0.0,0.0,1.0,0.0,0.0,1.0,0.0
0.3333333333333333,0.9297994269340975,0.10714285714285714,0.25,0.6666666666666667,0.3714285714285714,0.6666666666666667,0.0,0.3333333333333333,0.18764449011045464,0.7587231479622566,0.2222222222222222,0.0,0.0,0.0,0.3333333333333333,0.21052631578947367,0.8333333333333333,0.6666666666666667,0.2222222222222222,0.20689655172413793,0.13333333333333333,0.13793103448275862,0.0,0.0,1.0,0.0,0.0,1.0,0.0,1.0,0.0,0.0,0.0,0.0,1.0,0.0,0.0,0.0,0.0,0.0,0.0,0.0,0.0,0.0,1.0,0.0,1.0,0.0,1.0,0.0
0.16666666666666669,0.05515759312320917,0.03571428571428571,0.0,0.0,0.49999999999999994,1.0,0.0,0.0,0.15508605188800412,0.7845011041959445,0.7777777777777777,0.1428571428571428,0.0,0.6666666666666667,0.0,0.21052631578947367,0.5,0.3333333333333333,0.2222222222222222,0.20689655172413793,0.0,0.06896551724137931,0.0,0.0,1.0,0.0,1.0,0.0,0.0,0.0,0.0,1.0,0.0,0.0,0.0,1.0,0.0,0.0,0.0,0.0,0.0,0.0,1.0,0.0,0.0,0.0,0.0,1.0,1.0,0.0
0.5238095238095237,0.9276504297994268,0.03571428571428571,0.75,0.6666666666666667,0.7,0.6666666666666667,1.0,0.6666666666666667,1.0,0.4387873920899418,0.0,0.2142857142857143,0.0,1.0,0.0,0.7368421052631579,0.3333333333333333,0.6666666666666667,1.0,1.0,0.13333333333333333,0.8275862068965517,0.0,0.0,1.0,0.0,0.0,1.0,0.0,1.0,0.0,0.0,0.0,0.0,1.0,0.0,0.0,0.0,0.0,1.0,0.0,0.0,0.0,0.0,0.0,0.0,1.0,0.0,1.0,0.0
0.7380952380952379,0.14183381088825214,0.75,0.75,0.0,0.5999999999999999,0.6666666666666667,0.75,0.3333333333333333,0.9892114050860519,0.0563742220437663,0.3333333333333333,0.3571428571428571,0.0,0.3333333333333333,0.6666666666666666,0.9473684210526315,0.3333333333333333,0.6666666666666667,0.2222222222222222,0.13793103448275862,0.13333333333333333,0.13793103448275862,0.0,0.0,1.0,0.0,1.0,0.0,0.0,0.0,0.0,0.0,1.0,0.0,1.0,0.0,0.0,0.0,0.0,0.0,0.0,1.0,0.0,0.0,0.0,0.0,1.0,0.0,1.0,0.0
0.35714285714285715,0.8545845272206303,0.17857142857142855,0.5,0.6666666666666667,0.0,0.6666666666666667,0.25,1.0,0.43128692525044954,0.1301345111423409,0.3333333333333333,0.8571428571428571,1.0,0.6666666666666667,0.3333333333333333,0.5263157894736842,0.3333333333333333,0.0,0.7222222222222222,0.7586206896551724,0.5333333333333333,0.48275862068965514,0.0,1.0,0.0,0.0,1.0,0.0,0.0,1.0,0.0,0.0,0.0,0.0,0.0,1.0,1.0,0.0,0.0,0.0,0.0,0.0,0.0,0.0,0.0,1.0,0.0,0.0,1.0,0.0
0.3333333333333333,0.5186246418338109,0.0,0.0,1.0,0.5857142857142856,0.6666666666666667,0.0,0.0,0.12503210891343436,0.5253563541457539,0.1111111111111111,0.1428571428571428,0.0,1.0,0.0,0.03508771929824561,0.3333333333333333,0.6666666666666667,0.05555555555555555,0.0,0.0,0.0,0.0,0.0,1.0,0.0,1.0,0.0,0.0,1.0,0.0,0.0,0.0,0.0,0.0,1.0,0.0,0.0,0.0,0.0,0.0,0.0,1.0,0.0,0.0,0.0,0.0,1.0,1.0,0.0
0.42857142857142855,0.7550143266475644,0.03571428571428571,0.75,0.6666666666666667,0.5714285714285714,0.6666666666666667,0.0,1.0,0.10499614693038789,0.5985545071270829,0.3333333333333333,0.7142857142857143,1.0,1.0,0.0,0.24561403508771928,0.5,0.3333333333333333,0.16666666666666666,0.13793103448275862,0.13333333333333333,0.13793103448275862,0.0,0.0,1.0,0.0,0.0,1.0,0.0,1.0,0.0,0.0,0.0,0.0,0.0,1.0,0.0,0.0,0.0,0.0,0.0,0.0,0.0,0.0,1.0,0.0,0.0,1.0,0.0,1.0
0.7857142857142856,0.9326647564469914,0.35714285714285715,0.25,1.0,0.7428571428571429,0.3333333333333333,0.75,0.3333333333333333,0.7791548933984074,0.897209395703674,0.3333333333333333,0.3571428571428571,0.0,0.3333333333333333,0.0,1.0,0.16666666666666666,0.3333333333333333,0.2777777777777778,0.13793103448275862,0.0,0.20689655172413793,0.0,0.0,1.0,0.0,1.0,0.0,0.0,0.0,0.0,0.0,0.0,1.0,1.0,0.0,0.0,0.0,0.0,0.0,1.0,0.0,0.0,0.0,0.0,0.0,0.0,1.0,1.0,0.0
0.28571428571428564,0.247134670487106,0.39285714285714285,0.75,0.3333333333333333,0.6285714285714286,0.3333333333333333,0.0,0.0,0.0657590547135885,0.49692832764505124,0.1111111111111111,0.4999999999999999,0.0,0.6666666666666667,0.3333333333333333,0.03508771929824561,0.3333333333333333,1.0,0.05555555555555555,0.0,0.0,0.0,0.0,1.0,0.0,0.0,0.0,1.0,0.0,1.0,0.0,0.0,0.0,0.0,0.0,1.0,0.0,0.0,0.0,0.0,0.0,0.0,0.0,0.0,1.0,0.0,1.0,0.0,1.0,0.0
0.857142857142857,0.34455587392550147,0.75,1.0,0.3333333333333333,0.8714285714285714,0.6666666666666667,0.75,0.6666666666666667,1.0,0.6661714515157598,0.3333333333333333,0.9999999999999999,1.0,0.6666666666666667,0.3333333333333333,1.0,1.0,0.6666666666666667,0.5555555555555556,0.5517241379310345,0.5333333333333333,0.48275862068965514,0.0,0.0,1.0,0.0,1.0,0.0,0.0,0.0,0.0,1.0,0.0,0.0,1.0,0.0,0.0,0.0,0.0,1.0,0.0,0.0,0.0,0.0,0.0,0.0,1.0,0.0,1.0,0.0
0.3095238095238095,0.7320916905444126,0.2142857142857143,0.75,0.0,0.5428571428571429,0.6666666666666667,0.5,0.0,0.5540714102234781,0.24826340092350932,0.2222222222222222,0.2142857142857143,0.0,1.0,0.6666666666666666,0.3157894736842105,0.5,0.6666666666666667,0.16666666666666666,0.13793103448275862,0.26666666666666666,0.13793103448275862,0.0,1.0,0.0,0.0,0.0,1.0,0.0,0.0,1.0,0.0,0.0,0.0,1.0,0.0,0.0,0.0,0.0,0.0,0.0,0.0,0.0,1.0,0.0,0.0,1.0,0.0,1.0,0.0
0.4047619047619047,0.5007163323782234,0.3214285714285714,0.5,0.3333333333333333,0.21428571428571425,0.6666666666666667,0.0,1.0,0.18674544053429232,0.2990162617948203,0.1111111111111111,0.6428571428571427,1.0,0.0,0.3333333333333333,0.10526315789473684,0.6666666666666666,0.3333333333333333,0.16666666666666666,0.13793103448275862,0.13333333333333333,0.13793103448275862,0.0,0.0,1.0,0.0,1.0,0.0,0.0,0.0,0.0,0.0,1.0,0.0,0.0,1.0,0.0,0.0,1.0,0.0,0.0,0.0,0.0,0.0,0.0,1.0,0.0,0.0,1.0,0.0
0.6904761904761905,0.07449856733524357,0.2857142857142857,0.75,0.3333333333333333,0.4857142857142857,0.6666666666666667,0.0,0.6666666666666667,0.07038273824813768,0.13318610720738808,0.4444444444444444,0.0714285714285714,0.0,0.6666666666666667,0.0,0.24561403508771928,0.3333333333333333,0.6666666666666667,0.1111111111111111,0.13793103448275862,0.26666666666666666,0.0,0.0,0.0,1.0,0.0,1.0,0.0,0.0,1.0,0.0,0.0,0.0,0.0,1.0,0.0,0.0,0.0,1.0,0.0,0.0,0.0,0.0,0.0,0.0,0.0,0.0,1.0,1.0,0.0
0.6428571428571428,0.6239255014326647,0.0,0.75,1.0,0.8714285714285714,0.6666666666666667,0.0,1.0,0.08097867968147959,0.35779963862678177,0.3333333333333333,0.2142857142857143,0.0,1.0,0.6666666666666666,0.2807017543859649,0.3333333333333333,0.6666666666666667,0.2777777777777778,0.20689655172413793,0.0,0.13793103448275862,0.0,0.0,1.0,0.0,1.0,0.0,0.0,0.0,0.0,1.0,0.0,0.0,1.0,0.0,0.0,0.0,1.0,0.0,0.0,0.0,0.0,0.0,0.0,1.0,0.0,0.0,1.0,0.0
0.21428571428571425,0.1189111747851003,0.14285714285714285,0.0,0.6666666666666667,0.17142857142857143,0.3333333333333333,0.5,1.0,0.7577061392242486,0.27094960851234695,0.1111111111111111,0.3571428571428571,0.0,0.3333333333333333,0.3333333333333333,0.3157894736842105,0.5,0.6666666666666667,0.5,0.5517241379310345,0.0,0.5517241379310345,0.0,0.0,1.0,0.0,1.0,0.0,0.0,0.0,0.0,0.0,0.0,1.0,0.0,1.0,0.0,0.0,0.0,0.0,0.0,1.0,0.0,0.0,0.0,1.0,0.0,0.0,0.0,1.0
0.6904761904761905,0.6432664756446991,0.10714285714285714,0.5,0.6666666666666667,0.8857142857142857,0.3333333333333333,0.5,0.3333333333333333,0.5987670177241202,0.6897008632804658,0.8888888888888888,0.0714285714285714,0.0,0.6666666666666667,0.3333333333333333,0.9824561403508771,0.6666666666666666,0.6666666666666667,1.0,0.7586206896551724,1.0,0.6896551724137931,0.0,0.0,1.0,0.0,1.0,0.0,0.0,1.0,0.0,0.0,0.0,0.0,1.0,0.0,0.0,0.0,0.0,0.0,1.0,0.0,0.0,0.0,0.0,1.0,0.0,0.0,0.0,1.0
0.8809523809523809,0.8065902578796561,0.10714285714285714,0.75,1.0,0.0,0.6666666666666667,0.25,0.6666666666666667,0.1943231441048035,0.5641035936558924,0.0,0.3571428571428571,0.0,0.3333333333333333,0.0,0.14035087719298245,0.3333333333333333,0.6666666666666667,0.16666666666666666,0.13793103448275862,0.13333333333333333,0.13793103448275862,0.0,0.0,1.0,0.0,1.0,0.0,0.0,1.0,0.0,0.0,0.0,0.0,0.0,1.0,1.0,0.0,0.0,0.0,0.0,0.0,0.0,0.0,0.0,0.0,1.0,0.0,0.0,1.0
0.857142857142857,0.21060171919770773,0.6428571428571428,0.75,0.6666666666666667,0.8285714285714285,0.6666666666666667,0.5,0.3333333333333333,0.6239404058566658,0.18610720738807465,0.2222222222222222,0.2857142857142857,0.0,0.6666666666666667,0.3333333333333333,0.5614035087719298,0.16666666666666666,1.0,0.5,0.48275862068965514,0.9333333333333333,0.06896551724137931,0.0,0.0,1.0,1.0,0.0,0.0,0.0,0.0,0.0,1.0,0.0,0.0,0.0,1.0,0.0,1.0,0.0,0.0,0.0,0.0,0.0,0.0,0.0,0.0,1.0,0.0,1.0,0.0
0.3095238095238095,0.8087392550143266,0.2142857142857143,0.75,0.6666666666666667,0.12857142857142861,0.6666666666666667,0.5,1.0,0.3939121500128436,0.9483637823730174,0.1111111111111111,0.2142857142857143,0.0,0.6666666666666667,0.0,0.38596491228070173,0.3333333333333333,0.3333333333333333,0.611111111111111,0.6206896551724138,0.5333333333333333,0.6896551724137931,0.0,0.0,1.0,0.0,1.0,0.0,0.0,0.0,0.0,1.0,0.0,0.0,1.0,0.0,0.0,0.0,0.0,0.0,1.0,0.0,0.0,0.0,0.0,0.0,0.0,1.0,0.0,1.0
0.5476190476190477,0.8402578796561604,0.03571428571428571,1.0,0.3333333333333333,0.8714285714285714,0.6666666666666667,0.75,0.0,1.0,0.14181891186508733,0.7777777777777777,0.3571428571428571,0.0,0.3333333333333333,0.3333333333333333,0.7719298245614035,0.3333333333333333,0.6666666666666667,1.0,1.0,1.0,0.5517241379310345,0.0,0.0,1.0,0.0,0.0,1.0,0.0,1.0,0.0,0.0,0.0,0.0,1.0,0.0,0.0,0.0,0.0,1.0,0.0,0.0,0.0,0.0,0.0,0.0,1.0,0.0,1.0,0.0
0.2619047619047619,0.6389684813753581,0.03571428571428571,0.0,0.0,0.8142857142857143,0.6666666666666667,0.25,1.0,0.5037246339583867,0.898976109215017,0.1111111111111111,0.5714285714285713,0.0,1.0,0.3333333333333333,0.21052631578947367,0.0,1.0,0.3333333333333333,0.27586206896551724,0.13333333333333333,0.20689655172413793,0.0,1.0,0.0,0.0,1.0,0.0,0.0,1.0,0.0,0.0,0.0,0.0,0.0,1.0,1.0,0.0,0.0,0.0,0.0,0.0,0.0,0.0,0.0,1.0,0.0,0.0,1.0,0.0
0.49999999999999994,0.9734957020057307,0.17857142857142855,0.5,1.0,0.11428571428571427,1.0,0.5,0.6666666666666667,0.4641664526072438,0.10295121461553905,0.2222222222222222,0.0,0.0,0.0,0.3333333333333333,0.38596491228070173,0.5,0.6666666666666667,0.38888888888888884,0.41379310344827586,0.9333333333333333,0.41379310344827586,0.0,0.0,1.0,0.0,0.0,1.0,0.0,0.0,0.0,1.0,0.0,0.0,0.0,1.0,0.0,0.0,0.0,0.0,0.0,0.0,0.0,1.0,0.0,0.0,1.0,0.0,1.0,0.0
0.49999999999999994,0.737106017191977,0.0,0.5,0.6666666666666667,0.2571428571428572,1.0,0.5,1.0,0.5525301823786284,0.3552700260991769,0.0,0.4285714285714285,0.0,0.0,1.0,0.6666666666666666,0.8333333333333333,0.3333333333333333,1.0,0.6896551724137931,0.4,0.48275862068965514,0.0,0.0,1.0,0.0,1.0,0.0,0.0,0.0,0.0,1.0,0.0,0.0,0.0,1.0,1.0,0.0,0.0,0.0,0.0,0.0,0.0,0.0,0.0,1.0,0.0,0.0,1.0,0.0
0.3095238095238095,0.8015759312320917,0.35714285714285715,0.75,1.0,0.2571428571428572,0.6666666666666667,0.0,1.0,0.08650141279219112,0.5130295121461554,0.3333333333333333,0.5714285714285713,0.0,0.3333333333333333,0.3333333333333333,0.2807017543859649,0.3333333333333333,0.6666666666666667,0.3333333333333333,0.27586206896551724,0.0,0.13793103448275862,0.0,0.0,1.0,0.0,1.0,0.0,0.0,1.0,0.0,0.0,0.0,0.0,0.0,1.0,0.0,0.0,0.0,0.0,0.0,0.0,1.0,0.0,0.0,0.0,1.0,0.0,0.0,1.0
0.4047619047619047,0.8402578796561604,0.5357142857142857,0.5,1.0,0.5999999999999999,0.6666666666666667,0.5,0.6666666666666667,0.4253146673516568,0.4899016261794821,0.4444444444444444,0.0714285714285714,0.0,0.6666666666666667,0.0,0.3508771929824561,0.3333333333333333,0.6666666666666667,0.4444444444444444,0.48275862068965514,0.0,0.0,0.0,0.0,1.0,0.0,1.0,0.0,0.0,1.0,0.0,0.0,0.0,0.0,0.0,1.0,1.0,0.0,0.0,0.0,0.0,0.0,0.0,0.0,0.0,0.0,1.0,0.0,0.0,1.0
0.14285714285714285,0.2886819484240688,0.9999999999999999,0.0,0.3333333333333333,0.8714285714285714,0.6666666666666667,0.0,0.0,0.18610326226560492,0.06135314193936961,0.1111111111111111,0.1428571428571428,0.0,0.3333333333333333,1.0,0.21052631578947367,0.3333333333333333,1.0,0.3333333333333333,0.13793103448275862,0.13333333333333333,0.13793103448275862,0.0,0.0,1.0,0.0,1.0,0.0,0.0,0.0,0.0,1.0,0.0,0.0,0.0,1.0,0.0,0.0,1.0,0.0,0.0,0.0,0.0,0.0,0.0,1.0,0.0,0.0,1.0,0.0
0.21428571428571425,0.2643266475644699,0.0,0.0,0.6666666666666667,0.42857142857142855,0.3333333333333333,0.25,0.0,0.2112124325712818,0.30455731780766915,0.5555555555555556,0.5714285714285713,0.0,0.6666666666666667,0.3333333333333333,0.21052631578947367,0.16666666666666666,0.6666666666666667,0.1111111111111111,0.13793103448275862,0.26666666666666666,0.0,0.0,1.0,0.0,0.0,1.0,0.0,0.0,0.0,0.0,0.0,0.0,1.0,0.0,1.0,0.0,0.0,0.0,0.0,1.0,0.0,0.0,0.0,0.0,0.0,1.0,0.0,1.0,0.0
0.19047619047619052,0.20558739255014327,0.5714285714285714,0.75,1.0,0.45714285714285713,0.0,0.0,0.6666666666666667,0.08322630362188543,0.16554908652880948,0.1111111111111111,0.2857142857142857,0.0,0.6666666666666667,1.0,0.10526315789473684,0.5,1.0,0.16666666666666666,0.13793103448275862,0.0,0.13793103448275862,0.0,0.0,1.0,0.0,1.0,0.0,0.0,0.0,0.0,1.0,0.0,0.0,0.0,1.0,0.0,0.0,1.0,0.0,0.0,0.0,0.0,0.0,0.0,0.0,1.0,0.0,1.0,0.0
0.5952380952380951,0.48638968481375355,0.17857142857142855,0.75,0.3333333333333333,0.28571428571428575,0.3333333333333333,0.75,1.0,1.0,0.023168038546476616,0.4444444444444444,0.2142857142857143,0.0,0.6666666666666667,0.3333333333333333,0.7368421052631579,0.5,0.3333333333333333,0.05555555555555555,0.0,0.0,0.0,0.0,0.0,1.0,0.0,1.0,0.0,0.0,0.0,0.0,0.0,1.0,0.0,0.0,1.0,0.0,0.0,0.0,0.0,0.0,1.0,0.0,0.0,0.0,1.0,0.0,0.0,0.0,1.0
0.21428571428571425,0.7163323782234957,0.4642857142857143,0.5,0.0,0.17142857142857143,0.6666666666666667,0.0,0.0,0.07873105574107372,0.49319413772334875,0.1111111111111111,0.2142857142857143,0.0,1.0,0.6666666666666666,0.3157894736842105,0.5,0.3333333333333333,0.5,0.48275862068965514,0.8,0.5517241379310345,0.0,0.0,1.0,0.0,1.0,0.0,0.0,1.0,0.0,0.0,0.0,0.0,0.0,1.0,0.0,0.0,0.0,0.0,0.0,0.0,1.0,0.0,0.0,0.0,1.0,0.0,0.0,1.0
0.42857142857142855,0.5594555873925501,0.7857142857142857,0.25,0.6666666666666667,0.1571428571428572,1.0,0.25,1.0,0.10030824556896994,0.40939570367396105,0.4444444444444444,0.4285714285714285,0.0,0.6666666666666667,0.3333333333333333,0.5964912280701754,0.5,0.6666666666666667,0.2777777777777778,0.13793103448275862,0.0,0.20689655172413793,0.0,1.0,0.0,0.0,1.0,0.0,0.0,0.0,0.0,1.0,0.0,0.0,0.0,1.0,0.0,0.0,1.0,0.0,0.0,0.0,0.0,0.0,0.0,0.0,1.0,0.0,1.0,0.0
0.3095238095238095,0.4663323782234957,0.8928571428571428,0.75,0.0,0.4714285714285715,0.6666666666666667,0.25,1.0,0.2959157462111482,0.762136117245533,0.1111111111111111,0.0,0.0,0.6666666666666667,0.0,0.3508771929824561,0.6666666666666666,0.6666666666666667,0.5555555555555556,0.48275862068965514,0.0,0.5517241379310345,0.0,1.0,0.0,0.0,0.0,1.0,0.0,0.0,1.0,0.0,0.0,0.0,0.0,1.0,0.0,0.0,0.0,0.0,0.0,0.0,0.0,1.0,0.0,0.0,1.0,0.0,0.0,1.0
0.7619047619047619,0.4212034383954155,0.03571428571428571,0.5,0.6666666666666667,0.4857142857142857,0.6666666666666667,0.75,0.6666666666666667,1.0,0.192210399518169,0.5555555555555556,0.3571428571428571,0.0,1.0,0.0,1.0,0.5,0.6666666666666667,0.2222222222222222,0.20689655172413793,0.0,0.20689655172413793,0.0,0.0,1.0,0.0,1.0,0.0,0.0,0.0,0.0,1.0,0.0,0.0,0.0,1.0,0.0,0.0,0.0,0.0,0.0,1.0,0.0,0.0,0.0,0.0,1.0,0.0,1.0,0.0
0.35714285714285715,0.46346704871060174,0.75,0.25,0.6666666666666667,0.9285714285714286,0.6666666666666667,0.25,0.3333333333333333,0.329886976624711,0.537482433246336,0.0,0.1428571428571428,0.0,0.0,0.3333333333333333,0.2807017543859649,0.3333333333333333,1.0,0.38888888888888884,0.48275862068965514,0.0,0.48275862068965514,1.0,0.0,0.0,0.0,0.0,1.0,0.0,0.0,1.0,0.0,0.0,0.0,0.0,1.0,0.0,0.0,0.0,0.0,0.0,0.0,0.0,1.0,0.0,0.0,1.0,0.0,1.0,0.0
0.42857142857142855,0.08166189111747851,0.6071428571428571,0.75,0.0,0.6857142857142857,0.6666666666666667,0.25,1.0,0.4347546879013614,0.8489861473599679,0.2222222222222222,0.6428571428571427,1.0,0.0,0.0,0.631578947368421,0.0,0.6666666666666667,0.611111111111111,0.6206896551724138,0.0,0.6206896551724138,1.0,0.0,0.0,0.0,1.0,0.0,0.0,1.0,0.0,0.0,0.0,0.0,0.0,1.0,0.0,0.0,0.0,0.0,1.0,0.0,0.0,0.0,0.0,0.0,0.0,1.0,1.0,0.0
0.42857142857142855,0.671919770773639,0.42857142857142855,0.5,0.6666666666666667,0.08571428571428569,0.6666666666666667,0.0,0.3333333333333333,0.07282301566914975,0.9408954025296125,0.4444444444444444,0.1428571428571428,0.0,0.3333333333333333,0.3333333333333333,0.2807017543859649,0.3333333333333333,0.6666666666666667,0.2777777777777778,0.13793103448275862,0.0,0.27586206896551724,0.0,0.0,1.0,1.0,0.0,0.0,1.0,0.0,0.0,0.0,0.0,0.0,0.0,1.0,0.0,1.0,0.0,0.0,0.0,0.0,0.0,0.0,0.0,0.0,1.0,0.0,1.0,0.0
0.2619047619047619,0.9978510028653294,0.0,0.0,1.0,0.1571428571428572,0.6666666666666667,0.25,0.6666666666666667,0.21256100693552532,0.9712507528608713,0.1111111111111111,0.1428571428571428,0.0,0.0,0.3333333333333333,0.3508771929824561,0.16666666666666666,0.6666666666666667,0.5555555555555556,0.48275862068965514,0.0,0.6206896551724138,1.0,0.0,0.0,0.0,1.0,0.0,0.0,0.0,0.0,0.0,0.0,1.0,0.0,1.0,0.0,0.0,0.0,0.0,1.0,0.0,0.0,0.0,0.0,0.0,1.0,0.0,1.0,0.0
0.19047619047619052,0.8968481375358166,0.8571428571428571,0.0,0.6666666666666667,0.4428571428571429,0.6666666666666667,0.0,0.6666666666666667,0.12413305933727203,0.27392089941778763,0.1111111111111111,0.8571428571428571,1.0,1.0,0.3333333333333333,0.2807017543859649,0.5,0.6666666666666667,0.4444444444444444,0.48275862068965514,0.6666666666666666,0.48275862068965514,0.0,0.0,1.0,1.0,0.0,0.0,0.0,1.0,0.0,0.0,0.0,0.0,1.0,0.0,0.0,1.0,0.0,0.0,0.0,0.0,0.0,0.0,0.0,0.0,1.0,0.0,1.0,0.0
0.5952380952380951,0.8889684813753581,0.2142857142857143,0.5,1.0,0.10000000000000003,1.0,0.0,1.0,0.06935525301823786,0.1258381851033929,0.4444444444444444,0.2142857142857143,0.0,1.0,1.0,0.24561403508771928,0.5,1.0,0.2777777777777778,0.27586206896551724,0.26666666666666666,0.13793103448275862,1.0,0.0,0.0,0.0,1.0,0.0,0.0,0.0,0.0,1.0,0.0,0.0,0.0,1.0,0.0,0.0,0.0,0.0,0.0,0.0,1.0,0.0,0.0,1.0,0.0,0.0,1.0,0.0
0.380952380952381,0.07234957020057306,0.4642857142857143,0.5,0.6666666666666667,0.01428571428571429,0.6666666666666667,0.0,0.6666666666666667,0.10082198818391985,0.03284481027906043,0.1111111111111111,0.4999999999999999,0.0,1.0,0.6666666666666666,0.2807017543859649,0.5,0.6666666666666667,0.4444444444444444,0.13793103448275862,0.0,0.41379310344827586,0.0,0.0,1.0,0.0,0.0,1.0,0.0,0.0,0.0,0.0,0.0,1.0,1.0,0.0,0.0,0.0,0.0,0.0,0.0,0.0,0.0,0.0,1.0,1.0,0.0,0.0,0.0,1.0
0.6904761904761905,0.31518624641833815,0.03571428571428571,0.75,0.6666666666666667,0.8142857142857143,0.6666666666666667,0.25,0.3333333333333333,0.25488055484202415,0.05790002007628989,0.7777777777777777,0.0,0.0,1.0,0.3333333333333333,0.14035087719298245,0.5,0.0,0.05555555555555555,0.0,0.0,0.0,1.0,0.0,0.0,0.0,0.0,1.0,0.0,0.0,1.0,0.0,0.0,0.0,0.0,1.0,0.0,0.0,0.0,0.0,0.0,0.0,0.0,1.0,0.0,0.0,1.0,0.0,1.0,0.0
0.6428571428571428,0.9183381088825214,0.6785714285714285,0.25,0.6666666666666667,0.7,0.6666666666666667,0.75,1.0,0.801888004109941,0.2171049989961855,0.0,0.2142857142857143,0.0,0.3333333333333333,0.0,0.7368421052631579,0.3333333333333333,0.6666666666666667,1.0,0.48275862068965514,0.5333333333333333,0.6896551724137931,0.0,0.0,1.0,0.0,1.0,0.0,0.0,0.0,0.0,1.0,0.0,0.0,0.0,1.0,1.0,0.0,0.0,0.0,0.0,0.0,0.0,0.0,0.0,0.0,1.0,0.0,0.0,1.0
0.6904761904761905,0.1833810888252149,0.03571428571428571,0.75,0.0,0.7428571428571429,0.6666666666666667,0.75,0.6666666666666667,1.0,0.9881148363782374,0.3333333333333333,0.5714285714285713,0.0,0.3333333333333333,0.6666666666666666,0.9122807017543859,0.3333333333333333,1.0,1.0,1.0,0.6666666666666666,0.41379310344827586,0.0,0.0,1.0,0.0,1.0,0.0,0.0,0.0,0.0,1.0,0.0,0.0,1.0,0.0,0.0,0.0,0.0,0.0,0.0,1.0,0.0,0.0,0.0,0.0,1.0,0.0,1.0,0.0
0.3333333333333333,0.2227793696275072,0.03571428571428571,0.75,0.6666666666666667,0.7428571428571429,0.3333333333333333,0.25,0.3333333333333333,0.5714102234780376,0.9673559526199559,0.7777777777777777,0.0714285714285714,0.0,0.6666666666666667,0.0,0.24561403508771928,0.5,0.3333333333333333,0.1111111111111111,0.13793103448275862,0.26666666666666666,0.13793103448275862,0.0,0.0,1.0,0.0,0.0,1.0,0.0,0.0,1.0,0.0,0.0,0.0,0.0,1.0,0.0,0.0,0.0,0.0,0.0,0.0,0.0,1.0,0.0,0.0,0.0,1.0,0.0,1.0
0.8333333333333333,0.2464183381088825,0.03571428571428571,0.5,1.0,0.12857142857142861,1.0,0.75,0.3333333333333333,1.0,0.7094960851234692,0.4444444444444444,0.0714285714285714,0.0,0.3333333333333333,0.0,1.0,0.3333333333333333,0.3333333333333333,0.5,0.5517241379310345,1.0,0.5517241379310345,0.0,0.0,1.0,0.0,1.0,0.0,0.0,0.0,0.0,1.0,0.0,0.0,0.0,1.0,0.0,0.0,0.0,0.0,0.0,1.0,0.0,0.0,0.0,0.0,0.0,1.0,1.0,0.0
0.380952380952381,0.02005730659025788,0.03571428571428571,0.5,0.6666666666666667,0.7999999999999998,0.6666666666666667,0.25,0.0,0.2266247110197791,0.15840192732383054,0.0,0.0714285714285714,0.0,1.0,0.0,0.14035087719298245,0.5,0.6666666666666667,0.16666666666666666,0.13793103448275862,0.0,0.13793103448275862,0.0,0.0,1.0,0.0,0.0,1.0,0.0,0.0,1.0,0.0,0.0,0.0,1.0,0.0,0.0,0.0,0.0,0.0,0.0,0.0,0.0,1.0,0.0,0.0,0.0,1.0,0.0,1.0
0.49999999999999994,0.3015759312320917,0.6071428571428571,0.25,0.0,0.02857142857142858,0.6666666666666667,0.25,0.6666666666666667,0.22636783971230412,0.452037743425015,0.0,0.0,0.0,0.0,0.0,0.3157894736842105,1.0,0.6666666666666667,0.4444444444444444,0.48275862068965514,0.13333333333333333,0.48275862068965514,0.0,0.0,1.0,0.0,1.0,0.0,0.0,1.0,0.0,0.0,0.0,0.0,0.0,1.0,0.0,0.0,0.0,0.0,1.0,0.0,0.0,0.0,0.0,0.0,0.0,1.0,1.0,0.0
0.23809523809523808,0.01217765042979943,0.10714285714285714,0.5,0.3333333333333333,0.18571428571428567,0.6666666666666667,0.25,0.6666666666666667,0.20626765990238888,0.2717928126882152,0.1111111111111111,0.2857142857142857,0.0,0.3333333333333333,0.0,0.17543859649122806,0.5,1.0,0.2777777777777778,0.27586206896551724,0.0,0.27586206896551724,1.0,0.0,0.0,0.0,0.0,1.0,0.0,0.0,0.0,1.0,0.0,0.0,0.0,1.0,0.0,0.0,0.0,0.0,0.0,0.0,0.0,1.0,0.0,0.0,1.0,0.0,1.0,0.0
0.7142857142857142,0.010028653295128948,0.75,0.5,1.0,0.39999999999999997,0.6666666666666667,0.75,1.0,1.0,0.013772334872515557,0.3333333333333333,0.0,0.0,0.3333333333333333,0.3333333333333333,0.8421052631578947,0.5,0.6666666666666667,1.0,1.0,0.5333333333333333,0.48275862068965514,0.0,1.0,0.0,0.0,1.0,0.0,0.0,0.0,0.0,1.0,0.0,0.0,1.0,0.0,0.0,0.0,0.0,1.0,0.0,0.0,0.0,0.0,0.0,1.0,0.0,0.0,1.0,0.0
0.4523809523809524,0.8710601719197707,0.17857142857142855,0.5,0.6666666666666667,0.3,1.0,0.25,0.0,0.31884151040328795,0.5985545071270829,0.4444444444444444,0.1428571428571428,0.0,0.0,0.6666666666666666,0.45614035087719296,0.3333333333333333,0.6666666666666667,0.38888888888888884,0.48275862068965514,0.8,0.48275862068965514,0.0,0.0,1.0,0.0,1.0,0.0,0.0,0.0,0.0,1.0,0.0,0.0,0.0,1.0,0.0,0.0,0.0,0.0,0.0,0.0,1.0,0.0,0.0,1.0,0.0,0.0,0.0,1.0
0.09523809523809518,0.36819484240687683,0.07142857142857142,0.0,0.3333333333333333,0.05714285714285716,0.6666666666666667,0.25,0.6666666666666667,0.20305676855895194,0.31832965268018465,0.0,0.5714285714285713,0.0,0.0,0.3333333333333333,0.14035087719298245,0.5,1.0,0.16666666666666666,0.13793103448275862,0.0,0.13793103448275862,0.0,0.0,1.0,0.0,1.0,0.0,0.0,1.0,0.0,0.0,0.0,0.0,1.0,0.0,0.0,0.0,0.0,0.0,1.0,0.0,0.0,0.0,0.0,0.0,1.0,0.0,0.0,1.0
0.6666666666666665,0.648997134670487,0.03571428571428571,0.5,0.0,0.3,0.6666666666666667,0.75,0.6666666666666667,1.0,0.007789600481830958,0.6666666666666666,0.1428571428571428,0.0,0.6666666666666667,0.0,0.9122807017543859,0.3333333333333333,0.0,0.16666666666666666,0.13793103448275862,0.0,0.06896551724137931,0.0,0.0,1.0,0.0,1.0,0.0,0.0,1.0,0.0,0.0,0.0,0.0,0.0,1.0,0.0,0.0,0.0,0.0,0.0,1.0,0.0,0.0,0.0,0.0,1.0,0.0,1.0,0.0
0.6666666666666665,0.43982808022922637,0.42857142857142855,0.75,0.6666666666666667,0.05714285714285716,0.6666666666666667,0.25,0.3333333333333333,0.2923837657333676,0.3052800642441277,0.6666666666666666,0.2142857142857143,0.0,1.0,0.0,0.6666666666666666,0.5,0.6666666666666667,0.5555555555555556,0.48275862068965514,0.0,0.6206896551724138,0.0,0.0,1.0,0.0,1.0,0.0,0.0,1.0,0.0,0.0,0.0,0.0,0.0,1.0,1.0,0.0,0.0,0.0,0.0,0.0,0.0,0.0,0.0,0.0,0.0,1.0,1.0,0.0
0.6904761904761905,0.42979942693409734,0.4642857142857143,0.75,1.0,0.17142857142857143,0.6666666666666667,0.25,0.0,0.25372463395838685,0.3907247540654487,0.2222222222222222,0.0714285714285714,0.0,1.0,0.0,0.7017543859649122,0.3333333333333333,0.6666666666666667,0.38888888888888884,0.48275862068965514,0.13333333333333333,0.48275862068965514,0.0,0.0,1.0,0.0,0.0,1.0,0.0,0.0,1.0,0.0,0.0,0.0,0.0,1.0,0.0,0.0,0.0,0.0,0.0,0.0,0.0,1.0,0.0,0.0,0.0,1.0,1.0,0.0
0.14285714285714285,0.5687679083094556,0.3214285714285714,0.5,0.0,0.4142857142857143,0.6666666666666667,0.0,1.0,0.07295145132288725,0.00012045773940976001,0.0,0.2142857142857143,0.0,1.0,0.3333333333333333,0.10526315789473684,0.3333333333333333,0.6666666666666667,0.1111111111111111,0.13793103448275862,0.26666666666666666,0.06896551724137931,0.0,1.0,0.0,1.0,0.0,0.0,0.0,0.0,0.0,1.0,0.0,0.0,0.0,1.0,0.0,1.0,0.0,0.0,0.0,0.0,0.0,0.0,0.0,0.0,1.0,0.0,1.0,0.0
0.5714285714285714,0.9262177650429799,0.17857142857142855,0.5,0.6666666666666667,0.7571428571428571,0.6666666666666667,0.5,0.0,0.7923837657333677,0.5118650873318611,1.0,0.1428571428571428,0.0,0.3333333333333333,0.3333333333333333,0.631578947368421,0.5,1.0,0.7222222222222222,0.48275862068965514,0.6666666666666666,0.48275862068965514,0.0,0.0,1.0,0.0,1.0,0.0,0.0,0.0,0.0,1.0,0.0,0.0,0.0,1.0,0.0,0.0,0.0,0.0,0.0,1.0,0.0,0.0,0.0,0.0,1.0,0.0,1.0,0.0
0.6190476190476188,0.7808022922636103,0.03571428571428571,0.0,0.3333333333333333,0.7999999999999998,0.6666666666666667,0.5,0.6666666666666667,0.5908040071923966,0.7076892190323228,0.5555555555555556,0.4999999999999999,0.0,0.3333333333333333,0.0,0.5614035087719298,0.3333333333333333,0.3333333333333333,0.1111111111111111,0.13793103448275862,0.26666666666666666,0.13793103448275862,0.0,1.0,0.0,0.0,1.0,0.0,0.0,0.0,0.0,1.0,0.0,0.0,0.0,1.0,0.0,0.0,0.0,0.0,1.0,0.0,0.0,0.0,0.0,0.0,0.0,1.0,0.0,1.0
0.6190476190476188,0.669054441260745,0.0,0.5,0.3333333333333333,0.17142857142857143,0.6666666666666667,0.0,1.0,0.09163883894169023,0.4548484240112427,0.6666666666666666,0.0714285714285714,0.0,0.6666666666666667,0.0,0.21052631578947367,0.3333333333333333,0.6666666666666667,0.2222222222222222,0.20689655172413793,0.13333333333333333,0.13793103448275862,0.0,0.0,1.0,0.0,1.0,0.0,0.0,0.0,0.0,1.0,0.0,0.0,0.0,1.0,0.0,0.0,0.0,0.0,0.0,0.0,1.0,0.0,0.0,0.0,0.0,1.0,0.0,1.0
0.857142857142857,0.6217765042979942,0.0,0.5,1.0,0.3428571428571428,0.6666666666666667,0.75,1.0,1.0,0.14286287893997188,0.6666666666666666,0.5714285714285713,0.0,1.0,0.0,1.0,0.5,0.3333333333333333,1.0,0.48275862068965514,1.0,0.48275862068965514,0.0,0.0,1.0,0.0,1.0,0.0,0.0,0.0,0.0,1.0,0.0,0.0,1.0,0.0,0.0,0.0,0.0,0.0,0.0,1.0,0.0,0.0,0.0,0.0,0.0,1.0,1.0,0.0
0.6428571428571428,0.05229226361031519,0.10714285714285714,0.5,0.6666666666666667,0.3714285714285714,0.0,0.5,0.6666666666666667,0.561713331620858,0.18072676169443888,0.4444444444444444,0.7142857142857143,1.0,0.6666666666666667,0.6666666666666666,0.3157894736842105,0.3333333333333333,1.0,0.2777777777777778,0.0,0.0,0.20689655172413793,0.0,0.0,1.0,1.0,0.0,0.0,0.0,1.0,0.0,0.0,0.0,0.0,1.0,0.0,0.0,1.0,0.0,0.0,0.0,0.0,0.0,0.0,0.0,0.0,1.0,0.0,1.0,0.0
0.21428571428571425,0.24355300859598852,0.07142857142857142,0.5,1.0,0.28571428571428575,0.6666666666666667,0.0,1.0,0.044759825327510924,0.5812888978116844,0.1111111111111111,0.0,0.0,0.6666666666666667,1.0,0.0,1.0,0.3333333333333333,0.0,0.0,0.0,0.0,1.0,0.0,0.0,0.0,1.0,0.0,0.0,0.0,0.0,1.0,0.0,0.0,0.0,1.0,0.0,0.0,0.0,0.0,0.0,0.0,1.0,0.0,0.0,0.0,1.0,0.0,1.0,0.0
0.28571428571428564,0.25859598853868193,0.10714285714285714,0.5,0.6666666666666667,0.14285714285714285,0.6666666666666667,0.0,1.0,0.08194194708451066,0.05352338887773539,1.0,0.8571428571428571,1.0,0.6666666666666667,0.0,0.10526315789473684,0.6666666666666666,0.6666666666666667,0.05555555555555555,0.0,0.0,0.0,0.0,1.0,0.0,0.0,1.0,0.0,0.0,0.0,0.0,0.0,0.0,1.0,0.0,1.0,0.0,0.0,0.0,0.0,0.0,0.0,1.0,0.0,0.0,0.0,0.0,1.0,0.0,1.0
0.21428571428571425,0.738538681948424,0.5357142857142857,0.75,0.6666666666666667,0.10000000000000003,0.6666666666666667,0.0,0.3333333333333333,0.11572052401746724,0.40120457739409754,1.0,0.2142857142857143,0.0,0.3333333333333333,0.3333333333333333,0.14035087719298245,0.3333333333333333,0.6666666666666667,0.1111111111111111,0.13793103448275862,0.26666666666666666,0.13793103448275862,0.0,0.0,1.0,0.0,1.0,0.0,0.0,0.0,0.0,0.0,0.0,1.0,1.0,0.0,0.0,0.0,1.0,0.0,0.0,0.0,0.0,0.0,0.0,0.0,1.0,0.0,1.0,0.0
0.2619047619047619,0.6497134670487106,0.0,0.5,0.0,0.9571428571428571,0.6666666666666667,0.0,1.0,0.17666324171590034,0.14069463963059625,0.1111111111111111,0.2857142857142857,0.0,0.0,1.0,0.10526315789473684,0.8333333333333333,0.6666666666666667,0.16666666666666666,0.13793103448275862,0.13333333333333333,0.13793103448275862,0.0,0.0,1.0,0.0,1.0,0.0,0.0,1.0,0.0,0.0,0.0,0.0,1.0,0.0,0.0,0.0,0.0,0.0,0.0,0.0,1.0,0.0,0.0,1.0,0.0,0.0,1.0,0.0
0.19047619047619052,0.5616045845272206,0.14285714285714285,0.25,0.6666666666666667,0.8285714285714285,0.3333333333333333,0.0,0.6666666666666667,0.08714359106087849,0.7550291106203574,0.1111111111111111,0.2142857142857143,0.0,0.0,0.3333333333333333,0.2807017543859649,0.3333333333333333,0.6666666666666667,0.4444444444444444,0.48275862068965514,0.13333333333333333,0.48275862068965514,0.0,1.0,0.0,0.0,1.0,0.0,0.0,0.0,0.0,1.0,0.0,0.0,1.0,0.0,0.0,0.0,0.0,0.0,0.0,0.0,1.0,0.0,0.0,0.0,1.0,0.0,0.0,1.0
0.42857142857142855,0.6712034383954154,0.07142857142857142,0.25,1.0,0.7,1.0,0.25,0.0,0.37458258412535317,0.9722545673559525,0.6666666666666666,0.6428571428571427,1.0,0.0,0.3333333333333333,0.45614035087719296,0.5,0.6666666666666667,0.2777777777777778,0.27586206896551724,0.0,0.27586206896551724,0.0,0.0,1.0,0.0,1.0,0.0,0.0,1.0,0.0,0.0,0.0,0.0,0.0,1.0,1.0,0.0,0.0,0.0,0.0,0.0,0.0,0.0,0.0,1.0,0.0,0.0,1.0,0.0
0.2619047619047619,0.4548710601719197,0.2857142857142857,1.0,0.3333333333333333,0.0,0.3333333333333333,0.0,1.0,0.19098381710762907,0.22192330857257578,0.0,0.4285714285714285,0.0,0.6666666666666667,0.0,0.14035087719298245,0.3333333333333333,0.6666666666666667,0.16666666666666666,0.13793103448275862,0.26666666666666666,0.13793103448275862,0.0,0.0,1.0,0.0,1.0,0.0,0.0,0.0,0.0,0.0,1.0,0.0,0.0,1.0,0.0,0.0,1.0,0.0,0.0,0.0,0.0,0.0,0.0,0.0,0.0,1.0,1.0,0.0
0.35714285714285715,0.010744985673352442,0.5357142857142857,0.5,0.0,0.5571428571428572,0.6666666666666667,0.25,0.0,0.27709992293860775,0.9802449307367999,0.5555555555555556,0.2857142857142857,0.0,0.6666666666666667,0.0,0.21052631578947367,0.5,0.6666666666666667,0.16666666666666666,0.13793103448275862,0.0,0.13793103448275862,0.0,0.0,1.0,0.0,0.0,1.0,0.0,0.0,1.0,0.0,0.0,0.0,1.0,0.0,0.0,0.0,0.0,0.0,0.0,0.0,0.0,1.0,0.0,0.0,0.0,1.0,1.0,0.0
0.857142857142857,0.9584527220630372,0.5714285714285714,0.5,0.6666666666666667,0.3714285714285714,0.6666666666666667,0.5,0.6666666666666667,0.624839455432828,0.4757679180887372,0.8888888888888888,0.0,0.0,0.6666666666666667,0.3333333333333333,0.7719298245614035,0.3333333333333333,0.6666666666666667,0.5555555555555556,0.48275862068965514,0.0,0.5517241379310345,0.0,0.0,1.0,0.0,1.0,0.0,0.0,0.0,0.0,0.0,0.0,1.0,1.0,0.0,0.0,0.0,0.0,0.0,1.0,0.0,0.0,0.0,0.0,0.0,1.0,0.0,1.0,0.0
0.3095238095238095,0.9040114613180515,0.42857142857142855,0.75,0.3333333333333333,0.2285714285714286,0.6666666666666667,0.25,0.0,0.20703827382481377,0.3781569965870307,0.2222222222222222,0.4285714285714285,0.0,0.6666666666666667,0.0,0.3157894736842105,0.3333333333333333,0.0,0.16666666666666666,0.06896551724137931,0.13333333333333333,0.13793103448275862,0.0,0.0,1.0,0.0,0.0,1.0,0.0,0.0,0.0,1.0,0.0,0.0,0.0,1.0,0.0,0.0,0.0,0.0,0.0,0.0,0.0,1.0,0.0,1.0,0.0,0.0,1.0,0.0
0.5238095238095237,0.8574498567335244,0.8214285714285714,0.25,0.0,0.45714285714285713,0.6666666666666667,0.25,1.0,0.14834318006678654,0.8975306163421,0.1111111111111111,0.4285714285714285,0.0,0.0,0.6666666666666666,0.3157894736842105,0.5,0.6666666666666667,0.5,0.5517241379310345,0.5333333333333333,0.48275862068965514,0.0,0.0,1.0,0.0,1.0,0.0,0.0,0.0,0.0,0.0,0.0,1.0,0.0,1.0,0.0,0.0,0.0,0.0,0.0,0.0,1.0,0.0,0.0,1.0,0.0,0.0,1.0,0.0
0.6904761904761905,0.7686246418338109,0.8928571428571428,0.75,1.0,0.9714285714285713,0.6666666666666667,1.0,0.6666666666666667,1.0,0.12551696446496688,0.3333333333333333,0.0,0.0,0.6666666666666667,0.3333333333333333,0.9473684210526315,0.3333333333333333,0.6666666666666667,0.2777777777777778,0.13793103448275862,0.13333333333333333,0.0,0.0,0.0,1.0,1.0,0.0,0.0,0.0,1.0,0.0,0.0,0.0,0.0,1.0,0.0,0.0,0.0,0.0,1.0,0.0,0.0,0.0,0.0,0.0,0.0,1.0,0.0,1.0,0.0
0.28571428571428564,0.8660458452722063,0.03571428571428571,0.75,1.0,0.6857142857142857,0.3333333333333333,0.0,0.0,0.25423837657333676,0.9770327243525397,0.0,0.3571428571428571,0.0,1.0,0.0,0.3508771929824561,0.3333333333333333,0.6666666666666667,0.5,0.48275862068965514,0.0,0.48275862068965514,0.0,1.0,0.0,0.0,1.0,0.0,0.0,0.0,0.0,0.0,0.0,1.0,1.0,0.0,0.0,0.0,0.0,0.0,0.0,0.0,1.0,0.0,0.0,0.0,0.0,1.0,1.0,0.0
0.3095238095238095,0.4061604584527221,0.8928571428571428,0.0,0.0,0.01428571428571429,0.6666666666666667,0.0,0.6666666666666667,0.12214230670434112,0.5250351335073279,0.1111111111111111,0.4285714285714285,0.0,1.0,0.3333333333333333,0.17543859649122806,0.16666666666666666,0.3333333333333333,0.2777777777777778,0.13793103448275862,0.5333333333333333,0.20689655172413793,0.0,0.0,1.0,0.0,1.0,0.0,0.0,1.0,0.0,0.0,0.0,0.0,0.0,1.0,0.0,0.0,0.0,0.0,0.0,0.0,1.0,0.0,0.0,1.0,0.0,0.0,1.0,0.0
0.4761904761904761,0.3939828080229226,0.9999999999999999,1.0,1.0,0.28571428571428575,0.6666666666666667,0.25,1.0,0.08971230413562806,0.13499297329853444,0.1111111111111111,0.0,0.0,1.0,0.0,0.3508771929824561,0.3333333333333333,0.6666666666666667,0.5555555555555556,0.20689655172413793,1.0,0.6206896551724138,0.0,1.0,0.0,0.0,1.0,0.0,0.0,1.0,0.0,0.0,0.0,0.0,1.0,0.0,0.0,0.0,1.0,0.0,0.0,0.0,0.0,0.0,0.0,0.0,0.0,1.0,1.0,0.0
0.4047619047619047,0.8545845272206303,0.14285714285714285,0.75,0.6666666666666667,0.45714285714285713,0.6666666666666667,0.5,0.3333333333333333,0.4550475211918829,0.6492672154185907,0.0,0.1428571428571428,0.0,1.0,0.0,0.5964912280701754,0.8333333333333333,0.6666666666666667,0.8888888888888888,0.41379310344827586,0.0,0.896551724137931,0.0,0.0,1.0,0.0,1.0,0.0,0.0,0.0,0.0,0.0,0.0,1.0,0.0,1.0,0.0,0.0,0.0,0.0,1.0,0.0,0.0,0.0,0.0,0.0,0.0,1.0,1.0,0.0
0.9047619047619047,0.9068767908309455,0.7857142857142857,0.5,1.0,0.5428571428571429,0.6666666666666667,0.75,0.3333333333333333,0.7958515283842795,0.6481027906042963,0.4444444444444444,0.0714285714285714,0.0,0.0,0.3333333333333333,1.0,0.0,0.6666666666666667,1.0,1.0,1.0,0.6206896551724138,0.0,0.0,1.0,0.0,1.0,0.0,0.0,1.0,0.0,0.0,0.0,0.0,0.0,1.0,0.0,0.0,0.0,0.0,1.0,0.0,0.0,0.0,0.0,0.0,1.0,0.0,0.0,1.0
0.4523809523809524,0.15472779369627507,0.10714285714285714,0.75,0.0,0.1571428571428572,0.6666666666666667,0.0,1.0,0.11456460313382996,0.0178678980124473,0.4444444444444444,0.4285714285714285,0.0,0.6666666666666667,0.3333333333333333,0.45614035087719296,0.3333333333333333,0.6666666666666667,0.5,0.5517241379310345,0.6666666666666666,0.5517241379310345,0.0,1.0,0.0,0.0,0.0,1.0,0.0,0.0,1.0,0.0,0.0,0.0,0.0,1.0,0.0,0.0,0.0,0.0,0.0,0.0,0.0,0.0,1.0,1.0,0.0,0.0,1.0,0.0
0.380952380952381,0.6891117478510028,0.7857142857142857,0.75,0.3333333333333333,0.5999999999999999,0.6666666666666667,0.25,0.6666666666666667,0.22855124582584124,0.31881148363782374,0.0,0.6428571428571427,1.0,0.6666666666666667,0.0,0.3508771929824561,0.3333333333333333,0.6666666666666667,0.5,0.3448275862068966,1.0,0.48275862068965514,1.0,0.0,0.0,0.0,0.0,1.0,0.0,0.0,1.0,0.0,0.0,0.0,0.0,1.0,0.0,0.0,0.0,0.0,0.0,0.0,0.0,1.0,0.0,0.0,0.0,1.0,1.0,0.0
0.5476190476190477,0.7034383954154727,0.03571428571428571,0.75,0.3333333333333333,0.38571428571428573,0.0,0.0,1.0,0.11360133573079886,0.6276249749046376,0.4444444444444444,0.1428571428571428,0.0,0.6666666666666667,0.3333333333333333,0.3508771929824561,0.16666666666666666,0.3333333333333333,0.38888888888888884,0.48275862068965514,0.13333333333333333,0.0,0.0,0.0,1.0,0.0,1.0,0.0,0.0,1.0,0.0,0.0,0.0,0.0,1.0,0.0,0.0,0.0,1.0,0.0,0.0,0.0,0.0,0.0,0.0,1.0,0.0,0.0,0.0,1.0
0.5238095238095237,0.31518624641833815,0.0,0.75,0.0,0.7571428571428571,0.6666666666666667,0.0,1.0,0.08971230413562806,0.07893997189319413,0.8888888888888888,0.5714285714285713,0.0,0.6666666666666667,0.6666666666666666,0.2807017543859649,0.5,0.3333333333333333,0.05555555555555555,0.0,0.0,0.0,0.0,0.0,1.0,0.0,1.0,0.0,0.0,1.0,0.0,0.0,0.0,0.0,0.0,1.0,0.0,0.0,1.0,0.0,0.0,0.0,0.0,0.0,0.0,0.0,1.0,0.0,1.0,0.0
0.7619047619047619,0.732808022922636,0.0,0.25,1.0,0.5142857142857142,0.6666666666666667,0.75,1.0,1.0,0.1815298132905039,1.0,0.7857142857142857,1.0,0.6666666666666667,0.3333333333333333,1.0,0.16666666666666666,0.3333333333333333,0.2777777777777778,0.27586206896551724,0.13333333333333333,0.20689655172413793,0.0,0.0,1.0,0.0,1.0,0.0,0.0,0.0,0.0,1.0,0.0,0.0,0.0,1.0,0.0,0.0,0.0,0.0,0.0,1.0,0.0,0.0,0.0,1.0,0.0,0.0,1.0,0.0
0.49999999999999994,0.989971346704871,0.8571428571428571,0.25,0.6666666666666667,0.5857142857142856,0.6666666666666667,0.5,0.6666666666666667,0.6364628820960698,0.054406745633406944,0.3333333333333333,0.7142857142857143,1.0,0.3333333333333333,0.3333333333333333,0.45614035087719296,0.3333333333333333,0.6666666666666667,0.3333333333333333,0.27586206896551724,0.0,0.3448275862068966,1.0,0.0,0.0,0.0,1.0,0.0,0.0,1.0,0.0,0.0,0.0,0.0,0.0,1.0,1.0,0.0,0.0,0.0,0.0,0.0,0.0,0.0,0.0,0.0,1.0,0.0,1.0,0.0
0.07142857142857145,0.6310888252148996,0.0,0.0,1.0,0.5714285714285714,0.3333333333333333,0.0,0.3333333333333333,0.06813511430773184,0.9328247339891588,0.1111111111111111,0.0,0.0,0.6666666666666667,0.0,0.07017543859649122,1.0,1.0,0.1111111111111111,0.13793103448275862,0.26666666666666666,0.13793103448275862,0.0,0.0,1.0,0.0,1.0,0.0,0.0,0.0,0.0,0.0,0.0,1.0,1.0,0.0,0.0,0.0,0.0,0.0,0.0,0.0,1.0,0.0,0.0,0.0,0.0,1.0,0.0,1.0
0.4761904761904761,0.8832378223495702,0.03571428571428571,0.5,0.0,1.0,0.6666666666666667,0.0,0.3333333333333333,0.10165681993321346,0.20216823930937564,0.5555555555555556,0.1428571428571428,0.0,1.0,1.0,0.45614035087719296,0.5,0.6666666666666667,0.611111111111111,0.6896551724137931,0.4,0.5517241379310345,1.0,0.0,0.0,1.0,0.0,0.0,1.0,0.0,0.0,0.0,0.0,0.0,0.0,1.0,0.0,1.0,0.0,0.0,0.0,0.0,0.0,0.0,0.0,1.0,0.0,0.0,1.0,0.0
0.49999999999999994,0.82378223495702,0.3214285714285714,0.0,0.6666666666666667,0.49999999999999994,0.6666666666666667,0.5,0.6666666666666667,0.7998330336501414,0.23368801445492873,0.7777777777777777,0.7142857142857143,1.0,0.6666666666666667,0.0,0.3157894736842105,0.5,0.6666666666666667,0.2222222222222222,0.20689655172413793,0.26666666666666666,0.13793103448275862,0.0,0.0,1.0,0.0,1.0,0.0,0.0,0.0,0.0,1.0,0.0,0.0,0.0,1.0,0.0,0.0,0.0,0.0,0.0,1.0,0.0,0.0,0.0,0.0,0.0,1.0,1.0,0.0
0.380952380952381,0.45272206303724927,0.07142857142857142,0.0,1.0,0.6428571428571428,0.3333333333333333,0.25,1.0,0.45556126380683276,0.5782373017466372,0.3333333333333333,0.0714285714285714,0.0,0.6666666666666667,0.0,0.3157894736842105,0.5,0.3333333333333333,0.2222222222222222,0.13793103448275862,0.0,0.06896551724137931,0.0,0.0,1.0,0.0,0.0,1.0,0.0,0.0,0.0,1.0,0.0,0.0,1.0,0.0,0.0,0.0,0.0,0.0,0.0,0.0,0.0,1.0,0.0,0.0,1.0,0.0,0.0,1.0
0.49999999999999994,0.1840974212034384,0.7857142857142857,0.5,0.6666666666666667,0.8999999999999999,0.6666666666666667,0.0,0.0,0.1859106087849987,0.8054607508532423,0.0,0.1428571428571428,0.0,0.0,0.0,0.21052631578947367,0.3333333333333333,0.6666666666666667,0.2777777777777778,0.13793103448275862,0.0,0.20689655172413793,0.0,0.0,1.0,0.0,1.0,0.0,0.0,0.0,0.0,1.0,0.0,0.0,0.0,1.0,0.0,0.0,0.0,0.0,0.0,0.0,1.0,0.0,0.0,0.0,0.0,1.0,1.0,0.0
0.3333333333333333,0.09670487106017192,0.14285714285714285,0.25,0.0,0.24285714285714283,1.0,0.0,0.6666666666666667,0.09138196763421527,0.5309777153182091,0.3333333333333333,0.2142857142857143,0.0,0.0,0.0,0.2807017543859649,0.3333333333333333,0.6666666666666667,0.2222222222222222,0.06896551724137931,0.0,0.20689655172413793,0.0,1.0,0.0,0.0,1.0,0.0,0.0,1.0,0.0,0.0,0.0,0.0,1.0,0.0,0.0,0.0,0.0,0.0,0.0,0.0,1.0,0.0,0.0,0.0,0.0,1.0,0.0,1.0
0.35714285714285715,0.022206303724928378,0.03571428571428571,0.5,0.6666666666666667,0.857142857142857,0.6666666666666667,0.0,1.0,0.09574877986128949,0.33812487452318807,0.0,0.2142857142857143,0.0,0.0,0.0,0.14035087719298245,0.3333333333333333,1.0,0.16666666666666666,0.06896551724137931,0.0,0.13793103448275862,0.0,0.0,1.0,0.0,1.0,0.0,0.0,1.0,0.0,0.0,0.0,0.0,0.0,1.0,0.0,0.0,0.0,0.0,0.0,0.0,1.0,0.0,0.0,0.0,0.0,1.0,1.0,0.0
0.4761904761904761,0.10028653295128939,0.2142857142857143,0.75,1.0,0.2285714285714286,0.3333333333333333,0.25,1.0,0.1938736193167223,0.22874924713912867,0.0,0.6428571428571427,1.0,0.0,0.0,0.2807017543859649,0.3333333333333333,0.6666666666666667,0.38888888888888884,0.48275862068965514,0.0,0.3448275862068966,0.0,0.0,1.0,0.0,0.0,1.0,0.0,0.0,1.0,0.0,0.0,0.0,1.0,0.0,0.0,0.0,0.0,0.0,0.0,0.0,0.0,1.0,0.0,0.0,0.0,1.0,1.0,0.0
0.6428571428571428,0.9634670487106016,0.9999999999999999,0.5,0.3333333333333333,0.35714285714285715,0.6666666666666667,0.5,1.0,0.5375674287182122,0.5069664725958642,0.4444444444444444,0.4999999999999999,0.0,1.0,0.6666666666666666,0.3508771929824561,0.6666666666666666,1.0,0.16666666666666666,0.06896551724137931,0.13333333333333333,0.13793103448275862,0.0,0.0,1.0,0.0,1.0,0.0,0.0,0.0,0.0,0.0,0.0,1.0,0.0,1.0,0.0,0.0,0.0,0.0,1.0,0.0,0.0,0.0,0.0,0.0,1.0,0.0,0.0,1.0
0.49999999999999994,0.4355300859598854,0.10714285714285714,0.5,0.0,0.7285714285714284,0.6666666666666667,0.25,0.6666666666666667,0.2589904957616234,0.041999598474201955,0.0,0.1428571428571428,0.0,1.0,0.0,0.3508771929824561,0.3333333333333333,0.0,0.5,0.13793103448275862,0.4,0.5517241379310345,0.0,1.0,0.0,0.0,1.0,0.0,0.0,0.0,0.0,1.0,0.0,0.0,1.0,0.0,0.0,0.0,0.0,0.0,1.0,0.0,0.0,0.0,0.0,0.0,0.0,1.0,1.0,0.0
0.9047619047619047,0.4369627507163324,0.25,0.5,0.6666666666666667,0.5285714285714285,0.6666666666666667,0.0,0.0,0.2085795016696635,0.4756073077695242,0.4444444444444444,0.4999999999999999,0.0,0.6666666666666667,0.3333333333333333,0.6666666666666666,0.5,0.6666666666666667,0.1111111111111111,0.13793103448275862,0.26666666666666666,0.13793103448275862,0.0,0.0,1.0,0.0,1.0,0.0,0.0,1.0,0.0,0.0,0.0,0.0,1.0,0.0,0.0,0.0,0.0,0.0,0.0,0.0,1.0,0.0,0.0,1.0,0.0,0.0,0.0,1.0
0.6666666666666665,0.989971346704871,0.6071428571428571,0.5,0.6666666666666667,0.8142857142857143,0.6666666666666667,0.25,0.6666666666666667,0.24409195992807603,0.9724954828347722,0.2222222222222222,0.2142857142857143,0.0,0.6666666666666667,0.3333333333333333,0.6666666666666666,0.8333333333333333,0.3333333333333333,0.5555555555555556,0.48275862068965514,0.0,0.5517241379310345,0.0,0.0,1.0,0.0,1.0,0.0,0.0,0.0,0.0,1.0,0.0,0.0,1.0,0.0,0.0,0.0,0.0,0.0,1.0,0.0,0.0,0.0,0.0,1.0,0.0,0.0,1.0,0.0
0.35714285714285715,0.2951289398280802,0.0,0.25,0.0,0.9714285714285713,0.6666666666666667,0.5,1.0,0.7994477266889288,0.5240714715920498,0.1111111111111111,0.0714285714285714,0.0,0.6666666666666667,0.0,0.5263157894736842,0.16666666666666666,0.6666666666666667,0.8333333333333333,0.9655172413793103,1.0,0.8275862068965517,0.0,1.0,0.0,0.0,1.0,0.0,0.0,1.0,0.0,0.0,0.0,0.0,1.0,0.0,0.0,0.0,0.0,0.0,0.0,1.0,0.0,0.0,0.0,0.0,0.0,1.0,0.0,1.0
0.8333333333333333,0.9118911174785099,0.03571428571428571,0.25,0.6666666666666667,0.21428571428571425,0.6666666666666667,0.75,0.6666666666666667,0.8889673773439506,0.4755671551897209,0.6666666666666666,0.1428571428571428,0.0,0.6666666666666667,0.3333333333333333,0.7719298245614035,0.5,1.0,0.9444444444444444,0.896551724137931,1.0,0.13793103448275862,0.0,0.0,1.0,0.0,0.0,1.0,0.0,0.0,0.0,1.0,0.0,0.0,0.0,1.0,0.0,0.0,0.0,1.0,0.0,0.0,0.0,0.0,0.0,1.0,0.0,0.0,1.0,0.0
0.28571428571428564,0.15329512893982808,0.03571428571428571,0.5,0.6666666666666667,0.18571428571428567,0.0,0.25,1.0,0.32635499614693037,0.9114234089540253,0.2222222222222222,0.6428571428571427,1.0,0.6666666666666667,0.0,0.38596491228070173,0.3333333333333333,0.6666666666666667,0.2777777777777778,0.27586206896551724,0.0,0.13793103448275862,0.0,0.0,1.0,0.0,1.0,0.0,0.0,1.0,0.0,0.0,0.0,0.0,1.0,0.0,0.0,0.0,0.0,0.0,1.0,0.0,0.0,0.0,0.0,0.0,0.0,1.0,1.0,0.0
0.6904761904761905,0.9878223495702005,0.14285714285714285,1.0,1.0,0.17142857142857143,0.6666666666666667,1.0,0.6666666666666667,1.0,0.5734189921702469,0.4444444444444444,0.0,0.0,0.3333333333333333,0.3333333333333333,0.7368421052631579,0.3333333333333333,0.6666666666666667,0.16666666666666666,0.13793103448275862,0.13333333333333333,0.06896551724137931,0.0,0.0,1.0,0.0,1.0,0.0,0.0,1.0,0.0,0.0,0.0,0.0,0.0,1.0,0.0,0.0,0.0,0.0,0.0,1.0,0.0,0.0,0.0,0.0,1.0,0.0,1.0,0.0
0.16666666666666669,0.5064469914040114,0.25,0.5,1.0,0.38571428571428573,1.0,0.25,0.3333333333333333,0.24672489082969434,0.54543264404738,0.0,0.7857142857142857,1.0,0.6666666666666667,0.3333333333333333,0.14035087719298245,0.6666666666666666,0.6666666666666667,0.16666666666666666,0.13793103448275862,0.13333333333333333,0.13793103448275862,0.0,0.0,1.0,0.0,0.0,1.0,0.0,1.0,0.0,0.0,0.0,0.0,0.0,1.0,0.0,0.0,0.0,0.0,0.0,0.0,0.0,1.0,0.0,0.0,1.0,0.0,1.0,0.0
0.23809523809523808,0.16189111747851004,0.8214285714285714,0.5,0.6666666666666667,0.3,0.6666666666666667,0.0,0.3333333333333333,0.08984073978936552,0.20999799237100983,0.1111111111111111,0.4285714285714285,0.0,0.6666666666666667,1.0,0.03508771929824561,0.5,0.6666666666666667,0.05555555555555555,0.06896551724137931,0.0,0.0,0.0,0.0,1.0,0.0,1.0,0.0,0.0,0.0,0.0,1.0,0.0,0.0,0.0,1.0,0.0,0.0,1.0,0.0,0.0,0.0,0.0,0.0,0.0,0.0,1.0,0.0,0.0,1.0
0.4047619047619047,0.3244985673352435,0.7857142857142857,0.25,0.3333333333333333,0.28571428571428575,0.3333333333333333,0.25,0.6666666666666667,0.3151168764449011,0.5381650271029914,0.3333333333333333,0.1428571428571428,0.0,0.0,0.0,0.2807017543859649,0.16666666666666666,0.6666666666666667,0.05555555555555555,0.0,0.0,0.06896551724137931,0.0,0.0,1.0,0.0,1.0,0.0,0.0,1.0,0.0,0.0,0.0,0.0,0.0,1.0,0.0,0.0,0.0,0.0,1.0,0.0,0.0,0.0,0.0,0.0,1.0,0.0,0.0,1.0
0.5952380952380951,0.6117478510028653,0.9642857142857143,0.5,0.3333333333333333,0.5999999999999999,1.0,0.0,0.6666666666666667,0.23953249422039558,0.56197550692632,0.4444444444444444,0.0714285714285714,0.0,1.0,0.0,0.631578947368421,0.3333333333333333,0.6666666666666667,0.16666666666666666,0.13793103448275862,0.13333333333333333,0.13793103448275862,0.0,1.0,0.0,0.0,1.0,0.0,0.0,0.0,0.0,1.0,0.0,0.0,1.0,0.0,0.0,0.0,0.0,0.0,0.0,0.0,1.0,0.0,0.0,0.0,0.0,1.0,1.0,0.0
0.5952380952380951,0.6432664756446991,0.2142857142857143,0.5,0.6666666666666667,0.18571428571428567,0.6666666666666667,0.5,0.0,0.5764192139737991,0.28781369202971285,0.8888888888888888,0.3571428571428571,0.0,0.0,0.3333333333333333,0.3508771929824561,0.16666666666666666,0.3333333333333333,0.05555555555555555,0.0,0.0,0.0,0.0,0.0,1.0,0.0,1.0,0.0,0.0,1.0,0.0,0.0,0.0,0.0,1.0,0.0,1.0,0.0,0.0,0.0,0.0,0.0,0.0,0.0,0.0,0.0,1.0,0.0,1.0,0.0
0.6666666666666665,0.11318051575931232,0.7142857142857143,0.25,1.0,0.5142857142857142,0.6666666666666667,0.25,0.3333333333333333,0.5084125353198048,0.3512547681188516,0.4444444444444444,0.7857142857142857,1.0,1.0,0.3333333333333333,0.45614035087719296,0.3333333333333333,1.0,0.5,0.48275862068965514,0.4,0.48275862068965514,0.0,0.0,1.0,0.0,1.0,0.0,0.0,0.0,0.0,1.0,0.0,0.0,1.0,0.0,1.0,0.0,0.0,0.0,0.0,0.0,0.0,0.0,0.0,0.0,1.0,0.0,1.0,0.0
0.09523809523809518,0.739971346704871,0.14285714285714285,0.5,1.0,0.42857142857142855,1.0,0.0,0.3333333333333333,0.08470331363986644,0.4134912668138928,0.1111111111111111,0.3571428571428571,0.0,0.0,0.3333333333333333,0.14035087719298245,0.3333333333333333,0.3333333333333333,0.2222222222222222,0.13793103448275862,0.26666666666666666,0.13793103448275862,0.0,0.0,1.0,0.0,1.0,0.0,0.0,1.0,0.0,0.0,0.0,0.0,0.0,1.0,0.0,0.0,0.0,0.0,0.0,0.0,1.0,0.0,0.0,1.0,0.0,0.0,0.0,1.0
0.5714285714285714,0.38968481375358166,0.10714285714285714,0.75,0.3333333333333333,0.21428571428571425,0.6666666666666667,0.25,0.0,0.2662471101977909,0.006384260188717128,0.7777777777777777,0.1428571428571428,0.0,1.0,0.0,0.3157894736842105,0.5,1.0,0.3333333333333333,0.27586206896551724,0.13333333333333333,0.3448275862068966,0.0,0.0,1.0,0.0,0.0,1.0,0.0,0.0,1.0,0.0,0.0,0.0,0.0,1.0,0.0,0.0,0.0,0.0,0.0,0.0,0.0,1.0,0.0,0.0,0.0,1.0,1.0,0.0
0.380952380952381,0.73567335243553,0.07142857142857142,0.5,1.0,0.5142857142857142,0.6666666666666667,0.25,0.3333333333333333,0.2840996660673003,0.6921501706484642,0.1111111111111111,0.0714285714285714,0.0,0.6666666666666667,0.3333333333333333,0.38596491228070173,0.3333333333333333,0.6666666666666667,0.611111111111111,0.5517241379310345,0.9333333333333333,0.6206896551724138,0.0,0.0,1.0,0.0,1.0,0.0,0.0,1.0,0.0,0.0,0.0,0.0,1.0,0.0,0.0,0.0,0.0,0.0,0.0,0.0,1.0,0.0,0.0,1.0,0.0,0.0,1.0,0.0
0.7142857142857142,0.9785100286532951,0.6785714285714285,0.75,1.0,0.3,0.6666666666666667,0.0,0.6666666666666667,0.08027228358592345,0.13848624774141738,0.4444444444444444,0.4285714285714285,0.0,0.0,0.6666666666666666,0.45614035087719296,0.3333333333333333,0.3333333333333333,0.0,0.0,0.0,0.0,0.0,0.0,1.0,0.0,1.0,0.0,0.0,0.0,0.0,1.0,0.0,0.0,0.0,1.0,0.0,0.0,0.0,0.0,0.0,0.0,1.0,0.0,0.0,0.0,1.0,0.0,1.0,0.0
0.380952380952381,0.3939828080229226,0.3214285714285714,0.75,1.0,0.8857142857142857,0.3333333333333333,0.25,0.6666666666666667,0.26033907012586693,0.5315398514354547,0.1111111111111111,0.2142857142857143,0.0,0.3333333333333333,0.3333333333333333,0.2807017543859649,0.5,0.3333333333333333,0.4444444444444444,0.13793103448275862,0.9333333333333333,0.48275862068965514,0.0,1.0,0.0,0.0,1.0,0.0,0.0,0.0,0.0,0.0,0.0,1.0,0.0,1.0,1.0,0.0,0.0,0.0,0.0,0.0,0.0,0.0,0.0,0.0,1.0,0.0,1.0,0.0
0.8809523809523809,0.005730659025787968,0.0,0.25,0.0,0.5714285714285714,0.6666666666666667,0.5,1.0,0.5927305419984588,0.6423609716924312,0.3333333333333333,0.2142857142857143,0.0,1.0,0.3333333333333333,0.8421052631578947,0.6666666666666666,0.6666666666666667,0.05555555555555555,0.0,0.13333333333333333,0.0,0.0,0.0,1.0,0.0,0.0,1.0,0.0,1.0,0.0,0.0,0.0,0.0,0.0,1.0,0.0,0.0,0.0,0.0,0.0,0.0,0.0,1.0,0.0,0.0,1.0,0.0,1.0,0.0
0.6904761904761905,0.7714899713467048,0.8571428571428571,0.5,0.0,0.7714285714285714,0.6666666666666667,0.5,0.6666666666666667,0.48959671204726435,0.44127685203774347,0.2222222222222222,0.8571428571428571,1.0,0.3333333333333333,0.0,0.8771929824561403,0.5,0.6666666666666667,0.9444444444444444,0.9655172413793103,1.0,0.7586206896551724,0.0,0.0,1.0,0.0,1.0,0.0,0.0,0.0,0.0,1.0,0.0,0.0,0.0,1.0,1.0,0.0,0.0,0.0,0.0,0.0,0.0,0.0,0.0,0.0,0.0,1.0,1.0,0.0
0.8095238095238095,0.4383954154727794,0.6428571428571428,0.75,1.0,0.1571428571428572,0.6666666666666667,0.0,1.0,0.20864371949653227,0.9835374422806665,0.0,0.4999999999999999,0.0,0.0,0.3333333333333333,0.17543859649122806,0.5,0.6666666666666667,0.2222222222222222,0.20689655172413793,0.13333333333333333,0.13793103448275862,1.0,0.0,0.0,0.0,1.0,0.0,0.0,0.0,0.0,1.0,0.0,0.0,0.0,1.0,0.0,0.0,0.0,0.0,0.0,0.0,1.0,0.0,0.0,0.0,1.0,0.0,1.0,0.0
0.047619047619047616,0.4469914040114613,0.2857142857142857,0.0,1.0,0.3428571428571428,0.6666666666666667,0.0,0.0,0.11039044438736192,0.7624171853041558,0.1111111111111111,0.0,0.0,0.0,0.0,0.07017543859649122,0.5,0.6666666666666667,0.1111111111111111,0.13793103448275862,0.0,0.13793103448275862,0.0,0.0,1.0,0.0,0.0,1.0,0.0,1.0,0.0,0.0,0.0,0.0,0.0,1.0,0.0,0.0,0.0,0.0,0.0,0.0,0.0,0.0,1.0,0.0,0.0,1.0,1.0,0.0
0.4047619047619047,0.7406876790830945,0.7142857142857143,0.0,1.0,0.3,0.6666666666666667,0.25,1.0,0.19297456974056,0.6856454527203373,0.1111111111111111,0.9999999999999999,1.0,1.0,0.3333333333333333,0.3508771929824561,0.3333333333333333,0.0,0.5555555555555556,0.41379310344827586,0.0,0.48275862068965514,0.0,0.0,1.0,0.0,1.0,0.0,0.0,1.0,0.0,0.0,0.0,0.0,1.0,0.0,1.0,0.0,0.0,0.0,0.0,0.0,0.0,0.0,0.0,0.0,1.0,0.0,0.0,1.0
0.6190476190476188,0.9713467048710602,0.3214285714285714,0.75,1.0,0.1571428571428572,0.6666666666666667,0.25,1.0,0.35037246339583866,0.683677976309978,0.2222222222222222,0.1428571428571428,0.0,1.0,0.0,0.3157894736842105,0.8333333333333333,1.0,0.2222222222222222,0.13793103448275862,0.13333333333333333,0.20689655172413793,0.0,0.0,1.0,0.0,1.0,0.0,0.0,0.0,0.0,0.0,1.0,0.0,0.0,1.0,1.0,0.0,0.0,0.0,0.0,0.0,0.0,0.0,0.0,0.0,1.0,0.0,0.0,1.0
0.11904761904761901,0.5601719197707736,0.10714285714285714,0.5,0.0,0.39999999999999997,1.0,0.0,0.0,0.11623426663241715,0.25898413973097767,0.2222222222222222,0.3571428571428571,0.0,0.0,0.3333333333333333,0.17543859649122806,0.5,1.0,0.16666666666666666,0.13793103448275862,0.0,0.13793103448275862,0.0,0.0,1.0,0.0,1.0,0.0,0.0,0.0,0.0,1.0,0.0,0.0,0.0,1.0,0.0,0.0,0.0,0.0,0.0,0.0,1.0,0.0,0.0,0.0,1.0,0.0,1.0,0.0
0.4761904761904761,0.07020057306590258,0.3214285714285714,0.5,0.3333333333333333,0.9857142857142855,0.0,0.5,0.6666666666666667,0.7832648343180066,0.05147560730776951,0.3333333333333333,0.0714285714285714,0.0,0.0,0.3333333333333333,0.7017543859649122,0.5,0.6666666666666667,1.0,1.0,0.13333333333333333,0.7586206896551724,0.0,0.0,1.0,0.0,1.0,0.0,0.0,0.0,0.0,1.0,0.0,0.0,1.0,0.0,0.0,0.0,0.0,0.0,0.0,1.0,0.0,0.0,0.0,0.0,1.0,0.0,1.0,0.0
0.6428571428571428,0.6697707736389684,0.6785714285714285,0.5,0.3333333333333333,0.9285714285714286,0.0,0.5,0.0,0.6320318520421269,0.7134711905239911,0.2222222222222222,0.4999999999999999,0.0,0.3333333333333333,0.3333333333333333,0.8421052631578947,0.3333333333333333,0.6666666666666667,0.38888888888888884,0.48275862068965514,0.0,0.48275862068965514,0.0,0.0,1.0,0.0,1.0,0.0,0.0,0.0,0.0,1.0,0.0,0.0,0.0,1.0,1.0,0.0,0.0,0.0,0.0,0.0,0.0,0.0,0.0,1.0,0.0,0.0,0.0,1.0
0.3333333333333333,0.6167621776504297,0.0,0.25,0.0,0.05714285714285716,0.0,0.25,0.3333333333333333,0.36771127665039816,0.40365388476209596,0.6666666666666666,0.2857142857142857,0.0,0.3333333333333333,0.0,0.3508771929824561,0.3333333333333333,0.6666666666666667,0.0,0.0,0.0,0.0,0.0,0.0,1.0,0.0,0.0,1.0,0.0,1.0,0.0,0.0,0.0,0.0,0.0,1.0,0.0,0.0,0.0,0.0,0.0,0.0,0.0,1.0,0.0,0.0,0.0,1.0,1.0,0.0
0.5238095238095237,0.33810888252148996,0.75,0.25,0.6666666666666667,0.5428571428571429,0.3333333333333333,0.25,0.6666666666666667,0.3449139481119959,0.16125276048986148,0.2222222222222222,0.0714285714285714,0.0,0.0,0.6666666666666666,0.2807017543859649,1.0,0.6666666666666667,0.3333333333333333,0.27586206896551724,0.13333333333333333,0.0,0.0,0.0,1.0,0.0,0.0,1.0,0.0,0.0,1.0,0.0,0.0,0.0,0.0,1.0,0.0,0.0,0.0,0.0,0.0,0.0,0.0,1.0,0.0,0.0,1.0,0.0,0.0,1.0
0.4047619047619047,0.9011461318051576,0.5714285714285714,0.75,0.6666666666666667,0.9142857142857141,0.6666666666666667,0.25,0.0,0.5109812483945544,0.7601686408351737,0.3333333333333333,0.2857142857142857,0.0,1.0,1.0,0.5263157894736842,0.3333333333333333,0.6666666666666667,0.38888888888888884,0.48275862068965514,0.13333333333333333,0.48275862068965514,0.0,0.0,1.0,0.0,0.0,1.0,0.0,1.0,0.0,0.0,0.0,0.0,0.0,1.0,0.0,0.0,0.0,0.0,0.0,0.0,0.0,1.0,0.0,0.0,1.0,0.0,0.0,1.0
0.8333333333333333,0.17406876790830947,0.17857142857142855,0.5,1.0,0.7999999999999998,0.6666666666666667,0.25,1.0,0.09253788851785255,0.3543465167637021,0.2222222222222222,0.4285714285714285,0.0,1.0,0.0,0.6666666666666666,0.6666666666666666,0.6666666666666667,0.1111111111111111,0.13793103448275862,0.26666666666666666,0.13793103448275862,0.0,0.0,1.0,0.0,1.0,0.0,0.0,1.0,0.0,0.0,0.0,0.0,0.0,1.0,0.0,0.0,1.0,0.0,0.0,0.0,0.0,0.0,0.0,0.0,0.0,1.0,1.0,0.0
0.3333333333333333,0.35888252148997135,0.25,0.5,0.6666666666666667,0.3714285714285714,1.0,0.25,1.0,0.33393269971744155,0.3854246135314193,0.1111111111111111,0.2857142857142857,0.0,0.6666666666666667,0.6666666666666666,0.3508771929824561,0.6666666666666666,1.0,0.5555555555555556,0.48275862068965514,0.0,0.5517241379310345,0.0,0.0,1.0,0.0,0.0,1.0,0.0,0.0,0.0,1.0,0.0,0.0,0.0,1.0,0.0,0.0,0.0,0.0,0.0,0.0,0.0,1.0,0.0,0.0,1.0,0.0,1.0,0.0
0.380952380952381,0.4305157593123209,0.9642857142857143,0.5,1.0,0.9285714285714286,0.3333333333333333,0.25,0.6666666666666667,0.36623426663241715,0.2764103593655892,0.1111111111111111,0.7142857142857143,1.0,1.0,0.6666666666666666,0.2807017543859649,0.3333333333333333,0.6666666666666667,0.4444444444444444,0.48275862068965514,0.13333333333333333,0.48275862068965514,0.0,0.0,1.0,0.0,0.0,1.0,0.0,0.0,1.0,0.0,0.0,0.0,1.0,0.0,0.0,0.0,0.0,0.0,0.0,0.0,0.0,1.0,0.0,0.0,1.0,0.0,1.0,0.0
0.21428571428571425,0.7550143266475644,0.5714285714285714,0.5,0.6666666666666667,0.3,0.6666666666666667,0.0,0.3333333333333333,0.13158232725404573,0.4525195743826541,0.0,0.3571428571428571,0.0,1.0,0.3333333333333333,0.21052631578947367,0.5,0.3333333333333333,0.2777777777777778,0.13793103448275862,0.13333333333333333,0.06896551724137931,0.0,0.0,1.0,0.0,1.0,0.0,0.0,0.0,0.0,0.0,0.0,1.0,0.0,1.0,0.0,0.0,0.0,0.0,0.0,0.0,1.0,0.0,0.0,0.0,1.0,0.0,0.0,1.0
0.5714285714285714,0.46203438395415464,0.2857142857142857,0.25,0.0,0.6285714285714286,0.6666666666666667,0.0,1.0,0.17107629077832007,0.5767516562939169,0.1111111111111111,0.1428571428571428,0.0,0.6666666666666667,0.0,0.42105263157894735,0.5,0.6666666666666667,0.6666666666666666,0.6206896551724138,0.6666666666666666,0.5517241379310345,0.0,1.0,0.0,0.0,1.0,0.0,0.0,0.0,0.0,1.0,0.0,0.0,1.0,0.0,0.0,0.0,1.0,0.0,0.0,0.0,0.0,0.0,0.0,0.0,0.0,1.0,1.0,0.0
0.23809523809523808,0.487106017191977,0.0,0.25,0.6666666666666667,0.17142857142857143,0.3333333333333333,0.25,1.0,0.37406884151040326,0.6890584220036138,0.1111111111111111,0.0714285714285714,0.0,0.6666666666666667,0.3333333333333333,0.24561403508771928,0.3333333333333333,0.6666666666666667,0.38888888888888884,0.48275862068965514,0.0,0.48275862068965514,0.0,1.0,0.0,0.0,0.0,1.0,0.0,1.0,0.0,0.0,0.0,0.0,0.0,1.0,0.0,0.0,0.0,0.0,0.0,0.0,0.0,1.0,0.0,0.0,1.0,0.0,0.0,1.0
0.6428571428571428,0.06518624641833812,0.2857142857142857,0.5,0.3333333333333333,0.42857142857142855,0.6666666666666667,0.25,0.3333333333333333,0.08598767017724121,0.35362377032724346,0.8888888888888888,0.4999999999999999,0.0,0.6666666666666667,0.3333333333333333,0.7017543859649122,0.3333333333333333,0.0,0.9444444444444444,0.6206896551724138,0.0,1.0,0.0,0.0,1.0,0.0,1.0,0.0,0.0,1.0,0.0,0.0,0.0,0.0,0.0,1.0,0.0,0.0,1.0,0.0,0.0,0.0,0.0,0.0,0.0,1.0,0.0,0.0,1.0,0.0
0.5238095238095237,0.3674785100286533,0.03571428571428571,0.25,0.6666666666666667,0.9857142857142855,0.6666666666666667,0.0,0.0,0.1520678140251734,0.9440273037542662,0.4444444444444444,0.4285714285714285,0.0,1.0,0.3333333333333333,0.24561403508771928,0.8333333333333333,0.3333333333333333,0.2222222222222222,0.20689655172413793,0.0,0.13793103448275862,0.0,0.0,1.0,0.0,1.0,0.0,0.0,1.0,0.0,0.0,0.0,0.0,1.0,0.0,0.0,0.0,1.0,0.0,0.0,0.0,0.0,0.0,0.0,0.0,1.0,0.0,1.0,0.0
0.8095238095238095,0.11103151862464183,0.25,0.75,0.6666666666666667,0.3428571428571428,0.6666666666666667,0.0,0.0,0.12464680195222194,0.6130897410158602,1.0,0.1428571428571428,0.0,0.6666666666666667,0.0,0.42105263157894735,0.3333333333333333,0.0,0.2777777777777778,0.27586206896551724,0.0,0.27586206896551724,0.0,0.0,1.0,0.0,1.0,0.0,0.0,0.0,0.0,0.0,1.0,0.0,1.0,0.0,0.0,0.0,1.0,0.0,0.0,0.0,0.0,0.0,0.0,0.0,1.0,0.0,1.0,0.0
0.0,0.731375358166189,0.0,0.5,1.0,0.9571428571428571,0.6666666666666667,0.0,1.0,0.03865913177498073,0.6910660509937764,0.1111111111111111,0.2857142857142857,0.0,0.6666666666666667,0.0,0.0,0.8333333333333333,1.0,0.0,0.0,0.0,0.0,1.0,0.0,0.0,0.0,1.0,0.0,0.0,1.0,0.0,0.0,0.0,0.0,1.0,0.0,0.0,0.0,1.0,0.0,0.0,0.0,0.0,0.0,0.0,0.0,0.0,1.0,1.0,0.0
0.4047619047619047,0.5114613180515759,0.0,0.5,1.0,0.42857142857142855,0.3333333333333333,0.25,1.0,0.27960441818648857,0.3514153784380646,0.0,0.0714285714285714,0.0,0.3333333333333333,0.3333333333333333,0.3508771929824561,0.0,0.6666666666666667,0.5,0.48275862068965514,0.0,0.0,0.0,0.0,1.0,0.0,1.0,0.0,0.0,0.0,0.0,1.0,0.0,0.0,1.0,0.0,0.0,0.0,1.0,0.0,0.0,0.0,0.0,0.0,0.0,0.0,1.0,0.0,1.0,0.0
0.6666666666666665,0.0336676217765043,0.03571428571428571,0.75,1.0,0.42857142857142855,0.6666666666666667,0.25,1.0,0.4090675571538659,0.6159004216020879,0.2222222222222222,0.0,0.0,0.6666666666666667,0.3333333333333333,0.42105263157894735,0.5,0.3333333333333333,0.3333333333333333,0.20689655172413793,0.13333333333333333,0.27586206896551724,0.0,0.0,1.0,0.0,1.0,0.0,0.0,0.0,0.0,0.0,0.0,1.0,0.0,1.0,0.0,0.0,0.0,0.0,1.0,0.0,0.0,0.0,0.0,1.0,0.0,0.0,1.0,0.0
0.5714285714285714,0.1189111747851003,0.03571428571428571,0.5,1.0,0.3714285714285714,0.3333333333333333,0.0,0.0,0.1017210377600822,0.23742220437663117,0.0,0.0,0.0,0.6666666666666667,0.3333333333333333,0.3508771929824561,0.6666666666666666,0.6666666666666667,0.5,0.41379310344827586,0.9333333333333333,0.5517241379310345,0.0,0.0,1.0,0.0,1.0,0.0,0.0,0.0,0.0,1.0,0.0,0.0,1.0,0.0,0.0,0.0,1.0,0.0,0.0,0.0,0.0,0.0,0.0,1.0,0.0,0.0,0.0,1.0
0.380952380952381,0.5200573065902578,0.07142857142857142,0.25,0.6666666666666667,0.8285714285714285,0.6666666666666667,0.0,1.0,0.17518623169791933,0.005982734390684599,0.0,0.5714285714285713,0.0,0.6666666666666667,0.3333333333333333,0.14035087719298245,0.16666666666666666,0.0,0.16666666666666666,0.13793103448275862,0.0,0.13793103448275862,0.0,0.0,1.0,1.0,0.0,0.0,1.0,0.0,0.0,0.0,0.0,0.0,0.0,1.0,0.0,1.0,0.0,0.0,0.0,0.0,0.0,0.0,0.0,0.0,1.0,0.0,1.0,0.0
0.5714285714285714,0.6848137535816619,0.2857142857142857,0.25,1.0,0.8999999999999999,0.3333333333333333,1.0,1.0,1.0,0.9744228066653283,0.8888888888888888,0.7857142857142857,1.0,1.0,0.0,0.8421052631578947,0.3333333333333333,0.6666666666666667,0.05555555555555555,0.0,0.0,0.06896551724137931,0.0,0.0,1.0,0.0,1.0,0.0,0.0,0.0,0.0,0.0,1.0,0.0,0.0,1.0,0.0,0.0,0.0,1.0,0.0,0.0,0.0,0.0,0.0,0.0,0.0,1.0,1.0,0.0
0.8333333333333333,0.5479942693409742,0.25,0.5,0.0,0.6142857142857143,0.6666666666666667,0.75,1.0,0.6952864115078345,0.8309576390283075,0.5555555555555556,0.2142857142857143,0.0,0.6666666666666667,0.3333333333333333,0.9824561403508771,0.5,0.6666666666666667,0.1111111111111111,0.0,0.26666666666666666,0.13793103448275862,0.0,0.0,1.0,0.0,0.0,1.0,0.0,0.0,1.0,0.0,0.0,0.0,0.0,1.0,0.0,0.0,0.0,0.0,0.0,0.0,0.0,1.0,0.0,0.0,1.0,0.0,1.0,0.0
0.28571428571428564,0.8853868194842406,0.14285714285714285,0.5,0.3333333333333333,0.1571428571428572,0.6666666666666667,0.5,1.0,0.5400719239660929,0.23926922304758078,0.2222222222222222,0.0714285714285714,0.0,0.6666666666666667,0.3333333333333333,0.42105263157894735,0.3333333333333333,0.6666666666666667,0.5555555555555556,0.6206896551724138,0.9333333333333333,0.27586206896551724,0.0,0.0,1.0,0.0,0.0,1.0,0.0,1.0,0.0,0.0,0.0,0.0,1.0,0.0,0.0,0.0,0.0,0.0,0.0,0.0,0.0,1.0,0.0,0.0,1.0,0.0,1.0,0.0
0.857142857142857,0.31876790830945556,0.25,0.75,0.6666666666666667,0.17142857142857143,0.6666666666666667,0.25,0.6666666666666667,0.1779475982532751,0.8566151375225858,0.7777777777777777,0.0,0.0,0.6666666666666667,0.0,0.6666666666666666,0.5,0.6666666666666667,0.05555555555555555,0.0,0.0,0.0,0.0,0.0,1.0,0.0,1.0,0.0,0.0,1.0,0.0,0.0,0.0,0.0,1.0,0.0,0.0,0.0,1.0,0.0,0.0,0.0,0.0,0.0,0.0,0.0,0.0,1.0,1.0,0.0
0.3095238095238095,0.46060171919770765,0.25,0.75,0.6666666666666667,0.4428571428571429,0.6666666666666667,0.25,1.0,0.2193038787567429,0.7463561533828549,0.1111111111111111,0.8571428571428571,1.0,1.0,0.0,0.38596491228070173,0.3333333333333333,0.6666666666666667,0.611111111111111,0.48275862068965514,0.13333333333333333,0.5517241379310345,0.0,0.0,1.0,0.0,1.0,0.0,0.0,1.0,0.0,0.0,0.0,0.0,1.0,0.0,0.0,0.0,0.0,0.0,1.0,0.0,0.0,0.0,0.0,0.0,0.0,1.0,1.0,0.0
0.2619047619047619,0.3502865329512894,0.2142857142857143,0.5,1.0,0.4142857142857143,0.6666666666666667,0.0,0.0,0.06762137169278193,0.6942381047982333,0.3333333333333333,0.2142857142857143,0.0,0.3333333333333333,0.0,0.38596491228070173,0.3333333333333333,0.6666666666666667,0.16666666666666666,0.13793103448275862,0.13333333333333333,0.13793103448275862,0.0,0.0,1.0,0.0,1.0,0.0,0.0,1.0,0.0,0.0,0.0,0.0,0.0,1.0,0.0,0.0,1.0,0.0,0.0,0.0,0.0,0.0,0.0,0.0,0.0,1.0,1.0,0.0
0.3095238095238095,0.15902578796561606,0.14285714285714285,0.5,0.3333333333333333,0.6285714285714286,0.6666666666666667,0.25,0.0,0.573272540457231,0.06797831760690623,0.0,0.5714285714285713,0.0,0.3333333333333333,0.0,0.3508771929824561,0.3333333333333333,0.6666666666666667,0.5,0.27586206896551724,0.13333333333333333,0.48275862068965514,1.0,0.0,0.0,0.0,1.0,0.0,0.0,0.0,0.0,1.0,0.0,0.0,0.0,1.0,0.0,0.0,0.0,0.0,1.0,0.0,0.0,0.0,0.0,0.0,0.0,1.0,1.0,0.0
0.3095238095238095,0.8803724928366762,0.35714285714285715,0.25,0.6666666666666667,0.7142857142857142,0.6666666666666667,0.25,0.0,0.37400462368353454,0.6020879341497691,0.1111111111111111,0.0714285714285714,0.0,1.0,0.0,0.21052631578947367,0.3333333333333333,0.3333333333333333,0.3333333333333333,0.3448275862068966,0.0,0.06896551724137931,0.0,0.0,1.0,0.0,1.0,0.0,0.0,0.0,0.0,1.0,0.0,0.0,0.0,1.0,1.0,0.0,0.0,0.0,0.0,0.0,0.0,0.0,0.0,0.0,1.0,0.0,0.0,1.0
0.35714285714285715,0.8595988538681948,0.2142857142857143,0.25,1.0,0.08571428571428569,0.6666666666666667,0.25,0.6666666666666667,0.31845620344207554,0.641838988154989,0.1111111111111111,0.6428571428571427,1.0,0.6666666666666667,1.0,0.3157894736842105,0.3333333333333333,0.6666666666666667,0.5,0.48275862068965514,0.26666666666666666,0.5517241379310345,0.0,1.0,0.0,0.0,1.0,0.0,0.0,1.0,0.0,0.0,0.0,0.0,0.0,1.0,1.0,0.0,0.0,0.0,0.0,0.0,0.0,0.0,0.0,1.0,0.0,0.0,1.0,0.0
0.047619047619047616,0.018624641833810893,0.10714285714285714,0.5,0.0,0.7714285714285714,0.6666666666666667,0.0,0.0,0.12612381197020292,0.43822525597269624,0.1111111111111111,0.5714285714285713,0.0,0.3333333333333333,0.0,0.03508771929824561,0.3333333333333333,0.6666666666666667,0.05555555555555555,0.0,0.0,0.0,0.0,0.0,1.0,0.0,1.0,0.0,0.0,0.0,0.0,0.0,0.0,1.0,0.0,1.0,0.0,0.0,1.0,0.0,0.0,0.0,0.0,0.0,0.0,0.0,0.0,1.0,1.0,0.0
0.7380952380952379,0.818051575931232,0.6071428571428571,0.75,1.0,0.39999999999999997,0.3333333333333333,1.0,0.6666666666666667,1.0,0.001244729973900821,0.1111111111111111,0.4285714285714285,0.0,0.6666666666666667,0.3333333333333333,1.0,0.8333333333333333,0.6666666666666667,1.0,0.6206896551724138,0.0,0.6206896551724138,0.0,0.0,1.0,0.0,1.0,0.0,0.0,1.0,0.0,0.0,0.0,0.0,0.0,1.0,0.0,0.0,0.0,0.0,0.0,1.0,0.0,0.0,0.0,1.0,0.0,0.0,0.0,1.0
0.7380952380952379,0.829512893982808,0.2142857142857143,0.5,0.3333333333333333,0.01428571428571429,0.3333333333333333,0.5,0.6666666666666667,0.6393526843051631,0.40040152579803245,0.8888888888888888,0.9285714285714285,1.0,0.6666666666666667,0.0,0.9122807017543859,0.3333333333333333,0.6666666666666667,0.2777777777777778,0.13793103448275862,0.0,0.0,0.0,0.0,1.0,0.0,1.0,0.0,0.0,0.0,0.0,0.0,1.0,0.0,0.0,1.0,1.0,0.0,0.0,0.0,0.0,0.0,0.0,0.0,0.0,0.0,0.0,1.0,1.0,0.0
0.8809523809523809,0.022922636103151872,0.6071428571428571,0.75,0.6666666666666667,0.45714285714285713,0.6666666666666667,0.25,0.3333333333333333,0.3452350372463396,0.43758281469584426,0.3333333333333333,0.2142857142857143,0.0,1.0,0.6666666666666666,0.5964912280701754,0.5,0.6666666666666667,0.4444444444444444,0.48275862068965514,0.8,0.48275862068965514,0.0,1.0,0.0,0.0,1.0,0.0,0.0,0.0,0.0,1.0,0.0,0.0,0.0,1.0,1.0,0.0,0.0,0.0,0.0,0.0,0.0,0.0,0.0,0.0,1.0,0.0,0.0,1.0
0.14285714285714285,0.7335243553008596,0.6071428571428571,0.0,0.3333333333333333,0.31428571428571433,0.6666666666666667,0.0,0.6666666666666667,0.11334446442332391,0.4482232483437061,0.0,0.0714285714285714,0.0,0.6666666666666667,0.3333333333333333,0.21052631578947367,0.3333333333333333,0.6666666666666667,0.2777777777777778,0.20689655172413793,0.13333333333333333,0.13793103448275862,0.0,0.0,1.0,0.0,1.0,0.0,0.0,1.0,0.0,0.0,0.0,0.0,0.0,1.0,0.0,0.0,1.0,0.0,0.0,0.0,0.0,0.0,0.0,0.0,1.0,0.0,1.0,0.0
0.9523809523809523,0.3567335243553008,0.2142857142857143,0.75,0.6666666666666667,0.32857142857142857,0.3333333333333333,0.5,0.0,0.5778962239917802,0.3986749648664927,0.7777777777777777,0.2142857142857143,0.0,1.0,0.0,1.0,0.0,0.3333333333333333,0.5555555555555556,0.6206896551724138,0.6666666666666666,0.6206896551724138,0.0,0.0,1.0,0.0,1.0,0.0,0.0,0.0,0.0,1.0,0.0,0.0,1.0,0.0,0.0,0.0,0.0,0.0,1.0,0.0,0.0,0.0,0.0,0.0,1.0,0.0,0.0,1.0
0.35714285714285715,0.3946991404011462,0.14285714285714285,0.5,1.0,0.05714285714285716,0.3333333333333333,0.5,1.0,0.39237092216799385,0.7677173258381851,0.4444444444444444,0.2857142857142857,0.0,0.6666666666666667,0.3333333333333333,0.3157894736842105,0.3333333333333333,0.6666666666666667,0.16666666666666666,0.13793103448275862,0.13333333333333333,0.13793103448275862,0.0,0.0,1.0,0.0,1.0,0.0,0.0,1.0,0.0,0.0,0.0,0.0,0.0,1.0,1.0,0.0,0.0,0.0,0.0,0.0,0.0,0.0,0.0,1.0,0.0,0.0,1.0,0.0
0.4523809523809524,0.9383954154727794,0.14285714285714285,0.25,0.6666666666666667,0.7714285714285714,1.0,0.0,0.6666666666666667,0.15996660673002824,0.938606705480827,0.0,0.2142857142857143,0.0,0.0,0.0,0.24561403508771928,0.3333333333333333,0.0,0.3333333333333333,0.3448275862068966,0.13333333333333333,0.20689655172413793,1.0,0.0,0.0,0.0,1.0,0.0,0.0,0.0,0.0,0.0,0.0,1.0,0.0,1.0,0.0,0.0,1.0,0.0,0.0,0.0,0.0,0.0,0.0,0.0,0.0,1.0,1.0,0.0
0.4523809523809524,0.1339541547277937,0.7142857142857143,0.5,0.3333333333333333,0.49999999999999994,1.0,0.0,0.0,0.16407654764962754,0.838506324031319,0.1111111111111111,0.0714285714285714,0.0,0.0,0.3333333333333333,0.2807017543859649,0.5,0.3333333333333333,0.4444444444444444,0.48275862068965514,0.13333333333333333,0.48275862068965514,0.0,0.0,1.0,0.0,1.0,0.0,0.0,1.0,0.0,0.0,0.0,0.0,0.0,1.0,0.0,0.0,0.0,0.0,0.0,0.0,1.0,0.0,0.0,0.0,1.0,0.0,0.0,1.0
0.14285714285714285,0.9835243553008595,0.10714285714285714,0.0,1.0,0.17142857142857143,0.6666666666666667,0.25,0.6666666666666667,0.2024788081171333,0.5266813892792612,0.1111111111111111,0.0714285714285714,0.0,0.6666666666666667,0.6666666666666666,0.17543859649122806,0.5,0.6666666666666667,0.2777777777777778,0.27586206896551724,0.0,0.20689655172413793,0.0,0.0,1.0,0.0,0.0,1.0,0.0,0.0,0.0,1.0,0.0,0.0,1.0,0.0,0.0,0.0,0.0,0.0,0.0,0.0,0.0,1.0,0.0,0.0,1.0,0.0,0.0,1.0
0.9523809523809523,0.20558739255014327,0.0,0.75,1.0,0.02857142857142858,0.0,0.25,0.6666666666666667,0.298677112766504,0.6007628990162618,0.2222222222222222,0.1428571428571428,0.0,1.0,0.3333333333333333,0.42105263157894735,0.3333333333333333,0.6666666666666667,0.2777777777777778,0.20689655172413793,0.13333333333333333,0.13793103448275862,1.0,0.0,0.0,0.0,1.0,0.0,0.0,1.0,0.0,0.0,0.0,0.0,0.0,1.0,1.0,0.0,0.0,0.0,0.0,0.0,0.0,0.0,0.0,1.0,0.0,0.0,0.0,1.0
0.3333333333333333,0.7320916905444126,0.5357142857142857,0.0,0.3333333333333333,0.5999999999999999,0.0,0.0,0.0,0.1868738761880298,0.10387472395101385,0.1111111111111111,0.7857142857142857,1.0,0.3333333333333333,0.0,0.3508771929824561,0.8333333333333333,0.6666666666666667,0.5555555555555556,0.13793103448275862,0.8,0.48275862068965514,0.0,1.0,0.0,0.0,1.0,0.0,0.0,1.0,0.0,0.0,0.0,0.0,1.0,0.0,0.0,0.0,0.0,0.0,0.0,0.0,1.0,0.0,0.0,0.0,0.0,1.0,0.0,1.0
0.047619047619047616,0.4770773638968481,0.2857142857142857,0.5,1.0,0.3428571428571428,0.6666666666666667,0.0,1.0,0.08438222450552274,0.6067456334069464,0.1111111111111111,0.2142857142857143,0.0,0.3333333333333333,0.0,0.07017543859649122,0.5,0.6666666666666667,0.1111111111111111,0.13793103448275862,0.0,0.13793103448275862,0.0,1.0,0.0,0.0,0.0,1.0,0.0,0.0,1.0,0.0,0.0,0.0,1.0,0.0,0.0,0.0,0.0,0.0,0.0,0.0,0.0,0.0,1.0,0.0,0.0,1.0,0.0,1.0
0.5952380952380951,0.20845272206303725,0.8928571428571428,0.25,0.6666666666666667,0.8857142857142857,0.6666666666666667,0.75,1.0,1.0,0.6986548885765911,0.1111111111111111,0.0714285714285714,0.0,1.0,0.6666666666666666,0.8771929824561403,0.5,1.0,1.0,0.8275862068965517,0.5333333333333333,0.8275862068965517,0.0,1.0,0.0,0.0,0.0,1.0,0.0,1.0,0.0,0.0,0.0,0.0,0.0,1.0,0.0,0.0,0.0,1.0,0.0,0.0,0.0,0.0,0.0,0.0,1.0,0.0,0.0,1.0
0.35714285714285715,0.08166189111747851,0.3214285714285714,0.75,0.3333333333333333,0.18571428571428567,0.6666666666666667,0.25,0.6666666666666667,0.28756742871821217,0.3339088536438466,0.1111111111111111,0.2142857142857143,0.0,0.3333333333333333,0.0,0.3508771929824561,0.3333333333333333,0.3333333333333333,0.5555555555555556,0.27586206896551724,0.0,0.6206896551724138,0.0,0.0,1.0,0.0,0.0,1.0,0.0,0.0,1.0,0.0,0.0,0.0,0.0,1.0,0.0,0.0,0.0,0.0,0.0,0.0,0.0,1.0,0.0,0.0,0.0,1.0,1.0,0.0
0.35714285714285715,0.07736389684813755,0.5357142857142857,0.5,0.0,0.6285714285714286,0.6666666666666667,0.5,0.0,0.4851656819933214,0.32114033326641234,0.2222222222222222,0.6428571428571427,1.0,0.6666666666666667,0.0,0.38596491228070173,0.3333333333333333,0.3333333333333333,0.0,0.0,0.0,0.0,0.0,0.0,1.0,0.0,0.0,1.0,0.0,1.0,0.0,0.0,0.0,0.0,1.0,0.0,0.0,0.0,0.0,0.0,0.0,0.0,0.0,1.0,0.0,0.0,0.0,1.0,0.0,1.0
0.3333333333333333,0.5752148997134671,0.2142857142857143,0.5,1.0,0.8714285714285714,0.3333333333333333,0.25,0.6666666666666667,0.28737477523760596,0.5979120658502308,0.1111111111111111,0.2142857142857143,0.0,0.6666666666666667,0.3333333333333333,0.45614035087719296,0.5,0.3333333333333333,0.7222222222222222,0.5517241379310345,0.5333333333333333,0.5517241379310345,0.0,0.0,1.0,0.0,0.0,1.0,0.0,1.0,0.0,0.0,0.0,0.0,0.0,1.0,0.0,0.0,0.0,0.0,0.0,0.0,0.0,1.0,0.0,0.0,1.0,0.0,1.0,0.0
0.857142857142857,0.6783667621776504,0.35714285714285715,0.75,0.3333333333333333,0.8142857142857143,0.6666666666666667,0.75,1.0,0.9647444130490626,0.8978919895603292,0.3333333333333333,0.6428571428571427,1.0,0.0,0.3333333333333333,0.9122807017543859,0.3333333333333333,0.6666666666666667,0.7777777777777777,0.6206896551724138,0.13333333333333333,0.8275862068965517,0.0,1.0,0.0,0.0,1.0,0.0,0.0,0.0,0.0,1.0,0.0,0.0,1.0,0.0,0.0,0.0,0.0,1.0,0.0,0.0,0.0,0.0,0.0,1.0,0.0,0.0,1.0,0.0
0.3095238095238095,0.16189111747851004,0.0,0.25,1.0,0.9714285714285713,0.3333333333333333,0.0,0.0,0.07763935268430516,0.566111222646055,0.1111111111111111,0.0714285714285714,0.0,0.6666666666666667,0.3333333333333333,0.14035087719298245,0.5,0.6666666666666667,0.2222222222222222,0.13793103448275862,0.4,0.13793103448275862,0.0,0.0,1.0,0.0,1.0,0.0,0.0,1.0,0.0,0.0,0.0,0.0,0.0,1.0,0.0,0.0,1.0,0.0,0.0,0.0,0.0,0.0,0.0,0.0,1.0,0.0,1.0,0.0
0.3095238095238095,0.42979942693409734,0.03571428571428571,0.5,0.6666666666666667,0.857142857142857,0.3333333333333333,0.0,1.0,0.11405086051888005,0.393013451114234,0.7777777777777777,0.2142857142857143,0.0,0.6666666666666667,0.0,0.10526315789473684,0.5,1.0,0.05555555555555555,0.0,0.0,0.0,0.0,1.0,0.0,0.0,0.0,1.0,0.0,1.0,0.0,0.0,0.0,0.0,1.0,0.0,0.0,0.0,0.0,0.0,0.0,0.0,0.0,0.0,1.0,0.0,0.0,1.0,1.0,0.0
0.5714285714285714,0.7929799426934097,0.03571428571428571,0.5,0.6666666666666667,0.5428571428571429,0.3333333333333333,0.0,0.3333333333333333,0.24608271256100694,0.8816703473198153,0.4444444444444444,0.2142857142857143,0.0,0.3333333333333333,0.3333333333333333,0.14035087719298245,0.5,0.6666666666666667,0.05555555555555555,0.0,0.0,0.0,0.0,0.0,1.0,0.0,1.0,0.0,0.0,0.0,0.0,1.0,0.0,0.0,0.0,1.0,0.0,0.0,1.0,0.0,0.0,0.0,0.0,0.0,0.0,0.0,1.0,0.0,1.0,0.0
0.5714285714285714,0.22636103151862466,0.39285714285714285,0.75,0.3333333333333333,0.6714285714285713,0.6666666666666667,0.25,1.0,0.26188029797071666,0.0323629793214214,0.3333333333333333,0.0714285714285714,0.0,0.6666666666666667,0.6666666666666666,0.49122807017543857,0.6666666666666666,0.6666666666666667,0.0,0.0,0.0,0.0,0.0,0.0,1.0,0.0,0.0,1.0,0.0,0.0,1.0,0.0,0.0,0.0,0.0,1.0,0.0,0.0,0.0,0.0,0.0,0.0,0.0,1.0,0.0,1.0,0.0,0.0,0.0,1.0
0.8809523809523809,0.5250716332378224,0.25,0.5,1.0,0.04285714285714287,0.6666666666666667,0.75,0.6666666666666667,0.8828024659645517,0.7081308974101586,0.2222222222222222,0.2142857142857143,0.0,0.6666666666666667,1.0,0.7368421052631579,0.3333333333333333,0.6666666666666667,0.2777777777777778,0.0,0.0,0.13793103448275862,0.0,0.0,1.0,0.0,1.0,0.0,0.0,0.0,0.0,1.0,0.0,0.0,1.0,0.0,0.0,0.0,0.0,1.0,0.0,0.0,0.0,0.0,0.0,1.0,0.0,0.0,0.0,1.0
0.35714285714285715,0.7134670487106016,0.10714285714285714,0.75,0.0,0.7428571428571429,0.3333333333333333,0.0,0.3333333333333333,0.18167223221166195,0.24485043164023287,0.8888888888888888,0.0,0.0,1.0,0.0,0.2807017543859649,0.8333333333333333,0.6666666666666667,0.2777777777777778,0.27586206896551724,0.0,0.13793103448275862,0.0,0.0,1.0,0.0,1.0,0.0,0.0,0.0,0.0,1.0,0.0,0.0,1.0,0.0,0.0,0.0,1.0,0.0,0.0,0.0,0.0,0.0,0.0,0.0,1.0,0.0,1.0,0.0
0.28571428571428564,0.025071633237822355,0.75,0.5,0.0,0.2571428571428572,0.6666666666666667,0.0,0.6666666666666667,0.07211661957359364,0.3792411162417185,0.4444444444444444,0.0,0.0,0.3333333333333333,0.0,0.24561403508771928,0.3333333333333333,0.6666666666666667,0.2777777777777778,0.13793103448275862,0.0,0.06896551724137931,0.0,0.0,1.0,0.0,1.0,0.0,0.0,1.0,0.0,0.0,0.0,0.0,1.0,0.0,0.0,0.0,0.0,0.0,0.0,0.0,1.0,0.0,0.0,0.0,1.0,0.0,0.0,1.0
0.9047619047619047,0.5752148997134671,0.17857142857142855,0.5,0.6666666666666667,0.7999999999999998,1.0,0.75,0.0,0.7836501412792192,0.6489459947801646,1.0,0.0,0.0,1.0,1.0,1.0,0.0,0.3333333333333333,0.38888888888888884,0.48275862068965514,0.9333333333333333,0.48275862068965514,0.0,1.0,0.0,0.0,0.0,1.0,0.0,1.0,0.0,0.0,0.0,0.0,1.0,0.0,0.0,0.0,0.0,0.0,0.0,0.0,0.0,1.0,0.0,0.0,1.0,0.0,1.0,0.0
0.5476190476190477,0.1031518624641834,0.2142857142857143,0.0,0.3333333333333333,0.35714285714285715,0.0,1.0,0.6666666666666667,1.0,0.7303754266211604,0.1111111111111111,0.7857142857142857,1.0,0.3333333333333333,0.6666666666666666,0.7368421052631579,0.5,0.6666666666666667,1.0,1.0,0.6666666666666666,0.6896551724137931,1.0,0.0,0.0,0.0,1.0,0.0,0.0,1.0,0.0,0.0,0.0,0.0,1.0,0.0,0.0,0.0,0.0,0.0,0.0,1.0,0.0,0.0,0.0,1.0,0.0,0.0,1.0,0.0
0.16666666666666669,0.6131805157593123,0.9642857142857143,0.5,0.0,0.1571428571428572,0.3333333333333333,0.25,0.6666666666666667,0.48998201900847677,0.9131098173057619,0.2222222222222222,0.4999999999999999,0.0,1.0,0.0,0.21052631578947367,0.5,0.6666666666666667,0.1111111111111111,0.13793103448275862,0.26666666666666666,0.13793103448275862,0.0,0.0,1.0,0.0,0.0,1.0,0.0,1.0,0.0,0.0,0.0,0.0,0.0,1.0,0.0,0.0,0.0,0.0,0.0,0.0,0.0,1.0,0.0,0.0,1.0,0.0,1.0,0.0
0.3095238095238095,0.15974212034383956,0.25,0.25,0.0,0.01428571428571429,0.6666666666666667,0.5,1.0,0.6283072180837401,0.2526400321220639,0.1111111111111111,0.4999999999999999,0.0,0.0,0.3333333333333333,0.45614035087719296,0.8333333333333333,0.6666666666666667,0.7222222222222222,0.48275862068965514,1.0,0.6206896551724138,0.0,0.0,1.0,0.0,0.0,1.0,0.0,1.0,0.0,0.0,0.0,0.0,0.0,1.0,0.0,0.0,0.0,0.0,0.0,0.0,0.0,1.0,0.0,1.0,0.0,0.0,1.0,0.0
0.8809523809523809,0.9584527220630372,0.75,0.5,0.0,0.9142857142857141,0.3333333333333333,0.0,0.3333333333333333,0.1623426663241716,0.8690222846817908,0.5555555555555556,0.0714285714285714,0.0,1.0,0.3333333333333333,0.2807017543859649,0.16666666666666666,0.6666666666666667,0.2222222222222222,0.13793103448275862,0.13333333333333333,0.13793103448275862,0.0,0.0,1.0,0.0,1.0,0.0,0.0,0.0,0.0,0.0,0.0,1.0,0.0,1.0,0.0,0.0,0.0,0.0,0.0,0.0,1.0,0.0,0.0,1.0,0.0,0.0,1.0,0.0
0.6904761904761905,0.44126074498567336,0.9285714285714285,0.25,0.3333333333333333,0.6714285714285713,1.0,0.25,0.6666666666666667,0.34600565116876447,0.33105802047781574,0.4444444444444444,0.0714285714285714,0.0,1.0,0.0,0.2807017543859649,0.3333333333333333,0.6666666666666667,0.2777777777777778,0.27586206896551724,0.13333333333333333,0.20689655172413793,0.0,1.0,0.0,0.0,0.0,1.0,0.0,1.0,0.0,0.0,0.0,0.0,1.0,0.0,0.0,0.0,0.0,0.0,0.0,0.0,0.0,1.0,0.0,0.0,0.0,1.0,0.0,1.0
0.8095238095238095,0.47851002865329506,0.03571428571428571,0.75,0.0,0.7,0.3333333333333333,1.0,0.6666666666666667,1.0,0.7603292511543867,0.1111111111111111,0.4999999999999999,0.0,1.0,0.0,1.0,0.3333333333333333,1.0,1.0,0.48275862068965514,1.0,0.8275862068965517,1.0,0.0,0.0,0.0,0.0,1.0,0.0,1.0,0.0,0.0,0.0,0.0,0.0,1.0,0.0,0.0,0.0,1.0,0.0,0.0,0.0,0.0,0.0,0.0,0.0,1.0,0.0,1.0
0.8095238095238095,0.6640401146131805,0.14285714285714285,0.5,0.3333333333333333,0.4857142857142857,0.6666666666666667,0.5,0.3333333333333333,0.47758797842281014,0.7805661513752259,1.0,0.5714285714285713,0.0,0.6666666666666667,0.0,0.3508771929824561,0.3333333333333333,0.3333333333333333,0.4444444444444444,0.48275862068965514,0.9333333333333333,0.48275862068965514,0.0,0.0,1.0,0.0,0.0,1.0,0.0,1.0,0.0,0.0,0.0,0.0,0.0,1.0,0.0,0.0,0.0,0.0,0.0,0.0,0.0,1.0,0.0,0.0,0.0,1.0,0.0,1.0
0.35714285714285715,0.03151862464183382,0.10714285714285714,0.75,0.6666666666666667,0.24285714285714283,0.3333333333333333,0.0,0.3333333333333333,0.10358335473927563,0.4478618751254768,0.6666666666666666,0.7142857142857143,1.0,1.0,0.0,0.24561403508771928,0.5,0.6666666666666667,0.16666666666666666,0.13793103448275862,0.13333333333333333,0.06896551724137931,0.0,0.0,1.0,0.0,1.0,0.0,0.0,0.0,0.0,1.0,0.0,0.0,1.0,0.0,0.0,0.0,0.0,0.0,0.0,0.0,1.0,0.0,0.0,0.0,1.0,0.0,1.0,0.0
0.21428571428571425,0.9785100286532951,0.0,0.25,1.0,0.7428571428571429,0.6666666666666667,0.0,0.3333333333333333,0.1802594400205497,0.633888777353945,0.1111111111111111,0.0,0.0,0.3333333333333333,0.3333333333333333,0.17543859649122806,0.3333333333333333,0.6666666666666667,0.2777777777777778,0.13793103448275862,0.0,0.27586206896551724,0.0,0.0,1.0,0.0,1.0,0.0,0.0,0.0,0.0,1.0,0.0,0.0,0.0,1.0,0.0,0.0,1.0,0.0,0.0,0.0,0.0,0.0,0.0,1.0,0.0,0.0,1.0,0.0
0.4047619047619047,0.663323782234957,0.5357142857142857,0.5,1.0,0.8714285714285714,0.3333333333333333,0.5,0.3333333333333333,0.4878628307218084,0.7669544268219233,0.1111111111111111,0.5714285714285713,0.0,1.0,0.0,0.38596491228070173,0.5,0.0,0.611111111111111,0.5517241379310345,0.4,0.20689655172413793,0.0,0.0,1.0,0.0,1.0,0.0,0.0,1.0,0.0,0.0,0.0,0.0,1.0,0.0,1.0,0.0,0.0,0.0,0.0,0.0,0.0,0.0,0.0,0.0,0.0,1.0,1.0,0.0
0.02380952380952378,0.3044412607449857,0.75,0.0,1.0,0.28571428571428575,0.6666666666666667,0.0,0.6666666666666667,0.042769072694580024,0.9928126882152178,0.1111111111111111,0.5714285714285713,0.0,1.0,0.0,0.0,0.3333333333333333,0.3333333333333333,0.0,0.0,0.0,0.0,0.0,0.0,1.0,0.0,0.0,1.0,0.0,0.0,1.0,0.0,0.0,0.0,0.0,1.0,0.0,0.0,0.0,0.0,0.0,0.0,0.0,0.0,1.0,0.0,0.0,1.0,0.0,1.0
0.42857142857142855,0.419054441260745,0.10714285714285714,0.25,1.0,0.9571428571428571,0.6666666666666667,0.25,0.3333333333333333,0.2647058823529412,0.2850030114434853,0.7777777777777777,0.1428571428571428,0.0,0.3333333333333333,1.0,0.631578947368421,0.5,0.6666666666666667,0.2222222222222222,0.13793103448275862,0.0,0.13793103448275862,0.0,1.0,0.0,0.0,1.0,0.0,0.0,1.0,0.0,0.0,0.0,0.0,1.0,0.0,0.0,0.0,0.0,0.0,1.0,0.0,0.0,0.0,0.0,1.0,0.0,0.0,1.0,0.0
0.6428571428571428,0.6067335243553008,0.9642857142857143,0.5,1.0,0.9571428571428571,0.6666666666666667,0.0,1.0,0.07211661957359364,0.10002007628990162,0.4444444444444444,0.6428571428571427,1.0,1.0,0.3333333333333333,0.2807017543859649,0.5,0.6666666666666667,0.2777777777777778,0.27586206896551724,0.0,0.20689655172413793,0.0,0.0,1.0,0.0,1.0,0.0,0.0,0.0,0.0,0.0,0.0,1.0,0.0,1.0,0.0,0.0,0.0,0.0,0.0,0.0,1.0,0.0,0.0,0.0,1.0,0.0,1.0,0.0
0.380952380952381,0.39756446991404015,0.2142857142857143,0.5,0.0,0.5142857142857142,0.0,0.25,0.6666666666666667,0.32526329309016183,0.8348925918490263,0.1111111111111111,0.9285714285714285,1.0,1.0,0.0,0.3157894736842105,0.5,0.6666666666666667,0.5,0.48275862068965514,0.0,0.41379310344827586,0.0,1.0,0.0,0.0,1.0,0.0,0.0,1.0,0.0,0.0,0.0,0.0,0.0,1.0,0.0,0.0,1.0,0.0,0.0,0.0,0.0,0.0,0.0,0.0,0.0,1.0,0.0,1.0
0.2619047619047619,0.023638968481375366,0.0,0.5,0.0,0.8428571428571427,0.6666666666666667,0.25,0.0,0.28024659645517597,0.1658703071672355,0.0,0.0714285714285714,0.0,0.0,0.3333333333333333,0.21052631578947367,0.8333333333333333,0.3333333333333333,0.2777777777777778,0.20689655172413793,0.0,0.13793103448275862,0.0,0.0,1.0,0.0,1.0,0.0,0.0,1.0,0.0,0.0,0.0,0.0,0.0,1.0,1.0,0.0,0.0,0.0,0.0,0.0,0.0,0.0,0.0,0.0,1.0,0.0,1.0,0.0
0.380952380952381,0.05659025787965616,0.0,0.75,0.3333333333333333,0.5999999999999999,1.0,0.0,1.0,0.14583868481890572,0.46002810680586226,0.2222222222222222,0.3571428571428571,0.0,0.6666666666666667,0.0,0.3508771929824561,0.3333333333333333,0.6666666666666667,0.2222222222222222,0.13793103448275862,0.13333333333333333,0.20689655172413793,0.0,0.0,1.0,0.0,1.0,0.0,0.0,1.0,0.0,0.0,0.0,0.0,1.0,0.0,0.0,0.0,0.0,0.0,0.0,0.0,1.0,0.0,0.0,0.0,0.0,1.0,1.0,0.0
0.5476190476190477,0.4964183381088825,0.10714285714285714,0.0,0.6666666666666667,0.7285714285714284,0.6666666666666667,0.5,0.6666666666666667,0.6060878499871565,0.9782774543264404,0.0,0.1428571428571428,0.0,1.0,0.3333333333333333,0.8070175438596491,0.5,1.0,1.0,0.9655172413793103,1.0,0.3448275862068966,0.0,0.0,1.0,0.0,0.0,1.0,0.0,0.0,1.0,0.0,0.0,0.0,1.0,0.0,0.0,0.0,0.0,0.0,0.0,0.0,0.0,1.0,0.0,1.0,0.0,0.0,0.0,1.0
0.3095238095238095,0.45702005730659023,0.03571428571428571,0.75,0.3333333333333333,0.5571428571428572,0.6666666666666667,0.0,0.6666666666666667,0.15848959671204726,0.642802650070267,0.1111111111111111,0.2142857142857143,0.0,1.0,0.3333333333333333,0.21052631578947367,0.3333333333333333,1.0,0.2777777777777778,0.13793103448275862,0.0,0.20689655172413793,0.0,0.0,1.0,0.0,1.0,0.0,0.0,1.0,0.0,0.0,0.0,0.0,0.0,1.0,0.0,0.0,1.0,0.0,0.0,0.0,0.0,0.0,0.0,0.0,1.0,0.0,1.0,0.0
0.5476190476190477,0.3194842406876791,0.2142857142857143,0.25,1.0,0.17142857142857143,0.6666666666666667,0.25,0.6666666666666667,0.2564860005137426,0.8543264404738005,0.6666666666666666,0.2142857142857143,0.0,0.3333333333333333,0.0,0.2807017543859649,1.0,0.6666666666666667,0.1111111111111111,0.13793103448275862,0.26666666666666666,0.06896551724137931,0.0,0.0,1.0,0.0,1.0,0.0,0.0,0.0,0.0,1.0,0.0,0.0,1.0,0.0,0.0,0.0,0.0,0.0,1.0,0.0,0.0,0.0,0.0,0.0,0.0,1.0,1.0,0.0
0.7380952380952379,0.2593123209169055,0.17857142857142855,0.0,0.6666666666666667,0.1571428571428572,0.3333333333333333,0.75,0.6666666666666667,0.8320703827382481,0.383778357759486,0.2222222222222222,0.5714285714285713,0.0,0.3333333333333333,0.3333333333333333,1.0,0.5,0.6666666666666667,0.8333333333333333,0.7586206896551724,0.26666666666666666,0.8275862068965517,0.0,0.0,1.0,0.0,1.0,0.0,0.0,1.0,0.0,0.0,0.0,0.0,1.0,0.0,1.0,0.0,0.0,0.0,0.0,0.0,0.0,0.0,0.0,0.0,1.0,0.0,0.0,1.0
0.3333333333333333,0.4197707736389684,0.2857142857142857,0.25,1.0,0.07142857142857145,0.0,0.25,1.0,0.23497302851271512,0.8318811483637824,0.0,0.4285714285714285,0.0,1.0,1.0,0.3157894736842105,0.3333333333333333,1.0,0.4444444444444444,0.48275862068965514,0.0,0.48275862068965514,0.0,1.0,0.0,0.0,0.0,1.0,0.0,0.0,0.0,1.0,0.0,0.0,0.0,1.0,0.0,0.0,0.0,0.0,0.0,0.0,0.0,1.0,0.0,1.0,0.0,0.0,1.0,0.0
0.5952380952380951,0.9448424068767909,0.03571428571428571,0.75,0.0,0.8857142857142857,0.6666666666666667,0.25,1.0,0.29964038016953504,0.6886970487853844,0.1111111111111111,0.6428571428571427,1.0,0.6666666666666667,0.3333333333333333,0.24561403508771928,0.8333333333333333,0.6666666666666667,0.38888888888888884,0.48275862068965514,0.9333333333333333,0.48275862068965514,0.0,1.0,0.0,0.0,0.0,1.0,0.0,1.0,0.0,0.0,0.0,0.0,0.0,1.0,0.0,0.0,0.0,0.0,0.0,0.0,0.0,1.0,0.0,0.0,1.0,0.0,1.0,0.0
0.5238095238095237,0.8782234957020056,0.2142857142857143,0.5,0.0,0.6142857142857143,0.6666666666666667,0.0,0.0,0.07430002568713076,0.0499899618550492,0.3333333333333333,0.2142857142857143,0.0,0.3333333333333333,0.0,0.3508771929824561,0.5,0.0,0.2222222222222222,0.13793103448275862,0.0,0.20689655172413793,0.0,0.0,1.0,0.0,1.0,0.0,0.0,1.0,0.0,0.0,0.0,0.0,0.0,1.0,0.0,0.0,1.0,0.0,0.0,0.0,0.0,0.0,0.0,0.0,0.0,1.0,0.0,1.0
0.23809523809523808,0.5143266475644699,0.14285714285714285,0.75,0.0,0.9714285714285713,0.6666666666666667,0.25,1.0,0.2503853069612124,0.8897008632804657,0.1111111111111111,0.2142857142857143,0.0,0.3333333333333333,0.0,0.14035087719298245,0.5,0.6666666666666667,0.2222222222222222,0.13793103448275862,0.0,0.13793103448275862,0.0,0.0,1.0,0.0,0.0,1.0,0.0,0.0,0.0,1.0,0.0,0.0,0.0,1.0,0.0,0.0,0.0,0.0,0.0,0.0,0.0,1.0,0.0,0.0,0.0,1.0,1.0,0.0
0.42857142857142855,0.41045845272206305,0.0,0.5,0.6666666666666667,0.07142857142857145,0.6666666666666667,0.25,0.3333333333333333,0.27093501155920885,0.8539249146757679,0.0,0.2857142857142857,0.0,0.0,0.3333333333333333,0.3508771929824561,0.3333333333333333,0.6666666666666667,0.5,0.48275862068965514,0.0,0.3448275862068966,0.0,0.0,1.0,0.0,1.0,0.0,0.0,0.0,0.0,0.0,1.0,0.0,1.0,0.0,0.0,0.0,0.0,0.0,1.0,0.0,0.0,0.0,0.0,0.0,1.0,0.0,1.0,0.0
0.6190476190476188,0.6325214899713467,0.25,0.75,0.0,0.45714285714285713,1.0,0.0,1.0,0.11617004880554843,0.11845011041959447,0.2222222222222222,0.9285714285714285,1.0,0.6666666666666667,0.3333333333333333,0.3508771929824561,0.3333333333333333,0.3333333333333333,0.16666666666666666,0.13793103448275862,0.0,0.13793103448275862,0.0,0.0,1.0,0.0,1.0,0.0,0.0,1.0,0.0,0.0,0.0,0.0,0.0,1.0,0.0,0.0,1.0,0.0,0.0,0.0,0.0,0.0,0.0,0.0,1.0,0.0,0.0,1.0
0.42857142857142855,0.1489971346704871,0.2142857142857143,0.5,0.0,0.6714285714285713,0.6666666666666667,0.0,0.3333333333333333,0.06447469817621371,0.3555912467376029,0.2222222222222222,0.0,0.0,0.6666666666666667,0.0,0.5263157894736842,0.6666666666666666,0.6666666666666667,0.2222222222222222,0.20689655172413793,0.13333333333333333,0.20689655172413793,0.0,0.0,1.0,0.0,1.0,0.0,0.0,1.0,0.0,0.0,0.0,0.0,0.0,1.0,0.0,0.0,1.0,0.0,0.0,0.0,0.0,0.0,0.0,0.0,0.0,1.0,1.0,0.0
0.23809523809523808,0.6067335243553008,0.07142857142857142,0.5,1.0,0.8999999999999999,0.6666666666666667,0.5,0.3333333333333333,0.4267916773696378,0.23870708693033524,0.0,0.4285714285714285,0.0,0.3333333333333333,1.0,0.3508771929824561,0.5,0.3333333333333333,0.5,0.48275862068965514,0.13333333333333333,0.48275862068965514,0.0,0.0,1.0,0.0,1.0,0.0,0.0,0.0,0.0,1.0,0.0,0.0,1.0,0.0,0.0,0.0,0.0,0.0,1.0,0.0,0.0,0.0,0.0,1.0,0.0,0.0,1.0,0.0
0.07142857142857145,0.03796561604584528,0.39285714285714285,0.5,0.6666666666666667,0.857142857142857,1.0,0.0,0.3333333333333333,0.10961983046493706,0.9366793816502711,0.1111111111111111,0.2857142857142857,0.0,1.0,0.0,0.03508771929824561,0.0,0.6666666666666667,0.05555555555555555,0.0,0.0,0.0,0.0,0.0,1.0,0.0,0.0,1.0,0.0,1.0,0.0,0.0,0.0,0.0,1.0,0.0,0.0,0.0,0.0,0.0,0.0,0.0,0.0,0.0,1.0,0.0,0.0,1.0,1.0,0.0
0.28571428571428564,0.3560171919770774,0.25,0.5,0.6666666666666667,0.5142857142857142,0.3333333333333333,0.0,1.0,0.07519907526329309,0.30668540453724147,0.6666666666666666,0.0,0.0,0.6666666666666667,0.3333333333333333,0.21052631578947367,0.0,0.3333333333333333,0.2222222222222222,0.13793103448275862,0.13333333333333333,0.13793103448275862,0.0,1.0,0.0,1.0,0.0,0.0,1.0,0.0,0.0,0.0,0.0,0.0,1.0,0.0,0.0,1.0,0.0,0.0,0.0,0.0,0.0,0.0,0.0,1.0,0.0,0.0,1.0,0.0
0.19047619047619052,0.747134670487106,0.25,0.5,1.0,0.11428571428571427,0.3333333333333333,0.25,0.0,0.27722835859234524,0.03894800240915479,0.6666666666666666,0.4285714285714285,0.0,0.6666666666666667,0.0,0.21052631578947367,0.3333333333333333,0.3333333333333333,0.2222222222222222,0.20689655172413793,0.13333333333333333,0.13793103448275862,0.0,0.0,1.0,0.0,0.0,1.0,0.0,0.0,0.0,0.0,0.0,1.0,0.0,1.0,0.0,0.0,0.0,0.0,0.0,0.0,0.0,1.0,0.0,0.0,0.0,1.0,1.0,0.0
0.5238095238095237,0.7507163323782234,0.2857142857142857,1.0,1.0,0.4714285714285715,0.3333333333333333,0.25,1.0,0.24833033650141279,0.48777353944990964,1.0,0.2142857142857143,0.0,1.0,0.3333333333333333,0.17543859649122806,0.8333333333333333,0.0,0.16666666666666666,0.13793103448275862,0.0,0.13793103448275862,1.0,0.0,0.0,0.0,1.0,0.0,0.0,1.0,0.0,0.0,0.0,0.0,0.0,1.0,1.0,0.0,0.0,0.0,0.0,0.0,0.0,0.0,0.0,0.0,1.0,0.0,1.0,0.0
0.14285714285714285,0.835243553008596,0.10714285714285714,0.0,0.0,0.2285714285714286,0.3333333333333333,0.0,1.0,0.13826098124839456,0.34868500301144345,0.0,0.4285714285714285,0.0,1.0,0.0,0.21052631578947367,0.3333333333333333,0.3333333333333333,0.2777777777777778,0.13793103448275862,0.4,0.27586206896551724,1.0,0.0,0.0,0.0,1.0,0.0,0.0,1.0,0.0,0.0,0.0,0.0,0.0,1.0,0.0,0.0,1.0,0.0,0.0,0.0,0.0,0.0,0.0,0.0,1.0,0.0,1.0,0.0
0.4047619047619047,0.7958452722063036,0.0,0.5,0.3333333333333333,0.0,0.3333333333333333,0.0,0.6666666666666667,0.11880297970716672,0.9710499899618551,0.1111111111111111,0.4999999999999999,0.0,0.0,0.0,0.21052631578947367,0.5,0.6666666666666667,0.3333333333333333,0.27586206896551724,0.0,0.27586206896551724,0.0,0.0,1.0,0.0,1.0,0.0,0.0,0.0,0.0,1.0,0.0,0.0,0.0,1.0,0.0,0.0,0.0,0.0,0.0,0.0,1.0,0.0,0.0,0.0,0.0,1.0,1.0,0.0
0.4523809523809524,0.487106017191977,0.2142857142857143,0.75,1.0,0.6857142857142857,0.6666666666666667,0.25,0.0,0.21031338299511942,0.4615137522585826,0.5555555555555556,0.7857142857142857,1.0,0.6666666666666667,0.3333333333333333,0.5614035087719298,0.3333333333333333,0.6666666666666667,0.2777777777777778,0.20689655172413793,0.0,0.27586206896551724,0.0,0.0,1.0,0.0,1.0,0.0,0.0,0.0,0.0,1.0,0.0,0.0,0.0,1.0,0.0,0.0,0.0,0.0,0.0,0.0,1.0,0.0,0.0,0.0,1.0,0.0,0.0,1.0
0.19047619047619052,0.28151862464183386,0.35714285714285715,0.25,0.0,0.42857142857142855,0.6666666666666667,0.25,0.0,0.23966092987413307,0.8282674161814897,0.1111111111111111,0.1428571428571428,0.0,0.6666666666666667,0.3333333333333333,0.17543859649122806,0.5,0.6666666666666667,0.2777777777777778,0.20689655172413793,0.4,0.20689655172413793,0.0,1.0,0.0,0.0,1.0,0.0,0.0,0.0,0.0,1.0,0.0,0.0,0.0,1.0,1.0,0.0,0.0,0.0,0.0,0.0,0.0,0.0,0.0,0.0,1.0,0.0,0.0,1.0
0.6666666666666665,0.40544412607449853,0.2857142857142857,0.25,0.6666666666666667,0.4857142857142857,0.3333333333333333,0.5,1.0,0.5529154893398407,0.4618349728970086,0.1111111111111111,0.3571428571428571,0.0,1.0,0.0,0.3157894736842105,0.5,0.6666666666666667,0.5,0.5517241379310345,0.5333333333333333,0.48275862068965514,0.0,0.0,1.0,0.0,0.0,1.0,0.0,0.0,0.0,1.0,0.0,0.0,0.0,1.0,0.0,0.0,0.0,0.0,0.0,0.0,0.0,1.0,0.0,0.0,0.0,1.0,1.0,0.0
0.23809523809523808,0.5465616045845272,0.14285714285714285,0.5,1.0,0.7714285714285714,0.6666666666666667,0.25,0.0,0.4786796814795787,0.8591045974703875,0.0,0.4999999999999999,0.0,1.0,0.0,0.21052631578947367,0.6666666666666666,0.6666666666666667,0.2777777777777778,0.27586206896551724,0.13333333333333333,0.20689655172413793,0.0,0.0,1.0,0.0,0.0,1.0,0.0,0.0,0.0,1.0,0.0,0.0,0.0,1.0,0.0,0.0,0.0,0.0,0.0,0.0,0.0,1.0,0.0,0.0,0.0,1.0,1.0,0.0
0.2619047619047619,0.5035816618911174,0.2142857142857143,0.5,0.3333333333333333,0.12857142857142861,0.6666666666666667,0.0,0.6666666666666667,0.1496275366041613,0.6099578397912065,0.3333333333333333,0.1428571428571428,0.0,0.0,0.6666666666666666,0.3508771929824561,0.3333333333333333,0.6666666666666667,0.38888888888888884,0.48275862068965514,0.9333333333333333,0.48275862068965514,0.0,0.0,1.0,0.0,1.0,0.0,0.0,0.0,0.0,0.0,0.0,1.0,1.0,0.0,0.0,0.0,1.0,0.0,0.0,0.0,0.0,0.0,0.0,1.0,0.0,0.0,0.0,1.0
0.42857142857142855,0.0494269340974212,0.10714285714285714,0.75,0.0,0.10000000000000003,0.3333333333333333,0.25,1.0,0.3083097867968148,0.8235294117647058,0.1111111111111111,0.3571428571428571,0.0,0.6666666666666667,0.0,0.3508771929824561,0.3333333333333333,0.3333333333333333,0.5555555555555556,0.27586206896551724,0.13333333333333333,0.5517241379310345,0.0,0.0,1.0,0.0,1.0,0.0,0.0,1.0,0.0,0.0,0.0,0.0,0.0,1.0,0.0,0.0,1.0,0.0,0.0,0.0,0.0,0.0,0.0,0.0,0.0,1.0,1.0,0.0
0.28571428571428564,0.015759312320916916,0.2857142857142857,0.25,1.0,0.7571428571428571,0.3333333333333333,0.0,0.6666666666666667,0.0768687387618803,0.5630596265810078,0.1111111111111111,0.1428571428571428,0.0,0.0,0.0,0.3508771929824561,0.8333333333333333,0.6666666666666667,0.5555555555555556,0.0,0.13333333333333333,0.5517241379310345,0.0,0.0,1.0,0.0,1.0,0.0,0.0,0.0,0.0,1.0,0.0,0.0,0.0,1.0,0.0,0.0,1.0,0.0,0.0,0.0,0.0,0.0,0.0,0.0,0.0,1.0,1.0,0.0
0.2619047619047619,0.5035816618911174,0.0,0.75,0.3333333333333333,0.657142857142857,0.0,0.0,1.0,0.10987670177241202,0.677173258381851,0.1111111111111111,0.4999999999999999,0.0,1.0,0.3333333333333333,0.3508771929824561,0.8333333333333333,0.6666666666666667,0.5555555555555556,0.48275862068965514,0.26666666666666666,0.5517241379310345,0.0,1.0,0.0,0.0,1.0,0.0,0.0,1.0,0.0,0.0,0.0,0.0,0.0,1.0,0.0,0.0,0.0,0.0,0.0,0.0,1.0,0.0,0.0,1.0,0.0,0.0,1.0,0.0
0.2619047619047619,0.44627507163323776,0.9999999999999999,0.0,1.0,0.8999999999999999,0.0,0.25,0.6666666666666667,0.34517081941947086,0.7648664926721542,0.8888888888888888,0.4285714285714285,0.0,1.0,0.6666666666666666,0.38596491228070173,0.5,0.6666666666666667,0.38888888888888884,0.0,0.13333333333333333,0.41379310344827586,0.0,0.0,1.0,0.0,1.0,0.0,0.0,1.0,0.0,0.0,0.0,0.0,0.0,1.0,1.0,0.0,0.0,0.0,0.0,0.0,0.0,0.0,0.0,1.0,0.0,0.0,1.0,0.0
0.380952380952381,0.8810888252148996,0.3214285714285714,0.75,0.6666666666666667,0.8142857142857143,0.6666666666666667,0.0,0.6666666666666667,0.07776778833804265,0.6551294920698655,0.1111111111111111,0.5714285714285713,0.0,1.0,0.3333333333333333,0.03508771929824561,0.3333333333333333,0.6666666666666667,0.05555555555555555,0.06896551724137931,0.0,0.0,0.0,0.0,1.0,0.0,0.0,1.0,0.0,1.0,0.0,0.0,0.0,0.0,1.0,0.0,0.0,0.0,0.0,0.0,0.0,0.0,0.0,0.0,1.0,0.0,1.0,0.0,0.0,1.0
0.3333333333333333,0.5415472779369627,0.10714285714285714,0.5,0.6666666666666667,0.9714285714285713,0.3333333333333333,0.25,0.6666666666666667,0.3309144618546108,0.6837984340493877,0.1111111111111111,0.0714285714285714,0.0,0.6666666666666667,0.3333333333333333,0.49122807017543857,0.5,0.6666666666666667,0.7777777777777777,0.896551724137931,0.8,0.5517241379310345,0.0,0.0,1.0,0.0,1.0,0.0,0.0,1.0,0.0,0.0,0.0,0.0,1.0,0.0,0.0,0.0,0.0,0.0,1.0,0.0,0.0,0.0,0.0,0.0,1.0,0.0,1.0,0.0
0.5714285714285714,0.3159025787965616,0.03571428571428571,0.0,0.6666666666666667,0.31428571428571433,0.6666666666666667,0.0,0.6666666666666667,0.10833547392756229,0.8802650070267014,0.0,0.0,0.0,0.6666666666666667,0.3333333333333333,0.14035087719298245,0.8333333333333333,0.6666666666666667,0.16666666666666666,0.13793103448275862,0.13333333333333333,0.0,0.0,0.0,1.0,1.0,0.0,0.0,0.0,0.0,0.0,0.0,0.0,1.0,0.0,1.0,0.0,1.0,0.0,0.0,0.0,0.0,0.0,0.0,0.0,1.0,0.0,0.0,0.0,1.0
0.28571428571428564,0.5787965616045845,0.0,0.25,1.0,0.657142857142857,0.6666666666666667,0.0,0.3333333333333333,0.17589262779347548,0.07962256574984944,0.1111111111111111,0.1428571428571428,0.0,0.6666666666666667,0.0,0.42105263157894735,1.0,0.3333333333333333,0.6666666666666666,0.5517241379310345,0.13333333333333333,0.48275862068965514,0.0,0.0,1.0,0.0,1.0,0.0,0.0,0.0,0.0,1.0,0.0,0.0,0.0,1.0,0.0,0.0,1.0,0.0,0.0,0.0,0.0,0.0,0.0,0.0,1.0,0.0,1.0,0.0
0.7142857142857142,0.04297994269340975,0.03571428571428571,1.0,0.3333333333333333,0.10000000000000003,0.6666666666666667,0.25,1.0,0.19535062933470332,0.7052399116643244,0.2222222222222222,0.2142857142857143,0.0,0.0,0.3333333333333333,0.49122807017543857,0.3333333333333333,0.6666666666666667,0.5,0.48275862068965514,0.8,0.48275862068965514,0.0,0.0,1.0,0.0,0.0,1.0,0.0,0.0,1.0,0.0,0.0,0.0,1.0,0.0,0.0,0.0,0.0,0.0,0.0,0.0,0.0,1.0,0.0,0.0,1.0,0.0,1.0,0.0
0.4761904761904761,0.19197707736389683,0.03571428571428571,0.5,1.0,0.21428571428571425,0.6666666666666667,0.0,1.0,0.18847932185974825,0.08881750652479423,0.5555555555555556,0.0,0.0,0.6666666666666667,0.0,0.21052631578947367,0.5,0.6666666666666667,0.16666666666666666,0.13793103448275862,0.13333333333333333,0.13793103448275862,0.0,0.0,1.0,0.0,1.0,0.0,0.0,1.0,0.0,0.0,0.0,0.0,0.0,1.0,0.0,0.0,0.0,0.0,0.0,0.0,1.0,0.0,0.0,0.0,0.0,1.0,0.0,1.0
0.3333333333333333,0.0179083094555874,0.03571428571428571,0.0,1.0,0.7714285714285714,0.3333333333333333,0.25,0.0,0.07494220395581813,0.7084119654687814,0.4444444444444444,0.1428571428571428,0.0,1.0,0.0,0.3157894736842105,0.8333333333333333,0.6666666666666667,0.3333333333333333,0.13793103448275862,0.0,0.27586206896551724,0.0,0.0,1.0,0.0,1.0,0.0,0.0,0.0,0.0,0.0,0.0,1.0,0.0,1.0,0.0,0.0,1.0,0.0,0.0,0.0,0.0,0.0,0.0,0.0,0.0,1.0,1.0,0.0
0.4047619047619047,0.8087392550143266,0.5357142857142857,0.5,0.6666666666666667,0.9428571428571428,0.6666666666666667,0.5,0.3333333333333333,0.4502311841767274,0.12069865488857659,0.0,0.2857142857142857,0.0,0.6666666666666667,0.6666666666666666,0.42105263157894735,0.5,0.3333333333333333,0.611111111111111,0.6206896551724138,0.8,0.6206896551724138,0.0,0.0,1.0,0.0,0.0,1.0,0.0,0.0,1.0,0.0,0.0,0.0,0.0,1.0,0.0,0.0,0.0,0.0,0.0,0.0,0.0,1.0,0.0,0.0,1.0,0.0,1.0,0.0
0.6190476190476188,0.3044412607449857,0.0,0.5,0.6666666666666667,0.2,0.6666666666666667,0.0,1.0,0.14038016953506294,0.08323629793214213,0.4444444444444444,0.4999999999999999,0.0,0.0,1.0,0.2807017543859649,0.3333333333333333,0.6666666666666667,0.1111111111111111,0.13793103448275862,0.26666666666666666,0.13793103448275862,0.0,0.0,1.0,1.0,0.0,0.0,0.0,1.0,0.0,0.0,0.0,0.0,1.0,0.0,0.0,1.0,0.0,0.0,0.0,0.0,0.0,0.0,0.0,1.0,0.0,0.0,0.0,1.0
0.9285714285714284,0.21633237822349569,0.0,0.25,0.3333333333333333,0.8999999999999999,1.0,0.25,0.6666666666666667,0.2498715643462625,0.025175667536639232,0.0,0.9285714285714285,1.0,0.0,0.3333333333333333,0.45614035087719296,0.3333333333333333,0.3333333333333333,0.6666666666666666,0.6206896551724138,0.26666666666666666,0.5517241379310345,0.0,0.0,1.0,0.0,1.0,0.0,0.0,1.0,0.0,0.0,0.0,0.0,0.0,1.0,0.0,0.0,0.0,0.0,0.0,0.0,1.0,0.0,0.0,0.0,1.0,0.0,1.0,0.0
0.380952380952381,0.055873925501432664,0.03571428571428571,0.75,1.0,0.9571428571428571,1.0,0.0,1.0,0.12349088106858463,0.14021280867295724,0.0,0.2142857142857143,0.0,0.0,1.0,0.21052631578947367,0.5,0.6666666666666667,0.2777777777777778,0.0,0.13333333333333333,0.13793103448275862,0.0,0.0,1.0,0.0,1.0,0.0,0.0,0.0,0.0,1.0,0.0,0.0,0.0,1.0,0.0,0.0,0.0,0.0,0.0,0.0,1.0,0.0,0.0,0.0,1.0,0.0,0.0,1.0
0.7380952380952379,0.7743553008595988,0.35714285714285715,0.5,0.6666666666666667,0.18571428571428567,0.6666666666666667,0.5,1.0,0.4267274595427691,0.15121461553904839,0.1111111111111111,0.4999999999999999,0.0,0.0,0.6666666666666666,0.3157894736842105,0.5,1.0,0.5,0.5517241379310345,0.9333333333333333,0.48275862068965514,0.0,0.0,1.0,0.0,0.0,1.0,0.0,0.0,1.0,0.0,0.0,0.0,1.0,0.0,0.0,0.0,0.0,0.0,0.0,0.0,0.0,1.0,0.0,0.0,1.0,0.0,1.0,0.0
0.4761904761904761,0.336676217765043,0.17857142857142855,0.5,0.3333333333333333,0.7,0.0,0.25,1.0,0.27742101207295145,0.5469985946597069,0.7777777777777777,0.0714285714285714,0.0,1.0,1.0,0.5964912280701754,0.5,0.6666666666666667,0.7222222222222222,0.7586206896551724,0.13333333333333333,0.6206896551724138,1.0,0.0,0.0,0.0,1.0,0.0,0.0,0.0,0.0,1.0,0.0,0.0,1.0,0.0,0.0,0.0,0.0,0.0,0.0,0.0,1.0,0.0,0.0,1.0,0.0,0.0,0.0,1.0
0.5238095238095237,0.6346704871060171,0.10714285714285714,0.0,1.0,0.2285714285714286,0.6666666666666667,1.0,0.6666666666666667,1.0,0.17687211403332662,0.1111111111111111,0.2142857142857143,0.0,0.3333333333333333,0.3333333333333333,0.7368421052631579,0.3333333333333333,0.6666666666666667,1.0,0.5517241379310345,1.0,0.6206896551724138,0.0,0.0,1.0,0.0,1.0,0.0,0.0,0.0,0.0,1.0,0.0,0.0,1.0,0.0,0.0,0.0,0.0,1.0,0.0,0.0,0.0,0.0,0.0,0.0,1.0,0.0,1.0,0.0
0.8333333333333333,0.8022922636103151,0.2142857142857143,0.25,1.0,0.28571428571428575,0.6666666666666667,1.0,0.6666666666666667,1.0,0.6643645854246135,0.3333333333333333,0.4999999999999999,0.0,0.3333333333333333,0.3333333333333333,0.9122807017543859,1.0,0.6666666666666667,0.38888888888888884,0.48275862068965514,0.5333333333333333,0.48275862068965514,0.0,0.0,1.0,0.0,1.0,0.0,0.0,0.0,0.0,1.0,0.0,0.0,1.0,0.0,0.0,0.0,0.0,1.0,0.0,0.0,0.0,0.0,0.0,1.0,0.0,0.0,1.0,0.0
0.2619047619047619,0.8452722063037249,0.7857142857142857,0.5,1.0,0.3428571428571428,0.6666666666666667,0.0,1.0,0.0765476496275366,0.6454125677574785,1.0,0.3571428571428571,0.0,1.0,0.0,0.21052631578947367,0.6666666666666666,0.6666666666666667,0.16666666666666666,0.13793103448275862,0.13333333333333333,0.13793103448275862,0.0,0.0,1.0,0.0,1.0,0.0,0.0,1.0,0.0,0.0,0.0,0.0,0.0,1.0,0.0,0.0,0.0,0.0,0.0,0.0,1.0,0.0,0.0,0.0,0.0,1.0,1.0,0.0
0.6190476190476188,0.2335243553008596,0.0,0.25,0.6666666666666667,0.9857142857142855,0.6666666666666667,0.0,0.3333333333333333,0.08560236321602877,0.3612929130696647,0.1111111111111111,0.0714285714285714,0.0,0.6666666666666667,1.0,0.21052631578947367,0.3333333333333333,0.3333333333333333,0.2777777777777778,0.20689655172413793,0.26666666666666666,0.20689655172413793,0.0,1.0,0.0,0.0,1.0,0.0,0.0,0.0,0.0,1.0,0.0,0.0,0.0,1.0,0.0,0.0,0.0,0.0,0.0,0.0,1.0,0.0,0.0,1.0,0.0,0.0,0.0,1.0
0.35714285714285715,0.7220630372492837,0.14285714285714285,0.0,0.3333333333333333,0.4428571428571429,0.6666666666666667,0.25,1.0,0.5772540457230928,0.6905842200361373,0.6666666666666666,0.1428571428571428,0.0,0.0,0.0,0.2807017543859649,0.3333333333333333,1.0,0.2777777777777778,0.27586206896551724,0.13333333333333333,0.13793103448275862,0.0,1.0,0.0,0.0,0.0,1.0,0.0,1.0,0.0,0.0,0.0,0.0,0.0,1.0,0.0,0.0,0.0,0.0,0.0,0.0,0.0,1.0,0.0,0.0,1.0,0.0,1.0,0.0
0.6190476190476188,0.2679083094555874,0.2142857142857143,0.75,0.0,0.17142857142857143,0.3333333333333333,0.5,1.0,0.5933085024402773,0.0,0.3333333333333333,0.2142857142857143,0.0,1.0,0.3333333333333333,0.8421052631578947,0.6666666666666666,0.6666666666666667,1.0,0.41379310344827586,0.6666666666666666,1.0,0.0,0.0,1.0,0.0,1.0,0.0,0.0,0.0,0.0,1.0,0.0,0.0,1.0,0.0,1.0,0.0,0.0,0.0,0.0,0.0,0.0,0.0,0.0,0.0,1.0,0.0,1.0,0.0
0.35714285714285715,0.33810888252148996,0.8571428571428571,0.5,1.0,0.2,0.3333333333333333,0.25,0.3333333333333333,0.21262522476239404,0.8856856053001405,0.1111111111111111,0.1428571428571428,0.0,1.0,0.0,0.17543859649122806,0.3333333333333333,0.6666666666666667,0.2777777777777778,0.20689655172413793,0.0,0.13793103448275862,0.0,0.0,1.0,0.0,1.0,0.0,0.0,1.0,0.0,0.0,0.0,0.0,0.0,1.0,0.0,0.0,0.0,0.0,1.0,0.0,0.0,0.0,0.0,0.0,0.0,1.0,1.0,0.0
0.21428571428571425,0.8839541547277936,0.75,0.5,0.0,0.39999999999999997,0.3333333333333333,0.0,0.3333333333333333,0.11905985101464167,0.7011041959445894,0.1111111111111111,0.0714285714285714,0.0,0.0,0.0,0.03508771929824561,0.3333333333333333,0.6666666666666667,0.05555555555555555,0.0,0.0,0.0,0.0,1.0,0.0,1.0,0.0,0.0,1.0,0.0,0.0,0.0,0.0,0.0,1.0,0.0,0.0,1.0,0.0,0.0,0.0,0.0,0.0,0.0,0.0,0.0,1.0,0.0,1.0,0.0
0.2619047619047619,0.6361031518624641,0.14285714285714285,0.5,0.0,0.18571428571428567,0.3333333333333333,0.25,0.3333333333333333,0.2040842537888518,0.05067255571170448,0.1111111111111111,0.1428571428571428,0.0,0.3333333333333333,0.3333333333333333,0.3508771929824561,0.5,0.3333333333333333,0.5555555555555556,0.0,0.0,0.6206896551724138,0.0,0.0,1.0,0.0,0.0,1.0,0.0,0.0,0.0,1.0,0.0,0.0,0.0,1.0,0.0,0.0,0.0,0.0,0.0,0.0,0.0,1.0,0.0,1.0,0.0,0.0,0.0,1.0
0.0,0.13180515759312322,0.14285714285714285,0.25,0.3333333333333333,0.6142857142857143,0.6666666666666667,0.0,1.0,0.002697148728487031,0.45769925717727367,0.1111111111111111,0.2857142857142857,0.0,1.0,0.0,0.0,0.3333333333333333,0.6666666666666667,0.0,0.0,0.0,0.0,1.0,0.0,0.0,0.0,1.0,0.0,0.0,1.0,0.0,0.0,0.0,0.0,0.0,1.0,0.0,0.0,0.0,0.0,0.0,0.0,1.0,0.0,0.0,0.0,0.0,1.0,1.0,0.0
0.5952380952380951,0.3065902578796561,0.10714285714285714,0.75,1.0,0.3714285714285714,0.3333333333333333,0.5,1.0,0.5922167993835088,0.7335876330054206,0.3333333333333333,0.2142857142857143,0.0,1.0,0.0,0.8070175438596491,0.5,1.0,1.0,0.48275862068965514,1.0,1.0,0.0,0.0,1.0,0.0,0.0,1.0,0.0,0.0,1.0,0.0,0.0,0.0,1.0,0.0,0.0,0.0,0.0,0.0,0.0,0.0,0.0,1.0,0.0,0.0,0.0,1.0,1.0,0.0
0.2619047619047619,0.09240687679083096,0.6428571428571428,0.5,1.0,0.05714285714285716,0.6666666666666667,0.25,1.0,0.2089005908040072,0.8251756675366392,0.4444444444444444,0.0714285714285714,0.0,0.3333333333333333,0.6666666666666666,0.2807017543859649,0.3333333333333333,1.0,0.16666666666666666,0.13793103448275862,0.13333333333333333,0.13793103448275862,0.0,0.0,1.0,0.0,1.0,0.0,0.0,0.0,0.0,0.0,0.0,1.0,0.0,1.0,0.0,0.0,0.0,0.0,1.0,0.0,0.0,0.0,0.0,1.0,0.0,0.0,1.0,0.0
0.3333333333333333,0.28295128939828085,0.07142857142857142,0.75,0.6666666666666667,0.8999999999999999,0.6666666666666667,0.25,0.0,0.36706909838171076,0.4601485645452721,0.1111111111111111,0.0714285714285714,0.0,0.6666666666666667,0.3333333333333333,0.2807017543859649,0.3333333333333333,1.0,0.4444444444444444,0.48275862068965514,0.8,0.20689655172413793,0.0,0.0,1.0,0.0,1.0,0.0,0.0,0.0,0.0,1.0,0.0,0.0,1.0,0.0,0.0,0.0,0.0,0.0,1.0,0.0,0.0,0.0,0.0,0.0,1.0,0.0,1.0,0.0
0.7619047619047619,0.21991404011461316,0.9642857142857143,0.5,1.0,0.12857142857142861,0.3333333333333333,0.5,0.0,0.6322245055227331,0.5818911865087332,0.4444444444444444,0.1428571428571428,0.0,0.3333333333333333,0.3333333333333333,0.7017543859649122,0.5,0.6666666666666667,0.16666666666666666,0.13793103448275862,0.26666666666666666,0.0,0.0,0.0,1.0,0.0,0.0,1.0,0.0,0.0,1.0,0.0,0.0,0.0,0.0,1.0,0.0,0.0,0.0,0.0,0.0,0.0,0.0,1.0,0.0,1.0,0.0,0.0,0.0,1.0
0.3095238095238095,0.6855300859598853,0.0,0.5,1.0,0.3428571428571428,0.6666666666666667,0.0,0.3333333333333333,0.08303365014127922,0.24994980927524593,0.1111111111111111,0.0,0.0,0.0,0.0,0.10526315789473684,0.3333333333333333,1.0,0.16666666666666666,0.13793103448275862,0.26666666666666666,0.13793103448275862,0.0,1.0,0.0,0.0,0.0,1.0,0.0,1.0,0.0,0.0,0.0,0.0,1.0,0.0,0.0,0.0,0.0,0.0,0.0,0.0,0.0,0.0,1.0,0.0,0.0,1.0,0.0,1.0
0.5238095238095237,0.7815186246418337,0.0,0.5,0.6666666666666667,0.31428571428571433,0.6666666666666667,0.25,1.0,0.35345491908553817,0.2797028709094559,0.4444444444444444,0.4285714285714285,0.0,1.0,0.3333333333333333,0.42105263157894735,0.5,0.6666666666666667,0.2777777777777778,0.20689655172413793,0.0,0.20689655172413793,0.0,0.0,1.0,0.0,1.0,0.0,0.0,1.0,0.0,0.0,0.0,0.0,1.0,0.0,1.0,0.0,0.0,0.0,0.0,0.0,0.0,0.0,0.0,1.0,0.0,0.0,1.0,0.0
0.28571428571428564,0.13252148997134672,0.03571428571428571,0.5,0.6666666666666667,0.9857142857142855,0.3333333333333333,0.25,1.0,0.20183662984844591,0.5515358361774744,0.1111111111111111,0.5714285714285713,0.0,0.0,1.0,0.38596491228070173,0.5,0.6666666666666667,0.611111111111111,0.6896551724137931,1.0,0.5517241379310345,0.0,0.0,1.0,0.0,1.0,0.0,0.0,1.0,0.0,0.0,0.0,0.0,0.0,1.0,1.0,0.0,0.0,0.0,0.0,0.0,0.0,0.0,0.0,0.0,1.0,0.0,1.0,0.0
0.3095238095238095,0.10458452722063039,0.17857142857142855,0.75,0.3333333333333333,0.657142857142857,0.0,0.25,0.6666666666666667,0.3315566401232982,0.7486448504316402,0.4444444444444444,0.4999999999999999,0.0,0.3333333333333333,0.0,0.42105263157894735,0.5,0.3333333333333333,0.38888888888888884,0.48275862068965514,0.9333333333333333,0.48275862068965514,0.0,0.0,1.0,0.0,0.0,1.0,0.0,1.0,0.0,0.0,0.0,0.0,0.0,1.0,0.0,0.0,0.0,0.0,0.0,0.0,0.0,1.0,0.0,0.0,1.0,0.0,0.0,1.0
0.4047619047619047,0.4061604584527221,0.3214285714285714,0.75,0.0,0.3,0.6666666666666667,0.25,0.6666666666666667,0.3296301053172361,0.08548484240112428,0.3333333333333333,0.3571428571428571,0.0,0.6666666666666667,0.0,0.3508771929824561,0.6666666666666666,0.6666666666666667,0.2777777777777778,0.13793103448275862,0.0,0.27586206896551724,0.0,0.0,1.0,0.0,1.0,0.0,0.0,0.0,0.0,1.0,0.0,0.0,1.0,0.0,1.0,0.0,0.0,0.0,0.0,0.0,0.0,0.0,0.0,0.0,0.0,1.0,0.0,1.0
0.380952380952381,0.9269340974212035,0.0,1.0,0.3333333333333333,0.17142857142857143,0.6666666666666667,0.0,1.0,0.10801438479321859,0.22348925918490262,0.1111111111111111,0.0714285714285714,0.0,1.0,0.3333333333333333,0.3508771929824561,0.6666666666666666,0.3333333333333333,0.5555555555555556,0.6206896551724138,1.0,0.5517241379310345,0.0,0.0,1.0,0.0,1.0,0.0,0.0,1.0,0.0,0.0,0.0,0.0,0.0,1.0,0.0,0.0,0.0,0.0,0.0,0.0,1.0,0.0,0.0,0.0,1.0,0.0,1.0,0.0
0.23809523809523808,0.9835243553008595,0.0,0.5,0.6666666666666667,0.35714285714285715,0.0,0.25,1.0,0.3637939892114051,0.5741015860269022,0.0,0.0,0.0,0.0,1.0,0.3508771929824561,1.0,0.6666666666666667,0.5,0.5517241379310345,0.9333333333333333,0.3448275862068966,1.0,0.0,0.0,0.0,1.0,0.0,0.0,1.0,0.0,0.0,0.0,0.0,1.0,0.0,0.0,0.0,1.0,0.0,0.0,0.0,0.0,0.0,0.0,0.0,1.0,0.0,1.0,0.0
0.5238095238095237,0.40114613180515757,0.2857142857142857,0.75,0.6666666666666667,0.7285714285714284,0.6666666666666667,0.25,0.6666666666666667,0.19047007449267916,0.8434049387673158,0.3333333333333333,0.0,0.0,0.6666666666666667,0.6666666666666666,0.38596491228070173,0.3333333333333333,1.0,0.4444444444444444,0.48275862068965514,0.0,0.48275862068965514,1.0,0.0,0.0,0.0,1.0,0.0,0.0,0.0,0.0,0.0,1.0,0.0,0.0,1.0,0.0,0.0,1.0,0.0,0.0,0.0,0.0,0.0,0.0,1.0,0.0,0.0,1.0,0.0
0.6666666666666665,0.32951289398280803,0.0,0.75,1.0,0.3714285714285714,1.0,0.75,0.0,1.0,0.04264203975105402,0.1111111111111111,0.2857142857142857,0.0,0.3333333333333333,0.0,0.9473684210526315,0.8333333333333333,0.0,1.0,0.0,0.0,0.8275862068965517,0.0,0.0,1.0,0.0,0.0,1.0,0.0,1.0,0.0,0.0,0.0,0.0,0.0,1.0,0.0,0.0,0.0,1.0,0.0,0.0,0.0,0.0,0.0,0.0,0.0,1.0,1.0,0.0
0.19047619047619052,0.5945558739255014,0.0,0.5,0.6666666666666667,0.38571428571428573,0.6666666666666667,0.25,0.6666666666666667,0.2753018237862831,0.7252358964063441,0.1111111111111111,0.4285714285714285,0.0,0.3333333333333333,0.3333333333333333,0.2807017543859649,0.5,0.6666666666666667,0.4444444444444444,0.48275862068965514,0.9333333333333333,0.48275862068965514,0.0,0.0,1.0,0.0,0.0,1.0,0.0,1.0,0.0,0.0,0.0,0.0,0.0,1.0,0.0,0.0,0.0,0.0,0.0,0.0,0.0,1.0,0.0,0.0,1.0,0.0,1.0,0.0
0.28571428571428564,0.6275071633237822,0.5,0.25,0.6666666666666667,0.9142857142857141,0.3333333333333333,0.5,0.0,0.39371949653223737,0.03991166432443284,0.2222222222222222,0.0,0.0,0.0,0.3333333333333333,0.42105263157894735,0.3333333333333333,0.6666666666666667,0.38888888888888884,0.48275862068965514,0.13333333333333333,0.48275862068965514,0.0,0.0,1.0,0.0,0.0,1.0,0.0,0.0,1.0,0.0,0.0,0.0,0.0,1.0,0.0,0.0,0.0,0.0,0.0,0.0,0.0,1.0,0.0,1.0,0.0,0.0,1.0,0.0
0.4047619047619047,0.37177650429799425,0.4642857142857143,0.75,0.6666666666666667,0.12857142857142861,0.3333333333333333,0.0,0.3333333333333333,0.17557153865913178,0.3204175868299538,0.1111111111111111,0.9285714285714285,1.0,1.0,0.3333333333333333,0.17543859649122806,0.3333333333333333,0.0,0.2222222222222222,0.13793103448275862,0.0,0.13793103448275862,0.0,0.0,1.0,0.0,1.0,0.0,0.0,0.0,0.0,0.0,1.0,0.0,0.0,1.0,0.0,0.0,1.0,0.0,0.0,0.0,0.0,0.0,0.0,1.0,0.0,0.0,0.0,1.0
0.3333333333333333,0.666189111747851,0.2857142857142857,0.5,0.0,0.1571428571428572,0.6666666666666667,0.0,0.0,0.20491908553814536,0.3264404738004416,0.7777777777777777,0.7857142857142857,1.0,0.0,0.0,0.3508771929824561,0.3333333333333333,1.0,0.2777777777777778,0.27586206896551724,0.0,0.27586206896551724,0.0,0.0,1.0,0.0,1.0,0.0,0.0,0.0,0.0,1.0,0.0,0.0,1.0,0.0,0.0,0.0,1.0,0.0,0.0,0.0,0.0,0.0,0.0,0.0,0.0,1.0,1.0,0.0
0.28571428571428564,0.7686246418338109,0.6785714285714285,0.5,0.6666666666666667,0.7857142857142856,0.6666666666666667,0.25,0.0,0.5746211148214744,0.28114836378237296,0.0,0.2857142857142857,0.0,0.6666666666666667,0.3333333333333333,0.24561403508771928,0.16666666666666666,0.3333333333333333,0.3333333333333333,0.13793103448275862,0.0,0.13793103448275862,0.0,0.0,1.0,0.0,1.0,0.0,0.0,0.0,0.0,0.0,1.0,0.0,0.0,1.0,0.0,0.0,0.0,0.0,1.0,0.0,0.0,0.0,0.0,0.0,1.0,0.0,1.0,0.0
0.380952380952381,0.5064469914040114,0.25,0.25,0.3333333333333333,0.8857142857142857,1.0,0.25,0.6666666666666667,0.3718212175699974,0.8044167837783578,0.1111111111111111,0.7142857142857143,1.0,0.6666666666666667,0.6666666666666666,0.3508771929824561,0.8333333333333333,0.6666666666666667,0.5555555555555556,0.5517241379310345,0.5333333333333333,0.5517241379310345,0.0,0.0,1.0,0.0,0.0,1.0,0.0,0.0,0.0,0.0,0.0,1.0,0.0,1.0,0.0,0.0,0.0,0.0,0.0,0.0,0.0,1.0,0.0,0.0,1.0,0.0,1.0,0.0
0.4047619047619047,0.06590257879656161,0.0,0.5,0.0,0.7142857142857142,0.6666666666666667,0.25,0.6666666666666667,0.24723863344464425,0.18486247741417386,0.1111111111111111,0.3571428571428571,0.0,1.0,0.0,0.17543859649122806,0.5,0.6666666666666667,0.2777777777777778,0.27586206896551724,0.0,0.20689655172413793,0.0,0.0,1.0,0.0,0.0,1.0,0.0,0.0,0.0,1.0,0.0,0.0,1.0,0.0,0.0,0.0,0.0,0.0,0.0,0.0,0.0,1.0,0.0,0.0,0.0,1.0,1.0,0.0
0.5238095238095237,0.24426934097421202,0.03571428571428571,0.25,0.3333333333333333,0.8857142857142857,0.6666666666666667,0.25,0.3333333333333333,0.2997688158232725,0.0868901826942381,0.3333333333333333,0.2142857142857143,0.0,0.6666666666666667,0.3333333333333333,0.5263157894736842,0.6666666666666666,0.6666666666666667,0.611111111111111,0.5517241379310345,0.6666666666666666,0.6896551724137931,0.0,0.0,1.0,0.0,0.0,1.0,0.0,0.0,1.0,0.0,0.0,0.0,1.0,0.0,0.0,0.0,0.0,0.0,0.0,0.0,0.0,1.0,0.0,0.0,1.0,0.0,1.0,0.0
0.380952380952381,0.4921203438395415,0.8214285714285714,0.75,0.0,0.14285714285714285,0.3333333333333333,0.25,0.3333333333333333,0.23054199845877216,0.22971290905440675,0.0,0.8571428571428571,1.0,0.6666666666666667,0.0,0.5614035087719298,0.3333333333333333,1.0,0.8333333333333333,0.6206896551724138,1.0,0.6896551724137931,0.0,0.0,1.0,0.0,0.0,1.0,0.0,0.0,0.0,1.0,0.0,0.0,1.0,0.0,0.0,0.0,0.0,0.0,0.0,0.0,0.0,1.0,0.0,0.0,0.0,1.0,0.0,1.0
0.4761904761904761,0.7901146131805157,0.2857142857142857,0.25,0.3333333333333333,0.5857142857142856,0.6666666666666667,0.0,1.0,0.2415874646801952,0.4898213210198755,0.2222222222222222,0.5714285714285713,0.0,1.0,0.6666666666666666,0.3508771929824561,0.0,1.0,0.2777777777777778,0.13793103448275862,0.0,0.20689655172413793,0.0,0.0,1.0,0.0,1.0,0.0,0.0,1.0,0.0,0.0,0.0,0.0,0.0,1.0,0.0,0.0,0.0,0.0,0.0,0.0,1.0,0.0,0.0,1.0,0.0,0.0,1.0,0.0
0.28571428571428564,0.3803724928366762,0.5714285714285714,0.75,0.3333333333333333,0.9285714285714286,0.6666666666666667,0.5,0.0,0.7004238376573337,0.9569564344509135,0.1111111111111111,0.8571428571428571,1.0,1.0,0.6666666666666666,0.3157894736842105,0.3333333333333333,0.6666666666666667,0.5,0.06896551724137931,0.0,0.5517241379310345,0.0,0.0,1.0,0.0,1.0,0.0,0.0,0.0,0.0,1.0,0.0,0.0,1.0,0.0,0.0,0.0,0.0,1.0,0.0,0.0,0.0,0.0,0.0,0.0,1.0,0.0,0.0,1.0
0.6666666666666665,0.7320916905444126,0.3214285714285714,0.5,0.6666666666666667,0.9142857142857141,0.3333333333333333,0.5,1.0,0.5177241202157719,0.3802047781569966,0.2222222222222222,0.5714285714285713,0.0,0.6666666666666667,0.3333333333333333,0.5263157894736842,0.5,0.6666666666666667,0.16666666666666666,0.13793103448275862,0.13333333333333333,0.13793103448275862,0.0,0.0,1.0,0.0,0.0,1.0,0.0,0.0,1.0,0.0,0.0,0.0,1.0,0.0,0.0,0.0,0.0,0.0,0.0,0.0,0.0,1.0,0.0,0.0,1.0,0.0,0.0,1.0
0.7857142857142856,0.9785100286532951,0.25,0.75,0.3333333333333333,0.7285714285714284,0.3333333333333333,0.5,0.3333333333333333,0.7372848702799897,0.5477614936759687,0.5555555555555556,0.3571428571428571,0.0,1.0,0.6666666666666666,0.5614035087719298,0.8333333333333333,0.0,0.5555555555555556,0.6206896551724138,0.5333333333333333,0.48275862068965514,0.0,0.0,1.0,0.0,1.0,0.0,0.0,1.0,0.0,0.0,0.0,0.0,0.0,1.0,0.0,0.0,0.0,0.0,0.0,1.0,0.0,0.0,0.0,0.0,1.0,0.0,1.0,0.0
0.11904761904761901,0.14828080229226362,0.3214285714285714,0.0,0.0,0.7,1.0,0.0,0.6666666666666667,0.16028769586437194,0.7041156394298334,0.1111111111111111,0.4999999999999999,0.0,1.0,0.0,0.07017543859649122,0.5,0.6666666666666667,0.1111111111111111,0.13793103448275862,0.0,0.13793103448275862,0.0,0.0,1.0,0.0,1.0,0.0,0.0,0.0,0.0,1.0,0.0,0.0,0.0,1.0,0.0,0.0,0.0,0.0,0.0,0.0,1.0,0.0,0.0,0.0,0.0,1.0,1.0,0.0
0.8809523809523809,0.42191977077363896,0.4642857142857143,0.75,0.6666666666666667,0.4428571428571429,1.0,1.0,0.3333333333333333,1.0,0.45151575988757275,0.8888888888888888,0.0,0.0,1.0,0.0,1.0,0.5,0.6666666666666667,1.0,1.0,0.26666666666666666,1.0,0.0,0.0,1.0,0.0,1.0,0.0,0.0,0.0,0.0,1.0,0.0,0.0,0.0,1.0,0.0,0.0,0.0,0.0,0.0,1.0,0.0,0.0,0.0,0.0,0.0,1.0,1.0,0.0
0.6666666666666665,0.8409742120343839,0.03571428571428571,0.5,0.6666666666666667,0.6285714285714286,0.6666666666666667,0.5,1.0,0.6010146416645261,0.14061433447098975,0.4444444444444444,0.0714285714285714,0.0,0.3333333333333333,0.3333333333333333,0.45614035087719296,0.8333333333333333,0.3333333333333333,0.5555555555555556,0.41379310344827586,0.0,0.20689655172413793,0.0,0.0,1.0,0.0,0.0,1.0,0.0,1.0,0.0,0.0,0.0,0.0,0.0,1.0,0.0,0.0,0.0,0.0,0.0,0.0,0.0,1.0,0.0,1.0,0.0,0.0,0.0,1.0
0.28571428571428564,0.23997134670487105,0.6071428571428571,0.5,0.0,0.6428571428571428,0.6666666666666667,0.0,0.6666666666666667,0.104225533007963,0.8759686809877535,0.1111111111111111,0.2142857142857143,0.0,0.6666666666666667,0.0,0.17543859649122806,0.6666666666666666,0.3333333333333333,0.2777777777777778,0.27586206896551724,0.0,0.27586206896551724,0.0,0.0,1.0,0.0,1.0,0.0,0.0,1.0,0.0,0.0,0.0,0.0,1.0,0.0,0.0,0.0,0.0,0.0,0.0,0.0,1.0,0.0,0.0,0.0,0.0,1.0,1.0,0.0
0.9523809523809523,0.7972779369627506,0.5,0.75,0.0,0.8142857142857143,0.6666666666666667,0.75,0.6666666666666667,0.9490110454662215,0.7841798835575186,0.2222222222222222,0.2142857142857143,0.0,0.3333333333333333,0.0,0.8070175438596491,0.5,0.6666666666666667,0.1111111111111111,0.13793103448275862,0.26666666666666666,0.13793103448275862,0.0,1.0,0.0,0.0,1.0,0.0,0.0,1.0,0.0,0.0,0.0,0.0,0.0,1.0,0.0,0.0,0.0,0.0,0.0,1.0,0.0,0.0,0.0,0.0,1.0,0.0,0.0,1.0
0.7857142857142856,0.6010028653295129,0.07142857142857142,0.5,0.0,0.32857142857142857,0.6666666666666667,0.5,0.6666666666666667,0.7774852298998203,0.8387873920899418,0.2222222222222222,0.0,0.0,1.0,0.0,0.5263157894736842,0.3333333333333333,0.6666666666666667,0.1111111111111111,0.13793103448275862,0.26666666666666666,0.13793103448275862,0.0,0.0,1.0,0.0,1.0,0.0,0.0,0.0,0.0,0.0,0.0,1.0,1.0,0.0,0.0,0.0,0.0,1.0,0.0,0.0,0.0,0.0,0.0,0.0,1.0,0.0,1.0,0.0
0.5714285714285714,0.9820916905444126,0.14285714285714285,0.25,0.3333333333333333,0.9571428571428571,0.6666666666666667,0.0,0.6666666666666667,0.06961212432571282,0.2877333868701064,0.4444444444444444,0.4285714285714285,0.0,1.0,0.3333333333333333,0.2807017543859649,0.6666666666666666,0.6666666666666667,0.1111111111111111,0.13793103448275862,0.26666666666666666,0.0,0.0,1.0,0.0,0.0,1.0,0.0,0.0,0.0,0.0,0.0,1.0,0.0,0.0,1.0,0.0,0.0,1.0,0.0,0.0,0.0,0.0,0.0,0.0,0.0,1.0,0.0,1.0,0.0
0.3095238095238095,0.4212034383954155,0.2142857142857143,0.5,1.0,0.6142857142857143,0.6666666666666667,0.25,1.0,0.419856152067814,0.20273037542662117,0.4444444444444444,0.0714285714285714,0.0,1.0,1.0,0.45614035087719296,0.5,0.6666666666666667,0.38888888888888884,0.48275862068965514,0.13333333333333333,0.48275862068965514,0.0,0.0,1.0,0.0,0.0,1.0,0.0,0.0,1.0,0.0,0.0,0.0,0.0,1.0,0.0,0.0,0.0,0.0,0.0,0.0,0.0,1.0,0.0,1.0,0.0,0.0,1.0,0.0
0.380952380952381,0.9577363896848137,0.2142857142857143,0.25,0.3333333333333333,0.35714285714285715,0.6666666666666667,0.0,0.6666666666666667,0.08341895710249164,0.11443485243926921,0.0,0.9999999999999999,1.0,0.3333333333333333,0.3333333333333333,0.42105263157894735,0.6666666666666666,0.6666666666666667,0.611111111111111,0.6896551724137931,0.6666666666666666,0.48275862068965514,0.0,0.0,1.0,0.0,0.0,1.0,0.0,0.0,0.0,0.0,0.0,1.0,0.0,1.0,0.0,0.0,0.0,0.0,0.0,0.0,0.0,0.0,1.0,0.0,1.0,0.0,0.0,1.0
0.9999999999999998,0.22851002865329514,0.2142857142857143,0.5,0.0,0.1571428571428572,0.6666666666666667,1.0,0.0,1.0,0.07066854045372414,0.5555555555555556,0.0,0.0,1.0,0.0,1.0,0.8333333333333333,0.0,1.0,0.5517241379310345,1.0,0.6896551724137931,0.0,0.0,1.0,0.0,1.0,0.0,0.0,1.0,0.0,0.0,0.0,0.0,1.0,0.0,0.0,0.0,0.0,1.0,0.0,0.0,0.0,0.0,0.0,0.0,1.0,0.0,1.0,0.0
0.4523809523809524,0.9734957020057307,0.35714285714285715,0.5,0.0,0.9142857142857141,0.6666666666666667,0.0,0.6666666666666667,0.16825070639609555,0.6830756876129291,0.4444444444444444,0.4999999999999999,0.0,0.0,0.0,0.2807017543859649,1.0,0.6666666666666667,0.16666666666666666,0.13793103448275862,0.0,0.13793103448275862,0.0,0.0,1.0,0.0,1.0,0.0,0.0,0.0,0.0,1.0,0.0,0.0,1.0,0.0,0.0,0.0,1.0,0.0,0.0,0.0,0.0,0.0,0.0,0.0,0.0,1.0,1.0,0.0
0.4047619047619047,0.414756446991404,0.6071428571428571,0.75,0.3333333333333333,0.5857142857142856,0.6666666666666667,0.25,0.0,0.29231954790649883,0.557357960248946,0.0,0.3571428571428571,0.0,1.0,0.3333333333333333,0.21052631578947367,0.3333333333333333,0.0,0.2777777777777778,0.20689655172413793,0.0,0.27586206896551724,0.0,0.0,1.0,0.0,0.0,1.0,0.0,0.0,0.0,1.0,0.0,0.0,0.0,1.0,0.0,0.0,0.0,0.0,0.0,0.0,0.0,1.0,0.0,0.0,1.0,0.0,1.0,0.0
0.6666666666666665,0.745702005730659,0.2142857142857143,0.75,0.6666666666666667,0.0,0.6666666666666667,0.25,0.6666666666666667,0.272861546365271,0.5601284882553704,0.2222222222222222,0.2142857142857143,0.0,0.6666666666666667,0.0,0.24561403508771928,0.3333333333333333,1.0,0.05555555555555555,0.0,0.0,0.0,1.0,0.0,0.0,0.0,1.0,0.0,0.0,0.0,0.0,1.0,0.0,0.0,1.0,0.0,0.0,0.0,0.0,0.0,1.0,0.0,0.0,0.0,0.0,0.0,1.0,0.0,1.0,0.0
0.11904761904761901,0.23209169054441262,0.2142857142857143,0.5,0.6666666666666667,0.9857142857142855,0.6666666666666667,0.0,1.0,0.08129976881582326,0.9238707086930334,0.1111111111111111,0.7142857142857143,1.0,0.3333333333333333,0.3333333333333333,0.10526315789473684,0.3333333333333333,0.6666666666666667,0.16666666666666666,0.13793103448275862,0.0,0.13793103448275862,0.0,0.0,1.0,0.0,0.0,1.0,0.0,1.0,0.0,0.0,0.0,0.0,0.0,1.0,0.0,0.0,0.0,0.0,0.0,0.0,0.0,0.0,1.0,1.0,0.0,0.0,0.0,1.0
0.4761904761904761,0.648997134670487,0.03571428571428571,0.25,0.3333333333333333,0.01428571428571429,0.6666666666666667,0.25,0.0,0.3778576932956589,0.6973298534430837,0.3333333333333333,0.2857142857142857,0.0,1.0,0.3333333333333333,0.38596491228070173,0.5,0.6666666666666667,0.38888888888888884,0.48275862068965514,0.13333333333333333,0.48275862068965514,0.0,0.0,1.0,0.0,0.0,1.0,0.0,1.0,0.0,0.0,0.0,0.0,1.0,0.0,0.0,0.0,0.0,0.0,0.0,0.0,0.0,1.0,0.0,1.0,0.0,0.0,1.0,0.0
0.09523809523809518,0.08166189111747851,0.25,0.0,0.3333333333333333,0.9142857142857141,0.0,0.0,0.0,0.0926021063447213,0.192210399518169,0.1111111111111111,0.2857142857142857,0.0,0.0,0.3333333333333333,0.14035087719298245,0.5,0.3333333333333333,0.2222222222222222,0.20689655172413793,0.13333333333333333,0.06896551724137931,0.0,0.0,1.0,0.0,1.0,0.0,0.0,1.0,0.0,0.0,0.0,0.0,0.0,1.0,0.0,0.0,1.0,0.0,0.0,0.0,0.0,0.0,0.0,0.0,1.0,0.0,1.0,0.0
0.42857142857142855,0.2342406876790831,0.03571428571428571,0.75,1.0,0.6142857142857143,0.6666666666666667,0.25,0.3333333333333333,0.38228872334960184,0.7018269423810479,0.4444444444444444,0.7857142857142857,1.0,1.0,0.3333333333333333,0.5263157894736842,0.3333333333333333,0.6666666666666667,0.05555555555555555,0.0,0.0,0.0,0.0,0.0,1.0,0.0,1.0,0.0,0.0,0.0,0.0,0.0,1.0,0.0,1.0,0.0,0.0,0.0,0.0,0.0,0.0,0.0,1.0,0.0,0.0,0.0,1.0,0.0,0.0,1.0
0.49999999999999994,0.47492836676217765,0.6785714285714285,0.5,0.6666666666666667,0.7571428571428571,0.6666666666666667,0.25,1.0,0.20023118417672747,0.6863681991567958,0.2222222222222222,0.4999999999999999,0.0,1.0,0.3333333333333333,0.24561403508771928,1.0,0.6666666666666667,0.1111111111111111,0.06896551724137931,0.26666666666666666,0.13793103448275862,0.0,1.0,0.0,0.0,0.0,1.0,0.0,1.0,0.0,0.0,0.0,0.0,0.0,1.0,0.0,0.0,0.0,0.0,0.0,0.0,0.0,1.0,0.0,1.0,0.0,0.0,1.0,0.0
