Age,DistanceFromHome,EnvironmentSatisfaction,JobInvolvement,JobSatisfaction,TotalWorkingYears,YearsAtCompany,BusinessTravel_Travel_Frequently,Department_Research & Development,JobRole_Laboratory Technician,JobRole_Sales Representative,MaritalStatus_Single,OverTime_No,OverTime_Yes
0.6904761904761905,0.03571428571428571,0.3333333333333333,1.0,0.3333333333333333,1.0,0.16666666666666666,0.0,0.0,0.0,0.0,0.0,1.0,0.0
0.09523809523809518,0.03571428571428571,0.6666666666666667,0.6666666666666667,1.0,0.10526315789473684,0.1111111111111111,0.0,1.0,1.0,0.0,0.0,1.0,0.0
0.6666666666666665,0.07142857142857142,0.0,0.6666666666666667,0.6666666666666667,0.8070175438596491,0.6666666666666666,0.0,0.0,0.0,0.0,0.0,1.0,0.0
0.16666666666666669,0.42857142857142855,0.3333333333333333,0.6666666666666667,0.6666666666666667,0.24561403508771928,0.38888888888888884,0.0,0.0,0.0,1.0,0.0,1.0,0.0
0.5952380952380951,0.2857142857142857,1.0,0.6666666666666667,0.6666666666666667,0.3508771929824561,0.4444444444444444,1.0,1.0,1.0,0.0,0.0,0.0,1.0
0.23809523809523808,0.03571428571428571,0.0,0.0,1.0,0.17543859649122806,0.16666666666666666,0.0,1.0,0.0,0.0,0.0,0.0,1.0
0.7857142857142856,0.0,0.6666666666666667,0.6666666666666667,1.0,0.03508771929824561,0.05555555555555555,0.0,1.0,0.0,0.0,0.0,1.0,0.0
0.5952380952380951,0.9285714285714285,0.6666666666666667,0.6666666666666667,0.0,0.631578947368421,0.4444444444444444,1.0,1.0,0.0,0.0,0.0,1.0,0.0
0.5238095238095237,0.4642857142857143,1.0,0.6666666666666667,0.0,0.17543859649122806,0.2777777777777778,0.0,0.0,0.0,0.0,0.0,1.0,0.0
0.21428571428571425,0.3214285714285714,1.0,0.3333333333333333,1.0,0.21052631578947367,0.3333333333333333,0.0,0.0,0.0,0.0,0.0,0.0,1.0
0.42857142857142855,0.2857142857142857,0.6666666666666667,0.3333333333333333,0.0,0.3508771929824561,0.2777777777777778,0.0,0.0,0.0,1.0,1.0,1.0,0.0
0.2619047619047619,0.0,1.0,0.3333333333333333,1.0,0.3157894736842105,0.38888888888888884,0.0,1.0,0.0,0.0,0.0,1.0,0.0
0.6428571428571428,0.25,1.0,0.6666666666666667,1.0,0.42105263157894735,0.5555555555555556,0.0,1.0,0.0,0.0,0.0,1.0,0.0
0.11904761904761901,0.6785714285714285,0.0,0.6666666666666667,0.6666666666666667,0.17543859649122806,0.2222222222222222,0.0,1.0,1.0,0.0,1.0,1.0,0.0
0.380952380952381,0.0,1.0,0.3333333333333333,0.0,0.49122807017543857,0.7222222222222222,1.0,1.0,0.0,0.0,1.0,1.0,0.0
0.02380952380952378,0.03571428571428571,0.3333333333333333,0.3333333333333333,1.0,0.03508771929824561,0.05555555555555555,0.0,1.0,1.0,0.0,1.0,1.0,0.0
0.6190476190476188,0.5,0.0,0.6666666666666667,1.0,0.3508771929824561,0.5555555555555556,0.0,1.0,0.0,0.0,0.0,1.0,0.0
0.6904761904761905,0.4642857142857143,0.6666666666666667,0.6666666666666667,0.3333333333333333,0.5614035087719298,0.4444444444444444,0.0,1.0,0.0,0.0,0.0,1.0,0.0
0.3095238095238095,0.2142857142857143,0.3333333333333333,1.0,1.0,0.3508771929824561,0.4444444444444444,0.0,0.0,0.0,0.0,0.0,1.0,0.0
0.6666666666666665,0.0,0.6666666666666667,0.3333333333333333,0.0,0.7368421052631579,0.5555555555555556,1.0,1.0,0.0,0.0,0.0,0.0,1.0
0.35714285714285715,0.2857142857142857,0.0,0.6666666666666667,1.0,0.5263157894736842,0.7777777777777777,0.0,1.0,0.0,0.0,0.0,1.0,0.0
0.4761904761904761,0.0,0.0,0.3333333333333333,1.0,0.42105263157894735,0.4444444444444444,0.0,0.0,0.0,0.0,1.0,1.0,0.0
0.42857142857142855,0.14285714285714285,1.0,0.6666666666666667,0.3333333333333333,0.5614035087719298,0.7222222222222222,0.0,1.0,1.0,0.0,1.0,1.0,0.0
0.6666666666666665,0.0,1.0,0.6666666666666667,0.0,0.3508771929824561,0.38888888888888884,0.0,0.0,0.0,0.0,1.0,1.0,0.0
0.5476190476190477,0.14285714285714285,0.3333333333333333,1.0,0.3333333333333333,0.38596491228070173,0.16666666666666666,0.0,1.0,0.0,0.0,1.0,1.0,0.0
0.047619047619047616,0.7142857142857143,0.6666666666666667,1.0,1.0,0.07017543859649122,0.1111111111111111,0.0,0.0,0.0,1.0,1.0,1.0,0.0
0.3095238095238095,0.14285714285714285,0.0,0.6666666666666667,0.6666666666666667,0.21052631578947367,0.2777777777777778,0.0,0.0,0.0,0.0,0.0,1.0,0.0
0.3095238095238095,0.07142857142857142,0.6666666666666667,0.6666666666666667,0.0,0.14035087719298245,0.2222222222222222,0.0,1.0,0.0,0.0,0.0,0.0,1.0
0.6666666666666665,0.03571428571428571,0.6666666666666667,0.6666666666666667,0.0,0.9824561403508771,1.0,0.0,0.0,0.0,0.0,0.0,1.0,0.0
0.8333333333333333,0.07142857142857142,0.6666666666666667,0.6666666666666667,0.6666666666666667,0.7368421052631579,0.2777777777777778,0.0,1.0,0.0,0.0,0.0,0.0,1.0
0.14285714285714285,0.7142857142857143,0.6666666666666667,0.3333333333333333,0.0,0.07017543859649122,0.05555555555555555,0.0,1.0,1.0,0.0,0.0,1.0,0.0
0.8095238095238095,0.35714285714285715,1.0,0.6666666666666667,0.6666666666666667,0.3157894736842105,0.2777777777777778,0.0,1.0,1.0,0.0,0.0,1.0,0.0
0.42857142857142855,0.07142857142857142,1.0,0.6666666666666667,0.3333333333333333,0.45614035087719296,0.4444444444444444,1.0,1.0,1.0,0.0,1.0,1.0,0.0
0.2619047619047619,0.42857142857142855,1.0,0.3333333333333333,0.3333333333333333,0.3508771929824561,0.2222222222222222,0.0,1.0,1.0,0.0,0.0,0.0,1.0
0.23809523809523808,0.5714285714285714,0.6666666666666667,0.6666666666666667,0.0,0.3508771929824561,0.5555555555555556,0.0,1.0,1.0,0.0,0.0,1.0,0.0
0.5714285714285714,0.03571428571428571,0.0,0.6666666666666667,0.6666666666666667,0.8421052631578947,1.0,0.0,1.0,0.0,0.0,0.0,1.0,0.0
0.07142857142857145,0.14285714285714285,0.6666666666666667,0.6666666666666667,0.0,0.07017543859649122,0.1111111111111111,0.0,0.0,0.0,1.0,1.0,0.0,1.0
0.8095238095238095,0.25,0.6666666666666667,0.3333333333333333,0.3333333333333333,0.38596491228070173,0.4444444444444444,0.0,1.0,0.0,0.0,0.0,1.0,0.0
0.09523809523809518,0.17857142857142855,0.0,0.6666666666666667,0.6666666666666667,0.10526315789473684,0.1111111111111111,0.0,1.0,0.0,0.0,0.0,1.0,0.0
0.380952380952381,0.07142857142857142,0.6666666666666667,0.3333333333333333,1.0,0.21052631578947367,0.0,0.0,1.0,0.0,0.0,0.0,1.0,0.0
0.42857142857142855,0.5357142857142857,0.6666666666666667,0.3333333333333333,0.0,0.38596491228070173,0.16666666666666666,0.0,0.0,0.0,0.0,0.0,1.0,0.0
0.35714285714285715,0.5,0.3333333333333333,0.6666666666666667,0.6666666666666667,0.5263157894736842,0.38888888888888884,0.0,1.0,0.0,0.0,0.0,0.0,1.0
0.09523809523809518,0.0,1.0,0.3333333333333333,1.0,0.14035087719298245,0.1111111111111111,0.0,1.0,0.0,0.0,0.0,1.0,0.0
0.9047619047619047,0.10714285714285714,1.0,0.6666666666666667,0.0,0.9824561403508771,0.2777777777777778,0.0,1.0,0.0,0.0,0.0,1.0,0.0
0.2619047619047619,0.2142857142857143,0.6666666666666667,0.6666666666666667,1.0,0.21052631578947367,0.3333333333333333,0.0,1.0,0.0,0.0,0.0,0.0,1.0
0.42857142857142855,0.0,0.3333333333333333,0.6666666666666667,0.6666666666666667,0.5263157894736842,0.05555555555555555,0.0,0.0,0.0,0.0,1.0,1.0,0.0
0.380952380952381,0.42857142857142855,1.0,0.6666666666666667,0.6666666666666667,0.3157894736842105,0.4444444444444444,0.0,0.0,0.0,0.0,0.0,1.0,0.0
0.380952380952381,0.17857142857142855,0.0,0.6666666666666667,0.6666666666666667,0.5614035087719298,0.8888888888888888,0.0,1.0,0.0,0.0,1.0,1.0,0.0
0.7619047619047619,0.2142857142857143,0.3333333333333333,0.3333333333333333,0.6666666666666667,1.0,1.0,0.0,1.0,0.0,0.0,0.0,0.0,1.0
0.4761904761904761,0.03571428571428571,0.6666666666666667,0.6666666666666667,0.3333333333333333,0.24561403508771928,0.2777777777777778,0.0,1.0,0.0,0.0,0.0,1.0,0.0
0.28571428571428564,0.0,0.3333333333333333,0.3333333333333333,0.0,0.3508771929824561,0.5555555555555556,0.0,0.0,0.0,0.0,0.0,1.0,0.0
0.6190476190476188,0.14285714285714285,0.3333333333333333,0.6666666666666667,0.3333333333333333,0.9122807017543859,1.0,0.0,0.0,0.0,0.0,0.0,1.0,0.0
0.7142857142857142,0.10714285714285714,0.6666666666666667,0.3333333333333333,1.0,0.8070175438596491,0.1111111111111111,1.0,1.0,0.0,0.0,0.0,1.0,0.0
0.9523809523809523,0.2857142857142857,0.3333333333333333,0.3333333333333333,0.3333333333333333,0.3157894736842105,0.05555555555555555,0.0,1.0,0.0,0.0,0.0,0.0,1.0
0.2619047619047619,0.03571428571428571,1.0,0.6666666666666667,0.6666666666666667,0.14035087719298245,0.2222222222222222,0.0,0.0,0.0,0.0,0.0,1.0,0.0
0.380952380952381,0.7142857142857143,1.0,1.0,1.0,0.3508771929824561,0.5555555555555556,0.0,0.0,0.0,0.0,1.0,1.0,0.0
0.21428571428571425,0.25,0.0,0.0,0.6666666666666667,0.10526315789473684,0.16666666666666666,0.0,1.0,1.0,0.0,0.0,1.0,0.0
0.5714285714285714,0.4642857142857143,0.6666666666666667,0.3333333333333333,0.6666666666666667,0.3508771929824561,0.2777777777777778,0.0,0.0,0.0,0.0,1.0,1.0,0.0
0.5476190476190477,0.75,1.0,0.6666666666666667,1.0,0.42105263157894735,0.3333333333333333,1.0,1.0,0.0,0.0,0.0,0.0,1.0
0.4523809523809524,0.07142857142857142,0.6666666666666667,0.6666666666666667,1.0,0.42105263157894735,0.2777777777777778,0.0,0.0,0.0,0.0,1.0,1.0,0.0
0.16666666666666669,0.10714285714285714,1.0,0.6666666666666667,1.0,0.24561403508771928,0.38888888888888884,0.0,1.0,1.0,0.0,0.0,0.0,1.0
0.35714285714285715,0.8571428571428571,0.3333333333333333,0.6666666666666667,0.6666666666666667,0.3508771929824561,0.5555555555555556,1.0,0.0,0.0,0.0,0.0,1.0,0.0
0.3333333333333333,0.17857142857142855,0.3333333333333333,0.6666666666666667,0.6666666666666667,0.42105263157894735,0.611111111111111,0.0,0.0,0.0,0.0,1.0,1.0,0.0
0.42857142857142855,0.14285714285714285,0.3333333333333333,0.3333333333333333,0.0,0.21052631578947367,0.05555555555555555,0.0,1.0,0.0,0.0,0.0,0.0,1.0
0.19047619047619052,0.5357142857142857,0.0,0.6666666666666667,0.3333333333333333,0.17543859649122806,0.16666666666666666,0.0,1.0,1.0,0.0,0.0,0.0,1.0
0.5238095238095237,0.5,0.0,0.3333333333333333,0.6666666666666667,0.631578947368421,1.0,0.0,1.0,0.0,0.0,0.0,1.0,0.0
0.49999999999999994,0.75,1.0,0.6666666666666667,0.0,0.7368421052631579,1.0,1.0,1.0,0.0,0.0,1.0,0.0,1.0
0.7142857142857142,0.0,0.0,1.0,1.0,0.9473684210526315,0.2777777777777778,0.0,1.0,0.0,0.0,1.0,1.0,0.0
0.3333333333333333,0.0,1.0,0.6666666666666667,1.0,0.14035087719298245,0.16666666666666666,0.0,1.0,1.0,0.0,0.0,1.0,0.0
0.5952380952380951,0.17857142857142855,0.0,0.3333333333333333,0.6666666666666667,0.7017543859649122,1.0,0.0,1.0,0.0,0.0,1.0,0.0,1.0
0.49999999999999994,0.03571428571428571,0.0,0.6666666666666667,1.0,0.7368421052631579,1.0,1.0,1.0,0.0,0.0,0.0,1.0,0.0
0.047619047619047616,0.17857142857142855,1.0,0.3333333333333333,1.0,0.03508771929824561,0.05555555555555555,1.0,1.0,1.0,0.0,1.0,0.0,1.0
0.49999999999999994,0.14285714285714285,1.0,0.6666666666666667,1.0,0.6666666666666666,0.05555555555555555,0.0,0.0,0.0,1.0,0.0,1.0,0.0
0.380952380952381,0.6785714285714285,0.6666666666666667,1.0,0.6666666666666667,0.07017543859649122,0.05555555555555555,0.0,1.0,0.0,0.0,0.0,1.0,0.0
0.4761904761904761,0.03571428571428571,0.0,1.0,0.0,0.5964912280701754,0.8333333333333333,1.0,1.0,0.0,0.0,1.0,0.0,1.0
0.23809523809523808,0.03571428571428571,0.3333333333333333,0.6666666666666667,0.3333333333333333,0.2807017543859649,0.4444444444444444,0.0,0.0,0.0,0.0,0.0,0.0,1.0
0.23809523809523808,0.5714285714285714,0.6666666666666667,0.3333333333333333,1.0,0.21052631578947367,0.2222222222222222,0.0,1.0,1.0,0.0,0.0,1.0,0.0
0.6428571428571428,0.2857142857142857,0.3333333333333333,0.3333333333333333,0.6666666666666667,0.5263157894736842,0.8333333333333333,0.0,0.0,0.0,0.0,0.0,1.0,0.0
0.19047619047619052,0.0,0.6666666666666667,0.3333333333333333,0.0,0.24561403508771928,0.38888888888888884,1.0,0.0,0.0,0.0,1.0,1.0,0.0
0.42857142857142855,0.03571428571428571,0.6666666666666667,0.6666666666666667,0.3333333333333333,0.631578947368421,0.8888888888888888,0.0,1.0,0.0,0.0,1.0,0.0,1.0
0.7142857142857142,0.03571428571428571,0.3333333333333333,1.0,0.3333333333333333,0.42105263157894735,0.1111111111111111,0.0,0.0,0.0,0.0,0.0,1.0,0.0
0.5952380952380951,0.25,0.6666666666666667,0.6666666666666667,0.6666666666666667,0.2807017543859649,0.2777777777777778,0.0,1.0,0.0,0.0,0.0,0.0,1.0
0.3095238095238095,0.3214285714285714,0.6666666666666667,0.6666666666666667,1.0,0.2807017543859649,0.2777777777777778,0.0,0.0,0.0,0.0,0.0,0.0,1.0
0.380952380952381,0.75,0.6666666666666667,0.3333333333333333,1.0,0.5614035087719298,0.8333333333333333,1.0,1.0,0.0,0.0,0.0,0.0,1.0
0.6904761904761905,0.0,0.0,0.6666666666666667,1.0,0.5964912280701754,0.3333333333333333,0.0,1.0,0.0,0.0,0.0,1.0,0.0
0.380952380952381,0.9999999999999999,0.3333333333333333,0.6666666666666667,0.6666666666666667,0.3508771929824561,0.4444444444444444,0.0,1.0,1.0,0.0,0.0,1.0,0.0
0.4047619047619047,0.03571428571428571,1.0,0.6666666666666667,1.0,0.07017543859649122,0.1111111111111111,0.0,0.0,0.0,1.0,0.0,1.0,0.0
0.4761904761904761,0.9999999999999999,1.0,0.6666666666666667,1.0,0.3157894736842105,0.38888888888888884,0.0,1.0,0.0,0.0,0.0,1.0,0.0
0.11904761904761901,0.0,1.0,0.6666666666666667,0.6666666666666667,0.03508771929824561,0.05555555555555555,0.0,1.0,0.0,0.0,0.0,1.0,0.0
0.6190476190476188,0.8214285714285714,1.0,0.6666666666666667,0.6666666666666667,0.6666666666666666,0.05555555555555555,1.0,1.0,1.0,0.0,0.0,0.0,1.0
0.2619047619047619,0.9642857142857143,1.0,0.3333333333333333,0.0,0.17543859649122806,0.2777777777777778,0.0,1.0,0.0,0.0,1.0,1.0,0.0
0.380952380952381,0.0,1.0,0.3333333333333333,0.6666666666666667,0.3508771929824561,0.5555555555555556,0.0,0.0,0.0,0.0,0.0,0.0,1.0
0.42857142857142855,0.8214285714285714,0.3333333333333333,0.6666666666666667,0.3333333333333333,0.38596491228070173,0.5,0.0,1.0,1.0,0.0,0.0,1.0,0.0
0.8809523809523809,0.25,1.0,0.3333333333333333,0.3333333333333333,1.0,1.0,0.0,1.0,0.0,0.0,0.0,0.0,1.0
0.5952380952380951,0.4642857142857143,0.3333333333333333,0.6666666666666667,0.0,0.7719298245614035,0.2222222222222222,0.0,1.0,0.0,0.0,0.0,1.0,0.0
0.3333333333333333,0.03571428571428571,1.0,0.6666666666666667,0.6666666666666667,0.3508771929824561,0.4444444444444444,1.0,1.0,0.0,0.0,1.0,0.0,1.0
0.3333333333333333,0.3214285714285714,1.0,0.6666666666666667,1.0,0.14035087719298245,0.0,1.0,0.0,0.0,0.0,1.0,1.0,0.0
0.16666666666666669,0.8928571428571428,0.6666666666666667,0.6666666666666667,1.0,0.21052631578947367,0.3333333333333333,0.0,0.0,0.0,0.0,1.0,1.0,0.0
0.4523809523809524,0.42857142857142855,0.0,0.6666666666666667,1.0,0.3508771929824561,0.5555555555555556,0.0,1.0,0.0,0.0,0.0,1.0,0.0
0.6428571428571428,0.03571428571428571,0.3333333333333333,0.0,0.6666666666666667,0.3157894736842105,0.4444444444444444,0.0,0.0,0.0,1.0,1.0,1.0,0.0
0.35714285714285715,0.0,0.6666666666666667,0.3333333333333333,0.0,0.21052631578947367,0.16666666666666666,0.0,1.0,0.0,0.0,1.0,0.0,1.0
0.3095238095238095,0.10714285714285714,0.0,1.0,0.6666666666666667,0.14035087719298245,0.1111111111111111,0.0,1.0,1.0,0.0,0.0,1.0,0.0
0.19047619047619052,0.9999999999999999,0.0,0.6666666666666667,0.6666666666666667,0.2807017543859649,0.0,0.0,0.0,0.0,0.0,0.0,1.0,0.0
0.6666666666666665,0.8928571428571428,0.3333333333333333,0.3333333333333333,0.3333333333333333,0.21052631578947367,0.1111111111111111,0.0,0.0,0.0,0.0,1.0,1.0,0.0
0.2619047619047619,0.7857142857142857,1.0,0.3333333333333333,0.0,0.38596491228070173,0.611111111111111,0.0,0.0,0.0,0.0,0.0,1.0,0.0
0.07142857142857145,0.5,0.6666666666666667,0.6666666666666667,1.0,0.0,0.0,0.0,1.0,0.0,0.0,1.0,1.0,0.0
0.8095238095238095,0.03571428571428571,0.0,0.0,1.0,1.0,1.0,0.0,0.0,0.0,0.0,0.0,1.0,0.0
0.4523809523809524,0.0,0.6666666666666667,0.3333333333333333,0.0,0.5964912280701754,0.16666666666666666,0.0,1.0,0.0,0.0,0.0,1.0,0.0
0.49999999999999994,0.2857142857142857,0.0,0.6666666666666667,0.0,0.3508771929824561,0.5555555555555556,0.0,1.0,0.0,0.0,0.0,1.0,0.0
0.21428571428571425,0.35714285714285715,0.6666666666666667,1.0,1.0,0.17543859649122806,0.05555555555555555,0.0,0.0,0.0,1.0,0.0,1.0,0.0
0.42857142857142855,0.4642857142857143,0.6666666666666667,0.6666666666666667,1.0,0.5964912280701754,0.8888888888888888,0.0,1.0,0.0,0.0,0.0,0.0,1.0
0.7380952380952379,0.6785714285714285,0.6666666666666667,0.6666666666666667,0.0,0.5614035087719298,0.8333333333333333,0.0,1.0,0.0,0.0,0.0,1.0,0.0
0.6428571428571428,0.7857142857142857,1.0,0.6666666666666667,0.0,0.3157894736842105,0.5,0.0,1.0,1.0,0.0,0.0,0.0,1.0
0.6428571428571428,0.9642857142857143,1.0,0.3333333333333333,0.3333333333333333,0.7368421052631579,1.0,0.0,1.0,0.0,0.0,1.0,1.0,0.0
0.380952380952381,0.3214285714285714,1.0,0.6666666666666667,0.6666666666666667,0.17543859649122806,0.2777777777777778,1.0,1.0,0.0,0.0,0.0,0.0,1.0
0.4047619047619047,0.5357142857142857,1.0,0.3333333333333333,0.3333333333333333,0.14035087719298245,0.16666666666666666,0.0,1.0,0.0,0.0,0.0,0.0,1.0
0.35714285714285715,0.03571428571428571,0.3333333333333333,0.6666666666666667,0.6666666666666667,0.17543859649122806,0.2777777777777778,0.0,0.0,0.0,0.0,0.0,1.0,0.0
0.3333333333333333,0.10714285714285714,1.0,0.0,1.0,0.49122807017543857,0.7777777777777777,0.0,0.0,0.0,0.0,0.0,1.0,0.0
0.28571428571428564,0.9285714285714285,0.6666666666666667,0.6666666666666667,1.0,0.3508771929824561,0.4444444444444444,0.0,0.0,0.0,0.0,0.0,1.0,0.0
0.380952380952381,0.2857142857142857,1.0,0.3333333333333333,0.3333333333333333,0.3157894736842105,0.4444444444444444,0.0,1.0,0.0,0.0,1.0,1.0,0.0
0.11904761904761901,0.03571428571428571,0.6666666666666667,0.6666666666666667,0.0,0.10526315789473684,0.0,0.0,0.0,0.0,1.0,0.0,1.0,0.0
0.7857142857142856,0.7142857142857143,0.6666666666666667,0.6666666666666667,1.0,0.38596491228070173,0.5555555555555556,0.0,0.0,0.0,0.0,1.0,0.0,1.0
0.23809523809523808,0.0,1.0,0.6666666666666667,0.6666666666666667,0.17543859649122806,0.2222222222222222,1.0,1.0,1.0,0.0,1.0,0.0,1.0
0.3095238095238095,0.39285714285714285,1.0,0.6666666666666667,1.0,0.3508771929824561,0.5,0.0,1.0,0.0,0.0,0.0,0.0,1.0
0.21428571428571425,0.0,0.6666666666666667,0.6666666666666667,0.0,0.3157894736842105,0.5,0.0,1.0,0.0,0.0,0.0,1.0,0.0
0.23809523809523808,0.25,0.3333333333333333,0.3333333333333333,1.0,0.21052631578947367,0.2777777777777778,0.0,0.0,0.0,0.0,0.0,1.0,0.0
0.6428571428571428,0.03571428571428571,0.6666666666666667,0.6666666666666667,0.6666666666666667,0.3508771929824561,0.4444444444444444,0.0,0.0,0.0,0.0,0.0,1.0,0.0
0.49999999999999994,0.0,1.0,0.6666666666666667,1.0,0.3157894736842105,0.5,0.0,1.0,1.0,0.0,0.0,0.0,1.0
0.5714285714285714,0.03571428571428571,0.3333333333333333,0.6666666666666667,1.0,0.2807017543859649,0.1111111111111111,1.0,1.0,0.0,0.0,1.0,0.0,1.0
0.35714285714285715,0.3214285714285714,0.3333333333333333,0.3333333333333333,1.0,0.3157894736842105,0.38888888888888884,1.0,0.0,0.0,0.0,1.0,1.0,0.0
0.42857142857142855,0.07142857142857142,0.0,0.3333333333333333,1.0,0.3508771929824561,0.5,0.0,0.0,0.0,0.0,0.0,1.0,0.0
0.4761904761904761,0.03571428571428571,0.3333333333333333,0.0,1.0,0.7017543859649122,0.2222222222222222,0.0,0.0,0.0,1.0,0.0,0.0,1.0
0.976190476190476,0.03571428571428571,0.6666666666666667,0.3333333333333333,1.0,1.0,0.2777777777777778,0.0,1.0,0.0,0.0,1.0,0.0,1.0
0.2619047619047619,0.6785714285714285,1.0,0.6666666666666667,1.0,0.3508771929824561,0.16666666666666666,0.0,0.0,0.0,0.0,0.0,1.0,0.0
0.7380952380952379,0.03571428571428571,0.3333333333333333,0.6666666666666667,1.0,0.9824561403508771,0.2777777777777778,1.0,1.0,0.0,0.0,0.0,1.0,0.0
0.7619047619047619,0.0,1.0,0.6666666666666667,0.6666666666666667,0.6666666666666666,1.0,0.0,0.0,0.0,0.0,0.0,1.0,0.0
0.21428571428571425,0.0,0.6666666666666667,0.6666666666666667,0.3333333333333333,0.21052631578947367,0.2777777777777778,0.0,0.0,0.0,0.0,0.0,0.0,1.0
0.5714285714285714,0.3214285714285714,0.6666666666666667,0.6666666666666667,0.6666666666666667,0.3508771929824561,0.3333333333333333,0.0,1.0,0.0,0.0,0.0,1.0,0.0
0.4523809523809524,0.6428571428571428,0.3333333333333333,0.6666666666666667,0.3333333333333333,0.2807017543859649,0.05555555555555555,0.0,1.0,0.0,0.0,0.0,1.0,0.0
0.42857142857142855,0.07142857142857142,0.6666666666666667,0.6666666666666667,0.3333333333333333,0.42105263157894735,0.611111111111111,1.0,1.0,0.0,0.0,0.0,1.0,0.0
0.6904761904761905,0.03571428571428571,0.0,0.6666666666666667,1.0,0.7017543859649122,0.2777777777777778,0.0,1.0,0.0,0.0,0.0,1.0,0.0
0.49999999999999994,0.5,0.3333333333333333,0.6666666666666667,0.0,0.7368421052631579,1.0,0.0,0.0,0.0,0.0,1.0,1.0,0.0
0.5476190476190477,0.10714285714285714,0.6666666666666667,0.0,0.3333333333333333,0.3508771929824561,0.16666666666666666,0.0,0.0,0.0,0.0,0.0,1.0,0.0
0.2619047619047619,0.4642857142857143,0.6666666666666667,0.6666666666666667,1.0,0.3157894736842105,0.4444444444444444,1.0,1.0,0.0,0.0,1.0,0.0,1.0
0.4761904761904761,0.07142857142857142,1.0,0.6666666666666667,0.6666666666666667,0.6666666666666666,0.16666666666666666,0.0,1.0,0.0,0.0,1.0,0.0,1.0
0.3333333333333333,0.03571428571428571,0.6666666666666667,0.6666666666666667,0.3333333333333333,0.2807017543859649,0.4444444444444444,0.0,1.0,1.0,0.0,0.0,1.0,0.0
0.3095238095238095,0.0,0.6666666666666667,1.0,0.3333333333333333,0.3508771929824561,0.5555555555555556,1.0,1.0,0.0,0.0,1.0,1.0,0.0
0.07142857142857145,0.14285714285714285,0.6666666666666667,0.6666666666666667,1.0,0.10526315789473684,0.1111111111111111,0.0,1.0,0.0,0.0,1.0,1.0,0.0
0.5952380952380951,0.0,1.0,0.6666666666666667,1.0,0.42105263157894735,0.2777777777777778,1.0,1.0,0.0,0.0,0.0,1.0,0.0
0.4761904761904761,0.10714285714285714,1.0,0.6666666666666667,0.6666666666666667,0.24561403508771928,0.0,0.0,1.0,1.0,0.0,0.0,1.0,0.0
0.7619047619047619,0.5714285714285714,1.0,0.3333333333333333,0.0,0.6666666666666666,0.7777777777777777,0.0,1.0,0.0,0.0,0.0,1.0,0.0
0.3095238095238095,0.2857142857142857,0.6666666666666667,0.6666666666666667,0.3333333333333333,0.45614035087719296,0.7222222222222222,0.0,1.0,0.0,0.0,0.0,1.0,0.0
0.4047619047619047,0.9285714285714285,0.6666666666666667,0.6666666666666667,1.0,0.3508771929824561,0.5555555555555556,0.0,0.0,0.0,0.0,1.0,0.0,1.0
0.4523809523809524,0.3214285714285714,0.6666666666666667,0.6666666666666667,0.3333333333333333,0.631578947368421,0.05555555555555555,0.0,1.0,0.0,0.0,1.0,0.0,1.0
0.21428571428571425,0.25,0.3333333333333333,0.6666666666666667,0.3333333333333333,0.2807017543859649,0.4444444444444444,0.0,0.0,0.0,0.0,0.0,1.0,0.0
0.7142857142857142,0.10714285714285714,0.6666666666666667,0.3333333333333333,0.6666666666666667,0.9473684210526315,0.8333333333333333,0.0,1.0,0.0,0.0,1.0,1.0,0.0
0.4761904761904761,0.25,1.0,0.3333333333333333,0.3333333333333333,0.7017543859649122,1.0,1.0,1.0,0.0,0.0,0.0,0.0,1.0
0.42857142857142855,0.0,1.0,0.3333333333333333,0.6666666666666667,0.14035087719298245,0.16666666666666666,0.0,1.0,0.0,0.0,0.0,1.0,0.0
0.21428571428571425,0.35714285714285715,0.3333333333333333,0.6666666666666667,0.0,0.21052631578947367,0.2777777777777778,0.0,1.0,1.0,0.0,0.0,1.0,0.0
0.380952380952381,0.8928571428571428,0.0,0.3333333333333333,0.6666666666666667,0.17543859649122806,0.2777777777777778,0.0,1.0,0.0,0.0,0.0,1.0,0.0
0.6904761904761905,0.07142857142857142,1.0,0.6666666666666667,0.6666666666666667,0.9824561403508771,1.0,1.0,0.0,0.0,0.0,0.0,0.0,1.0
0.7380952380952379,0.5357142857142857,1.0,0.6666666666666667,0.0,0.5964912280701754,0.1111111111111111,0.0,1.0,1.0,0.0,0.0,0.0,1.0
0.9523809523809523,0.7142857142857143,1.0,0.6666666666666667,1.0,1.0,0.05555555555555555,0.0,0.0,0.0,0.0,0.0,0.0,1.0
0.14285714285714285,0.0,0.0,0.6666666666666667,0.3333333333333333,0.21052631578947367,0.2777777777777778,0.0,0.0,0.0,1.0,1.0,0.0,1.0
0.2619047619047619,0.03571428571428571,1.0,0.6666666666666667,0.3333333333333333,0.14035087719298245,0.16666666666666666,1.0,1.0,1.0,0.0,0.0,1.0,0.0
0.4047619047619047,0.17857142857142855,0.3333333333333333,0.0,1.0,0.5964912280701754,0.9444444444444444,0.0,1.0,0.0,0.0,1.0,1.0,0.0
0.19047619047619052,0.17857142857142855,0.6666666666666667,0.3333333333333333,0.3333333333333333,0.17543859649122806,0.2777777777777778,0.0,1.0,0.0,0.0,0.0,1.0,0.0
0.9523809523809523,0.03571428571428571,1.0,0.6666666666666667,0.3333333333333333,1.0,1.0,0.0,1.0,0.0,0.0,1.0,0.0,1.0
0.6428571428571428,0.8571428571428571,0.3333333333333333,0.6666666666666667,0.3333333333333333,0.7719298245614035,0.0,1.0,1.0,0.0,0.0,1.0,1.0,0.0
0.4761904761904761,0.8571428571428571,0.0,0.3333333333333333,0.3333333333333333,0.6666666666666666,0.5555555555555556,0.0,1.0,0.0,0.0,0.0,1.0,0.0
0.09523809523809518,0.35714285714285715,0.0,0.6666666666666667,0.3333333333333333,0.07017543859649122,0.1111111111111111,0.0,1.0,0.0,0.0,0.0,1.0,0.0
0.35714285714285715,0.8571428571428571,0.0,0.3333333333333333,0.3333333333333333,0.17543859649122806,0.1111111111111111,0.0,1.0,0.0,0.0,1.0,0.0,1.0
0.28571428571428564,0.75,0.6666666666666667,0.6666666666666667,0.0,0.3508771929824561,0.5,0.0,0.0,0.0,0.0,0.0,1.0,0.0
0.4761904761904761,0.2857142857142857,0.3333333333333333,0.3333333333333333,0.3333333333333333,0.10526315789473684,0.1111111111111111,0.0,0.0,0.0,1.0,0.0,1.0,0.0
0.4047619047619047,0.10714285714285714,1.0,0.3333333333333333,1.0,0.07017543859649122,0.1111111111111111,1.0,1.0,1.0,0.0,0.0,1.0,0.0
0.28571428571428564,0.17857142857142855,0.0,0.3333333333333333,1.0,0.3508771929824561,0.5,0.0,1.0,1.0,0.0,0.0,1.0,0.0
0.21428571428571425,0.07142857142857142,1.0,1.0,1.0,0.21052631578947367,0.3333333333333333,1.0,0.0,0.0,0.0,0.0,0.0,1.0
0.11904761904761901,0.39285714285714285,1.0,0.6666666666666667,1.0,0.17543859649122806,0.2777777777777778,0.0,1.0,1.0,0.0,1.0,1.0,0.0
0.6666666666666665,0.03571428571428571,0.6666666666666667,0.6666666666666667,1.0,0.8421052631578947,0.1111111111111111,0.0,1.0,0.0,0.0,0.0,0.0,1.0
0.21428571428571425,0.2142857142857143,1.0,0.3333333333333333,0.0,0.3157894736842105,0.38888888888888884,0.0,1.0,0.0,0.0,1.0,1.0,0.0
0.35714285714285715,0.3214285714285714,0.0,0.0,1.0,0.2807017543859649,0.2222222222222222,0.0,1.0,1.0,0.0,0.0,1.0,0.0
0.7142857142857142,0.5357142857142857,0.6666666666666667,0.6666666666666667,0.6666666666666667,0.631578947368421,0.4444444444444444,0.0,0.0,0.0,0.0,0.0,1.0,0.0
0.4761904761904761,0.6071428571428571,0.3333333333333333,0.0,1.0,0.5263157894736842,0.05555555555555555,0.0,1.0,0.0,0.0,0.0,0.0,1.0
0.380952380952381,0.5357142857142857,0.6666666666666667,0.3333333333333333,1.0,0.21052631578947367,0.2777777777777778,1.0,1.0,0.0,0.0,1.0,1.0,0.0
0.21428571428571425,0.25,0.6666666666666667,0.6666666666666667,1.0,0.17543859649122806,0.2222222222222222,1.0,0.0,0.0,0.0,0.0,1.0,0.0
0.28571428571428564,0.07142857142857142,0.6666666666666667,0.6666666666666667,0.6666666666666667,0.03508771929824561,0.05555555555555555,1.0,1.0,0.0,0.0,0.0,1.0,0.0
0.35714285714285715,0.5357142857142857,0.6666666666666667,0.6666666666666667,1.0,0.24561403508771928,0.3333333333333333,0.0,0.0,0.0,0.0,0.0,0.0,1.0
0.23809523809523808,0.0,0.0,0.3333333333333333,0.3333333333333333,0.03508771929824561,0.05555555555555555,1.0,1.0,1.0,0.0,0.0,1.0,0.0
0.11904761904761901,0.2857142857142857,1.0,0.6666666666666667,0.0,0.03508771929824561,0.05555555555555555,1.0,0.0,0.0,1.0,0.0,1.0,0.0
0.6904761904761905,0.5357142857142857,0.6666666666666667,1.0,0.6666666666666667,0.7017543859649122,1.0,1.0,1.0,0.0,0.0,0.0,0.0,1.0
0.7857142857142856,0.2857142857142857,1.0,0.6666666666666667,1.0,0.3508771929824561,0.2222222222222222,0.0,1.0,1.0,0.0,0.0,1.0,0.0
0.4047619047619047,0.9642857142857143,0.3333333333333333,1.0,0.6666666666666667,0.3508771929824561,0.5555555555555556,0.0,1.0,1.0,0.0,0.0,1.0,0.0
0.28571428571428564,0.07142857142857142,1.0,0.6666666666666667,0.0,0.2807017543859649,0.2777777777777778,0.0,1.0,0.0,0.0,1.0,0.0,1.0
0.4761904761904761,0.39285714285714285,0.0,0.3333333333333333,0.0,0.45614035087719296,0.2222222222222222,1.0,1.0,0.0,0.0,0.0,1.0,0.0
0.16666666666666669,0.07142857142857142,0.0,0.6666666666666667,0.0,0.21052631578947367,0.1111111111111111,0.0,1.0,1.0,0.0,0.0,1.0,0.0
0.6904761904761905,0.10714285714285714,1.0,0.6666666666666667,1.0,0.3157894736842105,0.5,0.0,0.0,0.0,0.0,1.0,0.0,1.0
0.7142857142857142,0.3214285714285714,1.0,0.3333333333333333,0.3333333333333333,1.0,1.0,0.0,1.0,0.0,0.0,0.0,1.0,0.0
0.4047619047619047,0.8571428571428571,1.0,0.3333333333333333,0.3333333333333333,0.5614035087719298,0.7222222222222222,0.0,1.0,0.0,0.0,0.0,1.0,0.0
0.19047619047619052,0.5714285714285714,0.3333333333333333,0.6666666666666667,0.6666666666666667,0.2807017543859649,0.38888888888888884,1.0,0.0,0.0,0.0,0.0,0.0,1.0
0.3333333333333333,0.07142857142857142,0.6666666666666667,0.6666666666666667,1.0,0.3508771929824561,0.38888888888888884,0.0,1.0,0.0,0.0,1.0,1.0,0.0
0.4047619047619047,0.25,0.6666666666666667,0.6666666666666667,0.6666666666666667,0.21052631578947367,0.2777777777777778,0.0,0.0,0.0,0.0,1.0,1.0,0.0
0.49999999999999994,0.03571428571428571,0.0,0.3333333333333333,0.0,0.38596491228070173,0.05555555555555555,0.0,1.0,1.0,0.0,1.0,0.0,1.0
0.5238095238095237,0.03571428571428571,0.6666666666666667,1.0,0.3333333333333333,0.2807017543859649,0.4444444444444444,1.0,1.0,0.0,0.0,0.0,1.0,0.0
0.28571428571428564,0.0,1.0,0.6666666666666667,0.3333333333333333,0.42105263157894735,0.611111111111111,0.0,1.0,0.0,0.0,0.0,0.0,1.0
0.5238095238095237,0.3214285714285714,0.3333333333333333,0.3333333333333333,0.3333333333333333,0.24561403508771928,0.2777777777777778,0.0,0.0,0.0,0.0,0.0,1.0,0.0
0.19047619047619052,0.0,0.0,0.3333333333333333,0.0,0.21052631578947367,0.2777777777777778,0.0,1.0,1.0,0.0,0.0,1.0,0.0
0.07142857142857145,0.2857142857142857,0.0,0.6666666666666667,1.0,0.10526315789473684,0.16666666666666666,0.0,0.0,0.0,1.0,1.0,1.0,0.0
0.42857142857142855,0.2857142857142857,0.3333333333333333,0.3333333333333333,0.3333333333333333,0.45614035087719296,0.16666666666666666,0.0,1.0,0.0,0.0,0.0,0.0,1.0
0.23809523809523808,0.5357142857142857,0.6666666666666667,0.6666666666666667,0.6666666666666667,0.17543859649122806,0.2777777777777778,0.0,1.0,0.0,0.0,1.0,1.0,0.0
0.23809523809523808,0.03571428571428571,0.6666666666666667,0.3333333333333333,0.0,0.2807017543859649,0.0,1.0,1.0,1.0,0.0,1.0,1.0,0.0
0.07142857142857145,0.2142857142857143,0.3333333333333333,0.6666666666666667,0.3333333333333333,0.03508771929824561,0.05555555555555555,0.0,0.0,0.0,1.0,1.0,1.0,0.0
0.5238095238095237,0.03571428571428571,0.3333333333333333,0.3333333333333333,0.6666666666666667,0.7017543859649122,0.05555555555555555,0.0,1.0,1.0,0.0,0.0,1.0,0.0
0.35714285714285715,0.2142857142857143,1.0,0.6666666666666667,0.3333333333333333,0.14035087719298245,0.16666666666666666,1.0,0.0,0.0,0.0,0.0,1.0,0.0
0.5714285714285714,0.25,1.0,0.6666666666666667,0.6666666666666667,0.2807017543859649,0.0,0.0,1.0,1.0,0.0,1.0,1.0,0.0
0.7619047619047619,0.39285714285714285,0.6666666666666667,0.6666666666666667,1.0,0.5614035087719298,0.1111111111111111,1.0,0.0,0.0,0.0,1.0,1.0,0.0
0.6666666666666665,0.0,1.0,0.6666666666666667,0.0,0.5964912280701754,0.2222222222222222,0.0,1.0,0.0,0.0,0.0,1.0,0.0
0.047619047619047616,0.3214285714285714,1.0,0.6666666666666667,0.6666666666666667,0.03508771929824561,0.05555555555555555,0.0,1.0,0.0,0.0,1.0,0.0,1.0
0.6428571428571428,0.6785714285714285,1.0,0.6666666666666667,0.6666666666666667,0.2807017543859649,0.2777777777777778,0.0,0.0,0.0,0.0,1.0,1.0,0.0
0.2619047619047619,0.42857142857142855,0.0,0.3333333333333333,0.0,0.14035087719298245,0.1111111111111111,0.0,0.0,0.0,0.0,0.0,0.0,1.0
0.3333333333333333,0.03571428571428571,0.0,1.0,1.0,0.3508771929824561,0.38888888888888884,0.0,1.0,0.0,0.0,1.0,1.0,0.0
0.4047619047619047,0.0,0.3333333333333333,0.6666666666666667,0.6666666666666667,0.5263157894736842,0.611111111111111,0.0,0.0,0.0,0.0,0.0,1.0,0.0
0.5714285714285714,0.03571428571428571,0.6666666666666667,0.6666666666666667,1.0,0.3508771929824561,0.5555555555555556,0.0,1.0,0.0,0.0,0.0,1.0,0.0
0.4523809523809524,0.3214285714285714,0.0,0.6666666666666667,0.6666666666666667,0.5964912280701754,0.05555555555555555,1.0,1.0,0.0,0.0,0.0,1.0,0.0
0.5238095238095237,0.39285714285714285,0.3333333333333333,0.6666666666666667,0.0,0.5263157894736842,0.38888888888888884,0.0,1.0,0.0,0.0,0.0,1.0,0.0
0.9047619047619047,0.8214285714285714,0.0,0.6666666666666667,1.0,0.17543859649122806,0.2222222222222222,0.0,1.0,1.0,0.0,1.0,1.0,0.0
0.380952380952381,0.03571428571428571,1.0,0.3333333333333333,0.6666666666666667,0.3508771929824561,0.5555555555555556,1.0,1.0,0.0,0.0,0.0,1.0,0.0
0.3095238095238095,0.2142857142857143,0.3333333333333333,0.6666666666666667,0.0,0.45614035087719296,0.7222222222222222,0.0,1.0,0.0,0.0,0.0,1.0,0.0
0.49999999999999994,0.0,0.3333333333333333,0.6666666666666667,0.6666666666666667,0.7368421052631579,1.0,1.0,1.0,0.0,0.0,0.0,0.0,1.0
0.380952380952381,0.2142857142857143,0.0,0.6666666666666667,1.0,0.03508771929824561,0.05555555555555555,0.0,1.0,0.0,0.0,1.0,1.0,0.0
0.28571428571428564,0.25,0.3333333333333333,1.0,0.0,0.3157894736842105,0.4444444444444444,0.0,1.0,0.0,0.0,0.0,0.0,1.0
0.8095238095238095,0.9642857142857143,1.0,1.0,0.6666666666666667,0.8421052631578947,0.2777777777777778,1.0,1.0,0.0,0.0,0.0,0.0,1.0
0.4523809523809524,0.07142857142857142,0.6666666666666667,0.6666666666666667,0.6666666666666667,0.3508771929824561,0.5555555555555556,0.0,1.0,0.0,0.0,0.0,1.0,0.0
0.3333333333333333,0.25,0.6666666666666667,1.0,0.6666666666666667,0.3157894736842105,0.2777777777777778,0.0,1.0,0.0,0.0,0.0,1.0,0.0
0.35714285714285715,0.03571428571428571,1.0,0.6666666666666667,1.0,0.21052631578947367,0.3333333333333333,0.0,0.0,0.0,0.0,0.0,1.0,0.0
0.0,0.25,0.6666666666666667,0.6666666666666667,0.6666666666666667,0.0,0.0,0.0,1.0,1.0,0.0,1.0,1.0,0.0
0.35714285714285715,0.03571428571428571,0.0,0.6666666666666667,0.0,0.45614035087719296,0.5,0.0,1.0,1.0,0.0,0.0,1.0,0.0
0.35714285714285715,0.0,0.3333333333333333,0.3333333333333333,0.6666666666666667,0.03508771929824561,0.05555555555555555,0.0,1.0,1.0,0.0,0.0,1.0,0.0
0.28571428571428564,0.14285714285714285,0.3333333333333333,0.3333333333333333,1.0,0.3508771929824561,0.2777777777777778,1.0,1.0,0.0,0.0,0.0,1.0,0.0
0.42857142857142855,0.03571428571428571,0.3333333333333333,0.3333333333333333,0.6666666666666667,0.3508771929824561,0.5555555555555556,0.0,0.0,0.0,0.0,0.0,1.0,0.0
0.5238095238095237,0.35714285714285715,1.0,0.6666666666666667,0.6666666666666667,0.3508771929824561,0.5555555555555556,1.0,1.0,1.0,0.0,0.0,1.0,0.0
0.21428571428571425,0.2857142857142857,1.0,0.6666666666666667,0.3333333333333333,0.21052631578947367,0.1111111111111111,0.0,1.0,0.0,0.0,0.0,1.0,0.0
0.7142857142857142,0.0,1.0,0.3333333333333333,1.0,0.8771929824561403,0.05555555555555555,0.0,1.0,0.0,0.0,1.0,1.0,0.0
0.4523809523809524,0.2857142857142857,0.3333333333333333,0.3333333333333333,0.3333333333333333,0.17543859649122806,0.2777777777777778,0.0,0.0,0.0,0.0,0.0,1.0,0.0
0.7619047619047619,0.0,0.6666666666666667,0.3333333333333333,0.6666666666666667,0.17543859649122806,0.16666666666666666,0.0,1.0,1.0,0.0,0.0,1.0,0.0
0.19047619047619052,0.17857142857142855,0.6666666666666667,0.6666666666666667,1.0,0.10526315789473684,0.16666666666666666,0.0,1.0,1.0,0.0,0.0,0.0,1.0
0.5714285714285714,0.0,0.3333333333333333,0.6666666666666667,0.0,0.2807017543859649,0.2777777777777778,0.0,1.0,1.0,0.0,0.0,1.0,0.0
0.19047619047619052,0.03571428571428571,1.0,1.0,1.0,0.2807017543859649,0.4444444444444444,0.0,1.0,0.0,0.0,0.0,1.0,0.0
0.16666666666666669,0.2142857142857143,1.0,0.3333333333333333,1.0,0.07017543859649122,0.1111111111111111,0.0,1.0,0.0,0.0,0.0,1.0,0.0
0.7619047619047619,0.25,0.3333333333333333,0.6666666666666667,0.6666666666666667,0.631578947368421,0.2222222222222222,1.0,0.0,0.0,0.0,0.0,0.0,1.0
0.5238095238095237,0.2857142857142857,1.0,0.6666666666666667,0.3333333333333333,0.10526315789473684,0.05555555555555555,1.0,1.0,0.0,0.0,0.0,0.0,1.0
0.5238095238095237,0.17857142857142855,0.6666666666666667,0.6666666666666667,1.0,0.7368421052631579,1.0,0.0,0.0,0.0,0.0,1.0,0.0,1.0
0.7857142857142856,0.0,0.0,0.3333333333333333,0.0,0.8070175438596491,0.7222222222222222,1.0,1.0,0.0,0.0,1.0,1.0,0.0
0.23809523809523808,0.0,0.0,0.0,0.3333333333333333,0.3508771929824561,0.38888888888888884,0.0,1.0,0.0,0.0,1.0,0.0,1.0
0.5238095238095237,0.03571428571428571,0.3333333333333333,0.6666666666666667,0.3333333333333333,0.17543859649122806,0.0,1.0,0.0,0.0,0.0,0.0,1.0,0.0
0.6666666666666665,0.25,1.0,0.3333333333333333,0.0,0.6666666666666666,0.8888888888888888,0.0,1.0,0.0,0.0,0.0,0.0,1.0
0.5238095238095237,0.03571428571428571,0.6666666666666667,0.6666666666666667,1.0,0.3157894736842105,0.5,0.0,1.0,0.0,0.0,1.0,1.0,0.0
0.35714285714285715,0.0,0.3333333333333333,0.3333333333333333,1.0,0.21052631578947367,0.2777777777777778,0.0,1.0,0.0,0.0,1.0,1.0,0.0
0.8333333333333333,0.03571428571428571,0.0,0.3333333333333333,1.0,1.0,1.0,0.0,0.0,0.0,0.0,0.0,1.0,0.0
0.28571428571428564,0.03571428571428571,0.6666666666666667,0.6666666666666667,0.3333333333333333,0.03508771929824561,0.05555555555555555,0.0,0.0,0.0,1.0,0.0,1.0,0.0
0.5238095238095237,0.2857142857142857,0.0,0.6666666666666667,0.0,0.3157894736842105,0.4444444444444444,0.0,0.0,0.0,0.0,0.0,1.0,0.0
0.49999999999999994,0.03571428571428571,0.6666666666666667,0.6666666666666667,0.6666666666666667,0.7017543859649122,1.0,1.0,1.0,0.0,0.0,1.0,1.0,0.0
0.19047619047619052,0.0,0.6666666666666667,0.6666666666666667,0.0,0.2807017543859649,0.38888888888888884,0.0,1.0,1.0,0.0,1.0,1.0,0.0
0.8095238095238095,0.03571428571428571,0.6666666666666667,0.3333333333333333,1.0,0.21052631578947367,0.1111111111111111,0.0,1.0,1.0,0.0,1.0,1.0,0.0
0.3095238095238095,0.3214285714285714,0.6666666666666667,0.6666666666666667,0.6666666666666667,0.45614035087719296,0.611111111111111,0.0,1.0,0.0,0.0,0.0,1.0,0.0
0.42857142857142855,0.9285714285714285,0.6666666666666667,0.6666666666666667,0.6666666666666667,0.5964912280701754,0.38888888888888884,0.0,1.0,0.0,0.0,0.0,1.0,0.0
0.4761904761904761,0.2142857142857143,1.0,1.0,0.6666666666666667,0.14035087719298245,0.2222222222222222,1.0,1.0,0.0,0.0,0.0,1.0,0.0
0.5714285714285714,0.03571428571428571,0.6666666666666667,0.6666666666666667,0.6666666666666667,0.7368421052631579,1.0,0.0,1.0,0.0,0.0,0.0,0.0,1.0
0.4761904761904761,0.0,0.6666666666666667,1.0,0.6666666666666667,0.24561403508771928,0.38888888888888884,0.0,0.0,0.0,0.0,0.0,1.0,0.0
0.49999999999999994,0.03571428571428571,1.0,0.3333333333333333,1.0,0.45614035087719296,0.2777777777777778,0.0,0.0,0.0,0.0,0.0,1.0,0.0
0.09523809523809518,0.2142857142857143,1.0,0.6666666666666667,0.3333333333333333,0.03508771929824561,0.05555555555555555,0.0,1.0,0.0,0.0,1.0,0.0,1.0
0.14285714285714285,0.75,1.0,0.0,0.6666666666666667,0.03508771929824561,0.05555555555555555,0.0,0.0,0.0,0.0,0.0,1.0,0.0
0.6904761904761905,0.03571428571428571,0.6666666666666667,0.6666666666666667,1.0,0.9122807017543859,1.0,0.0,1.0,0.0,0.0,0.0,0.0,1.0
0.6190476190476188,0.2857142857142857,0.3333333333333333,0.6666666666666667,0.0,0.2807017543859649,0.4444444444444444,0.0,1.0,0.0,0.0,0.0,0.0,1.0
0.6666666666666665,0.2142857142857143,1.0,0.6666666666666667,0.6666666666666667,0.45614035087719296,0.4444444444444444,0.0,1.0,0.0,0.0,0.0,1.0,0.0
0.380952380952381,0.7857142857142857,0.3333333333333333,0.6666666666666667,0.0,0.38596491228070173,0.16666666666666666,1.0,0.0,0.0,0.0,0.0,0.0,1.0
0.5238095238095237,0.8214285714285714,0.3333333333333333,1.0,0.3333333333333333,0.7719298245614035,0.05555555555555555,0.0,0.0,0.0,0.0,1.0,0.0,1.0
0.28571428571428564,0.9999999999999999,0.6666666666666667,0.6666666666666667,0.3333333333333333,0.3157894736842105,0.2222222222222222,0.0,0.0,0.0,0.0,0.0,1.0,0.0
0.7380952380952379,0.25,0.0,0.6666666666666667,0.3333333333333333,1.0,1.0,0.0,1.0,1.0,0.0,0.0,1.0,0.0
0.8809523809523809,0.8928571428571428,0.6666666666666667,0.3333333333333333,1.0,1.0,1.0,0.0,0.0,0.0,0.0,0.0,1.0,0.0
0.28571428571428564,0.8928571428571428,0.6666666666666667,0.3333333333333333,0.0,0.3157894736842105,0.3333333333333333,1.0,0.0,0.0,0.0,1.0,1.0,0.0
0.5238095238095237,0.8928571428571428,0.3333333333333333,0.6666666666666667,0.3333333333333333,0.7017543859649122,1.0,1.0,1.0,0.0,0.0,0.0,1.0,0.0
0.21428571428571425,0.07142857142857142,0.6666666666666667,0.3333333333333333,0.6666666666666667,0.03508771929824561,0.05555555555555555,0.0,1.0,0.0,0.0,0.0,0.0,1.0
0.3333333333333333,0.0,0.3333333333333333,0.6666666666666667,0.3333333333333333,0.3508771929824561,0.5555555555555556,0.0,1.0,0.0,0.0,0.0,1.0,0.0
0.8333333333333333,0.2142857142857143,0.0,0.3333333333333333,1.0,1.0,0.2777777777777778,0.0,0.0,0.0,0.0,0.0,0.0,1.0
0.21428571428571425,0.03571428571428571,0.3333333333333333,0.6666666666666667,0.3333333333333333,0.21052631578947367,0.2777777777777778,0.0,1.0,0.0,0.0,0.0,1.0,0.0
0.3095238095238095,0.03571428571428571,0.3333333333333333,0.6666666666666667,1.0,0.3508771929824561,0.3333333333333333,0.0,0.0,0.0,0.0,1.0,0.0,1.0
0.42857142857142855,0.3214285714285714,1.0,0.6666666666666667,0.6666666666666667,0.3508771929824561,0.38888888888888884,0.0,1.0,0.0,0.0,0.0,1.0,0.0
0.4047619047619047,0.5,0.0,0.0,1.0,0.24561403508771928,0.1111111111111111,0.0,0.0,0.0,0.0,0.0,0.0,1.0
0.5714285714285714,0.6071428571428571,1.0,0.6666666666666667,0.0,0.3157894736842105,0.2222222222222222,0.0,1.0,0.0,0.0,0.0,0.0,1.0
0.5476190476190477,0.17857142857142855,1.0,0.6666666666666667,0.6666666666666667,0.3508771929824561,0.5555555555555556,0.0,0.0,0.0,0.0,1.0,1.0,0.0
0.6428571428571428,0.8928571428571428,0.0,0.6666666666666667,0.0,0.17543859649122806,0.05555555555555555,1.0,0.0,0.0,0.0,0.0,1.0,0.0
0.4761904761904761,0.3214285714285714,0.6666666666666667,0.6666666666666667,0.6666666666666667,0.3508771929824561,0.3333333333333333,1.0,0.0,0.0,0.0,0.0,1.0,0.0
0.3333333333333333,0.14285714285714285,0.3333333333333333,0.6666666666666667,0.3333333333333333,0.3508771929824561,0.5555555555555556,1.0,0.0,0.0,0.0,0.0,1.0,0.0
0.4761904761904761,0.17857142857142855,1.0,0.3333333333333333,0.6666666666666667,0.17543859649122806,0.2777777777777778,0.0,1.0,1.0,0.0,0.0,1.0,0.0
0.19047619047619052,0.3214285714285714,0.6666666666666667,0.6666666666666667,1.0,0.17543859649122806,0.2777777777777778,0.0,0.0,0.0,0.0,1.0,1.0,0.0
0.5476190476190477,0.0,0.3333333333333333,0.6666666666666667,1.0,0.2807017543859649,0.3333333333333333,0.0,0.0,0.0,0.0,1.0,0.0,1.0
0.4523809523809524,0.5357142857142857,1.0,0.3333333333333333,0.6666666666666667,0.3157894736842105,0.05555555555555555,0.0,0.0,0.0,0.0,0.0,1.0,0.0
0.2619047619047619,0.5714285714285714,0.3333333333333333,0.3333333333333333,0.0,0.3508771929824561,0.5555555555555556,0.0,0.0,0.0,0.0,1.0,1.0,0.0
0.6190476190476188,0.07142857142857142,1.0,0.6666666666666667,1.0,0.9122807017543859,0.1111111111111111,0.0,1.0,0.0,0.0,0.0,0.0,1.0
0.3095238095238095,0.5357142857142857,0.0,0.6666666666666667,0.6666666666666667,0.3508771929824561,0.05555555555555555,0.0,0.0,0.0,0.0,0.0,1.0,0.0
0.7142857142857142,0.0,0.0,0.3333333333333333,0.6666666666666667,0.8070175438596491,0.05555555555555555,0.0,1.0,1.0,0.0,1.0,0.0,1.0
0.3333333333333333,0.3214285714285714,1.0,0.6666666666666667,1.0,0.3508771929824561,0.5555555555555556,0.0,0.0,0.0,0.0,1.0,1.0,0.0
0.9047619047619047,0.0,0.6666666666666667,0.6666666666666667,0.6666666666666667,0.45614035087719296,0.7222222222222222,0.0,1.0,0.0,0.0,0.0,1.0,0.0
0.42857142857142855,0.0,0.6666666666666667,0.0,0.0,0.5964912280701754,0.38888888888888884,0.0,1.0,0.0,0.0,0.0,0.0,1.0
0.02380952380952378,0.3214285714285714,0.0,0.3333333333333333,0.3333333333333333,0.03508771929824561,0.05555555555555555,0.0,1.0,0.0,0.0,1.0,0.0,1.0
0.14285714285714285,0.2857142857142857,0.6666666666666667,1.0,0.6666666666666667,0.17543859649122806,0.2777777777777778,0.0,1.0,0.0,0.0,0.0,1.0,0.0
0.42857142857142855,0.25,0.0,0.3333333333333333,0.0,0.3508771929824561,0.5555555555555556,0.0,0.0,0.0,0.0,1.0,1.0,0.0
0.16666666666666669,0.6071428571428571,0.0,1.0,0.6666666666666667,0.21052631578947367,0.16666666666666666,0.0,0.0,0.0,0.0,0.0,1.0,0.0
0.2619047619047619,0.17857142857142855,1.0,0.3333333333333333,0.3333333333333333,0.03508771929824561,0.05555555555555555,0.0,0.0,0.0,0.0,0.0,1.0,0.0
0.42857142857142855,0.17857142857142855,0.3333333333333333,1.0,1.0,0.17543859649122806,0.05555555555555555,0.0,1.0,1.0,0.0,0.0,1.0,0.0
0.2619047619047619,0.3214285714285714,1.0,0.6666666666666667,0.3333333333333333,0.07017543859649122,0.1111111111111111,0.0,0.0,0.0,1.0,0.0,1.0,0.0
0.14285714285714285,0.07142857142857142,0.0,0.6666666666666667,0.6666666666666667,0.14035087719298245,0.16666666666666666,0.0,0.0,0.0,0.0,0.0,1.0,0.0
0.3333333333333333,0.9999999999999999,0.6666666666666667,0.3333333333333333,0.3333333333333333,0.21052631578947367,0.3333333333333333,0.0,1.0,1.0,0.0,1.0,1.0,0.0
0.49999999999999994,0.2857142857142857,1.0,0.6666666666666667,1.0,0.7368421052631579,0.3333333333333333,0.0,1.0,0.0,0.0,1.0,1.0,0.0
0.5476190476190477,0.7857142857142857,1.0,0.6666666666666667,0.6666666666666667,0.7368421052631579,0.1111111111111111,0.0,0.0,0.0,0.0,1.0,0.0,1.0
0.6666666666666665,0.5,1.0,0.6666666666666667,0.3333333333333333,0.8771929824561403,0.2222222222222222,0.0,1.0,0.0,0.0,0.0,1.0,0.0
0.2619047619047619,0.25,0.3333333333333333,0.0,0.0,0.24561403508771928,0.38888888888888884,0.0,1.0,1.0,0.0,0.0,0.0,1.0
0.3095238095238095,0.6785714285714285,0.0,0.6666666666666667,0.6666666666666667,0.42105263157894735,0.05555555555555555,1.0,1.0,0.0,0.0,0.0,1.0,0.0
0.6904761904761905,0.4642857142857143,0.6666666666666667,0.6666666666666667,0.6666666666666667,0.38596491228070173,0.2777777777777778,0.0,0.0,0.0,0.0,0.0,0.0,1.0
0.23809523809523808,0.03571428571428571,0.6666666666666667,0.6666666666666667,0.6666666666666667,0.17543859649122806,0.1111111111111111,0.0,1.0,0.0,0.0,1.0,1.0,0.0
0.6190476190476188,0.7857142857142857,0.3333333333333333,0.6666666666666667,0.3333333333333333,0.5964912280701754,0.16666666666666666,0.0,1.0,1.0,0.0,0.0,1.0,0.0
0.49999999999999994,0.17857142857142855,1.0,0.6666666666666667,0.0,0.2807017543859649,0.1111111111111111,0.0,1.0,1.0,0.0,0.0,0.0,1.0
0.28571428571428564,0.0,0.6666666666666667,0.3333333333333333,0.6666666666666667,0.42105263157894735,0.611111111111111,0.0,1.0,0.0,0.0,1.0,1.0,0.0
0.976190476190476,0.17857142857142855,0.3333333333333333,0.6666666666666667,0.6666666666666667,0.24561403508771928,0.1111111111111111,0.0,0.0,0.0,0.0,0.0,1.0,0.0
0.23809523809523808,0.5,0.0,0.6666666666666667,0.6666666666666667,0.14035087719298245,0.2222222222222222,0.0,1.0,1.0,0.0,0.0,1.0,0.0
0.49999999999999994,0.2857142857142857,0.6666666666666667,0.6666666666666667,0.3333333333333333,0.3157894736842105,0.2777777777777778,0.0,1.0,1.0,0.0,1.0,1.0,0.0
0.7619047619047619,0.25,1.0,0.6666666666666667,0.3333333333333333,0.14035087719298245,0.1111111111111111,0.0,0.0,0.0,1.0,0.0,1.0,0.0
0.6190476190476188,0.9642857142857143,1.0,1.0,1.0,0.8070175438596491,0.6666666666666666,0.0,0.0,0.0,0.0,0.0,0.0,1.0
0.35714285714285715,0.9999999999999999,0.0,0.3333333333333333,0.6666666666666667,0.49122807017543857,0.7222222222222222,1.0,1.0,0.0,0.0,1.0,1.0,0.0
0.7619047619047619,0.35714285714285715,0.6666666666666667,0.6666666666666667,0.3333333333333333,0.7368421052631579,0.2777777777777778,0.0,1.0,0.0,0.0,1.0,1.0,0.0
0.02380952380952378,0.0,0.6666666666666667,0.0,0.0,0.03508771929824561,0.0,1.0,0.0,0.0,1.0,1.0,1.0,0.0
0.5714285714285714,0.8214285714285714,1.0,0.6666666666666667,0.0,0.3508771929824561,0.5555555555555556,0.0,1.0,0.0,0.0,0.0,0.0,1.0
0.4761904761904761,0.4642857142857143,0.6666666666666667,0.6666666666666667,0.3333333333333333,0.3508771929824561,0.5,0.0,0.0,0.0,0.0,0.0,1.0,0.0
0.7619047619047619,0.0,1.0,0.6666666666666667,1.0,1.0,0.38888888888888884,0.0,0.0,0.0,0.0,0.0,1.0,0.0
0.11904761904761901,0.2857142857142857,0.3333333333333333,0.6666666666666667,0.0,0.17543859649122806,0.2222222222222222,0.0,1.0,1.0,0.0,0.0,1.0,0.0
0.2619047619047619,0.07142857142857142,0.3333333333333333,0.6666666666666667,0.6666666666666667,0.21052631578947367,0.3333333333333333,0.0,0.0,0.0,0.0,0.0,1.0,0.0
0.3095238095238095,0.03571428571428571,0.0,0.6666666666666667,0.6666666666666667,0.10526315789473684,0.1111111111111111,0.0,0.0,0.0,1.0,0.0,1.0,0.0
0.35714285714285715,0.03571428571428571,0.6666666666666667,0.6666666666666667,1.0,0.24561403508771928,0.05555555555555555,0.0,1.0,1.0,0.0,1.0,1.0,0.0
0.2619047619047619,0.6785714285714285,1.0,0.6666666666666667,1.0,0.38596491228070173,0.611111111111111,1.0,1.0,1.0,0.0,0.0,1.0,0.0
0.2619047619047619,0.3214285714285714,0.6666666666666667,0.3333333333333333,0.6666666666666667,0.2807017543859649,0.2777777777777778,0.0,0.0,0.0,0.0,1.0,1.0,0.0
0.6428571428571428,0.9999999999999999,0.6666666666666667,0.6666666666666667,1.0,0.3157894736842105,0.3333333333333333,0.0,1.0,0.0,0.0,1.0,1.0,0.0
0.6428571428571428,0.0,0.6666666666666667,1.0,1.0,0.8771929824561403,1.0,0.0,1.0,0.0,0.0,0.0,1.0,0.0
0.42857142857142855,0.17857142857142855,0.0,1.0,0.0,0.3157894736842105,0.16666666666666666,1.0,1.0,1.0,0.0,0.0,0.0,1.0
0.4523809523809524,0.0,0.0,0.3333333333333333,0.6666666666666667,0.24561403508771928,0.38888888888888884,0.0,1.0,0.0,0.0,0.0,1.0,0.0
0.3333333333333333,0.03571428571428571,1.0,0.6666666666666667,0.3333333333333333,0.03508771929824561,0.05555555555555555,0.0,1.0,1.0,0.0,1.0,1.0,0.0
0.14285714285714285,0.2857142857142857,0.3333333333333333,0.6666666666666667,0.0,0.14035087719298245,0.0,1.0,1.0,1.0,0.0,1.0,0.0,1.0
0.23809523809523808,0.25,1.0,0.6666666666666667,1.0,0.17543859649122806,0.2777777777777778,0.0,1.0,0.0,0.0,1.0,1.0,0.0
0.380952380952381,0.5357142857142857,1.0,0.0,0.0,0.17543859649122806,0.2777777777777778,0.0,1.0,0.0,0.0,0.0,0.0,1.0
0.2619047619047619,0.2857142857142857,0.6666666666666667,1.0,0.6666666666666667,0.17543859649122806,0.05555555555555555,0.0,1.0,0.0,0.0,0.0,1.0,0.0
0.6428571428571428,0.8214285714285714,0.3333333333333333,0.6666666666666667,0.3333333333333333,0.21052631578947367,0.3333333333333333,0.0,0.0,0.0,0.0,1.0,1.0,0.0
0.28571428571428564,0.2857142857142857,0.6666666666666667,0.6666666666666667,0.6666666666666667,0.3508771929824561,0.4444444444444444,0.0,1.0,0.0,0.0,1.0,0.0,1.0
0.14285714285714285,0.0,0.3333333333333333,0.6666666666666667,1.0,0.21052631578947367,0.1111111111111111,0.0,1.0,0.0,0.0,0.0,0.0,1.0
0.3095238095238095,0.2857142857142857,0.6666666666666667,0.3333333333333333,0.3333333333333333,0.10526315789473684,0.1111111111111111,0.0,1.0,0.0,0.0,1.0,0.0,1.0
0.857142857142857,0.07142857142857142,1.0,0.6666666666666667,0.0,0.5614035087719298,0.3333333333333333,0.0,0.0,0.0,0.0,0.0,1.0,0.0
0.4523809523809524,0.17857142857142855,0.6666666666666667,0.6666666666666667,1.0,0.24561403508771928,0.2777777777777778,0.0,0.0,0.0,0.0,0.0,1.0,0.0
0.4047619047619047,0.10714285714285714,0.6666666666666667,0.6666666666666667,1.0,0.03508771929824561,0.05555555555555555,0.0,1.0,1.0,0.0,0.0,1.0,0.0
0.9999999999999998,0.0,0.6666666666666667,0.0,1.0,0.6666666666666666,0.05555555555555555,0.0,1.0,0.0,0.0,0.0,1.0,0.0
0.42857142857142855,0.17857142857142855,0.6666666666666667,0.0,0.6666666666666667,0.24561403508771928,0.38888888888888884,0.0,1.0,1.0,0.0,0.0,1.0,0.0
0.49999999999999994,0.8214285714285714,0.3333333333333333,0.3333333333333333,1.0,0.7368421052631579,1.0,0.0,0.0,0.0,0.0,0.0,1.0,0.0
0.2619047619047619,0.5,1.0,0.3333333333333333,0.6666666666666667,0.3508771929824561,0.5,0.0,1.0,1.0,0.0,1.0,0.0,1.0
0.21428571428571425,0.07142857142857142,0.0,0.3333333333333333,1.0,0.17543859649122806,0.2222222222222222,0.0,1.0,0.0,0.0,1.0,1.0,0.0
0.4761904761904761,0.3214285714285714,0.6666666666666667,0.3333333333333333,0.6666666666666667,0.3157894736842105,0.4444444444444444,0.0,0.0,0.0,0.0,0.0,0.0,1.0
0.5714285714285714,0.8928571428571428,0.0,0.6666666666666667,0.0,0.7017543859649122,0.05555555555555555,1.0,1.0,0.0,0.0,0.0,0.0,1.0
0.976190476190476,0.07142857142857142,0.6666666666666667,1.0,0.0,0.42105263157894735,0.05555555555555555,0.0,1.0,1.0,0.0,0.0,0.0,1.0
0.5714285714285714,0.03571428571428571,1.0,0.6666666666666667,0.0,0.8070175438596491,1.0,0.0,1.0,0.0,0.0,0.0,1.0,0.0
0.19047619047619052,0.7142857142857143,0.0,0.6666666666666667,0.6666666666666667,0.03508771929824561,0.05555555555555555,0.0,1.0,1.0,0.0,0.0,1.0,0.0
0.5476190476190477,0.17857142857142855,1.0,0.3333333333333333,0.3333333333333333,0.2807017543859649,0.2777777777777778,0.0,1.0,0.0,0.0,1.0,0.0,1.0
0.4047619047619047,0.75,1.0,0.0,0.6666666666666667,0.21052631578947367,0.2777777777777778,0.0,1.0,1.0,0.0,1.0,1.0,0.0
0.9285714285714284,0.0,1.0,0.6666666666666667,0.6666666666666667,0.5263157894736842,0.16666666666666666,0.0,1.0,0.0,0.0,0.0,1.0,0.0
0.3095238095238095,0.8214285714285714,0.6666666666666667,0.3333333333333333,0.0,0.3508771929824561,0.5555555555555556,0.0,1.0,0.0,0.0,1.0,1.0,0.0
0.976190476190476,0.03571428571428571,0.6666666666666667,0.3333333333333333,1.0,1.0,0.16666666666666666,0.0,0.0,0.0,0.0,0.0,1.0,0.0
0.380952380952381,0.2857142857142857,1.0,0.6666666666666667,1.0,0.3508771929824561,0.5,0.0,1.0,0.0,0.0,0.0,1.0,0.0
0.5238095238095237,0.6428571428571428,0.6666666666666667,0.6666666666666667,1.0,0.5263157894736842,0.38888888888888884,0.0,1.0,1.0,0.0,0.0,0.0,1.0
0.380952380952381,0.07142857142857142,0.0,0.6666666666666667,1.0,0.24561403508771928,0.3333333333333333,1.0,1.0,0.0,0.0,1.0,1.0,0.0
0.5476190476190477,0.2857142857142857,0.0,0.6666666666666667,0.6666666666666667,0.7368421052631579,1.0,1.0,1.0,0.0,0.0,0.0,1.0,0.0
0.4047619047619047,0.10714285714285714,1.0,0.6666666666666667,0.0,0.3157894736842105,0.4444444444444444,0.0,0.0,0.0,0.0,1.0,0.0,1.0
0.4047619047619047,0.75,0.3333333333333333,1.0,0.3333333333333333,0.3508771929824561,0.38888888888888884,0.0,1.0,0.0,0.0,0.0,1.0,0.0
0.4047619047619047,0.6071428571428571,0.6666666666666667,0.6666666666666667,0.6666666666666667,0.17543859649122806,0.2777777777777778,0.0,0.0,0.0,0.0,0.0,1.0,0.0
0.16666666666666669,0.14285714285714285,0.3333333333333333,1.0,0.0,0.21052631578947367,0.3333333333333333,0.0,1.0,0.0,0.0,0.0,1.0,0.0
0.7380952380952379,0.14285714285714285,0.0,0.6666666666666667,0.6666666666666667,0.7017543859649122,0.16666666666666666,0.0,1.0,0.0,0.0,0.0,1.0,0.0
0.42857142857142855,0.3214285714285714,0.3333333333333333,0.3333333333333333,0.6666666666666667,0.3508771929824561,0.5555555555555556,0.0,0.0,0.0,0.0,0.0,0.0,1.0
0.19047619047619052,0.8214285714285714,0.6666666666666667,0.0,1.0,0.03508771929824561,0.05555555555555555,0.0,1.0,1.0,0.0,1.0,0.0,1.0
0.9523809523809523,0.3214285714285714,1.0,0.6666666666666667,0.6666666666666667,1.0,1.0,0.0,0.0,0.0,0.0,1.0,1.0,0.0
0.21428571428571425,0.6785714285714285,1.0,0.6666666666666667,0.6666666666666667,0.24561403508771928,0.38888888888888884,1.0,0.0,0.0,0.0,1.0,1.0,0.0
0.5714285714285714,0.2142857142857143,0.3333333333333333,1.0,0.3333333333333333,0.631578947368421,0.05555555555555555,0.0,1.0,0.0,0.0,0.0,0.0,1.0
0.2619047619047619,0.03571428571428571,0.0,0.3333333333333333,0.3333333333333333,0.3508771929824561,0.0,0.0,0.0,0.0,0.0,0.0,1.0,0.0
0.21428571428571425,0.03571428571428571,0.0,0.6666666666666667,1.0,0.14035087719298245,0.16666666666666666,0.0,1.0,0.0,0.0,0.0,1.0,0.0
0.5714285714285714,0.42857142857142855,0.3333333333333333,1.0,0.0,0.3508771929824561,0.0,0.0,1.0,0.0,0.0,0.0,1.0,0.0
0.28571428571428564,0.2142857142857143,1.0,0.6666666666666667,0.3333333333333333,0.14035087719298245,0.16666666666666666,0.0,0.0,0.0,1.0,1.0,1.0,0.0
0.047619047619047616,0.0,1.0,0.3333333333333333,0.3333333333333333,0.03508771929824561,0.05555555555555555,0.0,1.0,0.0,0.0,1.0,1.0,0.0
0.3333333333333333,0.03571428571428571,1.0,0.6666666666666667,1.0,0.2807017543859649,0.38888888888888884,1.0,1.0,1.0,0.0,1.0,1.0,0.0
0.07142857142857145,0.3214285714285714,0.0,0.3333333333333333,0.6666666666666667,0.07017543859649122,0.1111111111111111,1.0,1.0,1.0,0.0,1.0,1.0,0.0
0.21428571428571425,0.03571428571428571,1.0,0.0,1.0,0.2807017543859649,0.3333333333333333,1.0,0.0,0.0,0.0,1.0,1.0,0.0
0.0,0.14285714285714285,0.3333333333333333,0.6666666666666667,0.3333333333333333,0.0,0.0,1.0,0.0,0.0,1.0,1.0,0.0,1.0
0.0,0.07142857142857142,0.6666666666666667,0.6666666666666667,0.6666666666666667,0.0,0.0,0.0,1.0,1.0,0.0,1.0,1.0,0.0
0.28571428571428564,0.10714285714285714,0.6666666666666667,0.3333333333333333,0.3333333333333333,0.38596491228070173,0.611111111111111,0.0,0.0,0.0,0.0,0.0,0.0,1.0
0.5476190476190477,0.2857142857142857,0.6666666666666667,0.6666666666666667,0.0,0.17543859649122806,0.2777777777777778,0.0,1.0,1.0,0.0,0.0,1.0,0.0
0.23809523809523808,0.0,0.0,0.6666666666666667,0.6666666666666667,0.17543859649122806,0.16666666666666666,1.0,0.0,0.0,1.0,0.0,1.0,0.0
0.28571428571428564,0.0,1.0,0.3333333333333333,1.0,0.3508771929824561,0.5555555555555556,0.0,1.0,1.0,0.0,0.0,0.0,1.0
0.07142857142857145,0.3214285714285714,0.6666666666666667,0.3333333333333333,0.0,0.03508771929824561,0.05555555555555555,0.0,1.0,1.0,0.0,1.0,1.0,0.0
0.42857142857142855,0.5,0.0,0.6666666666666667,0.6666666666666667,0.3157894736842105,0.05555555555555555,0.0,1.0,1.0,0.0,0.0,1.0,0.0
0.3333333333333333,0.25,0.3333333333333333,0.6666666666666667,1.0,0.3157894736842105,0.5,1.0,0.0,0.0,0.0,1.0,1.0,0.0
0.4761904761904761,0.3214285714285714,0.6666666666666667,0.6666666666666667,0.6666666666666667,0.10526315789473684,0.1111111111111111,1.0,1.0,0.0,0.0,0.0,1.0,0.0
0.3333333333333333,0.0,0.6666666666666667,0.6666666666666667,1.0,0.49122807017543857,0.7777777777777777,0.0,0.0,0.0,0.0,0.0,1.0,0.0
0.21428571428571425,0.14285714285714285,1.0,0.6666666666666667,1.0,0.21052631578947367,0.2777777777777778,1.0,1.0,1.0,0.0,1.0,0.0,1.0
0.2619047619047619,0.3214285714285714,1.0,0.3333333333333333,0.3333333333333333,0.24561403508771928,0.38888888888888884,0.0,0.0,0.0,0.0,0.0,0.0,1.0
0.2619047619047619,0.03571428571428571,0.6666666666666667,0.6666666666666667,0.3333333333333333,0.21052631578947367,0.2777777777777778,0.0,1.0,0.0,0.0,0.0,1.0,0.0
0.35714285714285715,0.2142857142857143,0.6666666666666667,0.6666666666666667,0.6666666666666667,0.49122807017543857,0.7222222222222222,0.0,1.0,0.0,0.0,0.0,1.0,0.0
0.7619047619047619,0.2857142857142857,0.6666666666666667,0.6666666666666667,0.6666666666666667,0.9473684210526315,0.05555555555555555,0.0,0.0,0.0,0.0,0.0,0.0,1.0
0.3333333333333333,0.0,0.0,0.6666666666666667,1.0,0.3157894736842105,0.5,0.0,1.0,0.0,0.0,0.0,0.0,1.0
0.42857142857142855,0.3214285714285714,1.0,0.6666666666666667,0.0,0.5263157894736842,0.6666666666666666,0.0,1.0,0.0,0.0,0.0,0.0,1.0
0.42857142857142855,0.8928571428571428,0.0,0.6666666666666667,0.6666666666666667,0.3508771929824561,0.16666666666666666,0.0,1.0,0.0,0.0,0.0,1.0,0.0
0.4761904761904761,0.2142857142857143,0.0,1.0,0.0,0.2807017543859649,0.4444444444444444,0.0,0.0,0.0,0.0,0.0,0.0,1.0
0.8809523809523809,0.42857142857142855,0.0,1.0,0.6666666666666667,0.8421052631578947,1.0,0.0,0.0,0.0,0.0,1.0,0.0,1.0
0.28571428571428564,0.14285714285714285,1.0,0.6666666666666667,0.0,0.2807017543859649,0.16666666666666666,0.0,1.0,0.0,0.0,0.0,1.0,0.0
0.6428571428571428,0.03571428571428571,0.0,0.3333333333333333,1.0,0.7719298245614035,1.0,0.0,1.0,0.0,0.0,0.0,1.0,0.0
0.4523809523809524,0.4642857142857143,1.0,0.6666666666666667,0.0,0.631578947368421,1.0,0.0,1.0,1.0,0.0,0.0,1.0,0.0
0.7857142857142856,0.03571428571428571,1.0,0.0,0.3333333333333333,0.45614035087719296,0.2222222222222222,0.0,1.0,0.0,0.0,0.0,1.0,0.0
0.28571428571428564,0.9999999999999999,0.6666666666666667,0.6666666666666667,0.0,0.2807017543859649,0.2222222222222222,0.0,0.0,0.0,0.0,0.0,1.0,0.0
0.2619047619047619,0.9285714285714285,0.3333333333333333,0.6666666666666667,1.0,0.3508771929824561,0.5555555555555556,0.0,0.0,0.0,0.0,0.0,1.0,0.0
0.3333333333333333,0.03571428571428571,0.6666666666666667,0.6666666666666667,0.3333333333333333,0.14035087719298245,0.16666666666666666,0.0,0.0,0.0,0.0,0.0,0.0,1.0
0.49999999999999994,0.6428571428571428,1.0,0.6666666666666667,1.0,0.24561403508771928,0.1111111111111111,0.0,1.0,0.0,0.0,0.0,1.0,0.0
0.4523809523809524,0.10714285714285714,0.6666666666666667,0.6666666666666667,0.6666666666666667,0.2807017543859649,0.3333333333333333,0.0,1.0,0.0,0.0,0.0,0.0,1.0
0.42857142857142855,0.2142857142857143,0.3333333333333333,0.6666666666666667,1.0,0.2807017543859649,0.3333333333333333,0.0,1.0,0.0,0.0,1.0,1.0,0.0
0.4761904761904761,0.0,1.0,0.6666666666666667,0.0,0.5263157894736842,0.8333333333333333,0.0,1.0,0.0,0.0,0.0,1.0,0.0
0.7142857142857142,0.2142857142857143,0.6666666666666667,0.6666666666666667,0.0,0.5263157894736842,0.1111111111111111,0.0,0.0,0.0,0.0,0.0,1.0,0.0
0.19047619047619052,0.0,0.0,0.0,1.0,0.17543859649122806,0.1111111111111111,1.0,1.0,1.0,0.0,0.0,1.0,0.0
0.35714285714285715,0.4642857142857143,1.0,0.6666666666666667,0.3333333333333333,0.2807017543859649,0.4444444444444444,0.0,1.0,0.0,0.0,0.0,1.0,0.0
0.9285714285714284,0.8214285714285714,0.6666666666666667,1.0,1.0,0.42105263157894735,0.2777777777777778,0.0,1.0,0.0,0.0,0.0,0.0,1.0
0.4761904761904761,0.03571428571428571,1.0,0.3333333333333333,0.3333333333333333,0.14035087719298245,0.2222222222222222,1.0,1.0,1.0,0.0,1.0,1.0,0.0
0.5714285714285714,0.3214285714285714,0.6666666666666667,0.6666666666666667,0.0,0.7368421052631579,1.0,0.0,0.0,0.0,0.0,0.0,1.0,0.0
0.42857142857142855,0.07142857142857142,0.0,0.3333333333333333,1.0,0.5614035087719298,0.7222222222222222,1.0,0.0,0.0,0.0,0.0,1.0,0.0
0.7857142857142856,0.2857142857142857,1.0,0.6666666666666667,0.3333333333333333,1.0,1.0,1.0,0.0,0.0,0.0,0.0,0.0,1.0
0.6428571428571428,0.2142857142857143,0.0,0.6666666666666667,0.0,0.8421052631578947,1.0,1.0,1.0,1.0,0.0,0.0,1.0,0.0
0.5238095238095237,0.03571428571428571,0.6666666666666667,0.3333333333333333,0.6666666666666667,0.2807017543859649,0.1111111111111111,0.0,1.0,0.0,0.0,1.0,1.0,0.0
0.5952380952380951,0.2857142857142857,0.0,0.0,0.6666666666666667,0.24561403508771928,0.2222222222222222,0.0,0.0,0.0,0.0,1.0,1.0,0.0
0.4047619047619047,0.7857142857142857,0.6666666666666667,0.6666666666666667,0.0,0.14035087719298245,0.1111111111111111,0.0,1.0,1.0,0.0,0.0,0.0,1.0
0.19047619047619052,0.10714285714285714,0.6666666666666667,0.6666666666666667,1.0,0.2807017543859649,0.4444444444444444,0.0,1.0,0.0,0.0,1.0,0.0,1.0
0.3095238095238095,0.8214285714285714,1.0,0.6666666666666667,1.0,0.3157894736842105,0.2777777777777778,1.0,1.0,0.0,0.0,1.0,1.0,0.0
0.4523809523809524,0.3214285714285714,0.6666666666666667,1.0,1.0,0.5614035087719298,0.8888888888888888,0.0,1.0,0.0,0.0,0.0,0.0,1.0
0.380952380952381,0.5,0.6666666666666667,0.6666666666666667,0.0,0.3508771929824561,0.5555555555555556,0.0,0.0,0.0,0.0,1.0,1.0,0.0
0.8333333333333333,0.2142857142857143,0.6666666666666667,1.0,0.6666666666666667,1.0,0.2777777777777778,0.0,1.0,0.0,0.0,0.0,1.0,0.0
0.5238095238095237,0.2142857142857143,0.3333333333333333,0.6666666666666667,0.3333333333333333,0.7368421052631579,1.0,0.0,0.0,0.0,0.0,1.0,1.0,0.0
0.6904761904761905,0.2857142857142857,0.6666666666666667,0.0,0.6666666666666667,0.8771929824561403,1.0,1.0,0.0,0.0,0.0,0.0,1.0,0.0
0.28571428571428564,0.8571428571428571,1.0,0.6666666666666667,0.6666666666666667,0.14035087719298245,0.1111111111111111,0.0,0.0,0.0,0.0,0.0,0.0,1.0
0.3095238095238095,0.2142857142857143,0.3333333333333333,0.3333333333333333,0.6666666666666667,0.45614035087719296,0.38888888888888884,0.0,0.0,0.0,1.0,0.0,1.0,0.0
0.8095238095238095,0.07142857142857142,0.6666666666666667,0.3333333333333333,0.0,1.0,1.0,0.0,0.0,0.0,0.0,0.0,1.0,0.0
0.19047619047619052,0.0,0.6666666666666667,0.6666666666666667,0.3333333333333333,0.21052631578947367,0.3333333333333333,1.0,1.0,0.0,0.0,0.0,1.0,0.0
0.6190476190476188,0.0,0.0,0.6666666666666667,1.0,0.49122807017543857,0.5555555555555556,1.0,0.0,0.0,0.0,0.0,0.0,1.0
0.6428571428571428,0.2857142857142857,1.0,0.6666666666666667,0.0,0.631578947368421,0.2777777777777778,0.0,0.0,0.0,0.0,0.0,0.0,1.0
0.047619047619047616,0.35714285714285715,1.0,0.3333333333333333,0.0,0.03508771929824561,0.05555555555555555,0.0,1.0,0.0,0.0,1.0,0.0,1.0
0.23809523809523808,0.7142857142857143,0.6666666666666667,0.6666666666666667,1.0,0.17543859649122806,0.2777777777777778,0.0,1.0,0.0,0.0,0.0,1.0,0.0
0.49999999999999994,0.7142857142857143,0.0,0.3333333333333333,1.0,0.2807017543859649,0.2777777777777778,0.0,0.0,0.0,0.0,0.0,0.0,1.0
0.4523809523809524,0.6428571428571428,0.6666666666666667,0.6666666666666667,0.6666666666666667,0.3157894736842105,0.2222222222222222,0.0,1.0,0.0,0.0,0.0,1.0,0.0
0.3095238095238095,0.14285714285714285,0.0,0.6666666666666667,1.0,0.3508771929824561,0.5555555555555556,0.0,0.0,0.0,0.0,0.0,1.0,0.0
0.380952380952381,0.03571428571428571,0.6666666666666667,0.3333333333333333,0.0,0.21052631578947367,0.3333333333333333,0.0,1.0,0.0,0.0,1.0,1.0,0.0
0.4523809523809524,0.0,0.3333333333333333,0.6666666666666667,0.3333333333333333,0.2807017543859649,0.3333333333333333,0.0,1.0,0.0,0.0,0.0,1.0,0.0
0.23809523809523808,0.0,1.0,0.6666666666666667,0.0,0.17543859649122806,0.16666666666666666,0.0,1.0,0.0,0.0,1.0,1.0,0.0
0.3095238095238095,0.14285714285714285,0.6666666666666667,0.6666666666666667,1.0,0.21052631578947367,0.2777777777777778,0.0,1.0,0.0,0.0,0.0,0.0,1.0
0.7619047619047619,0.9642857142857143,1.0,0.6666666666666667,0.0,0.8771929824561403,0.16666666666666666,0.0,1.0,0.0,0.0,0.0,0.0,1.0
0.5952380952380951,0.5714285714285714,0.6666666666666667,0.3333333333333333,0.6666666666666667,0.21052631578947367,0.05555555555555555,1.0,1.0,0.0,0.0,0.0,0.0,1.0
0.21428571428571425,0.03571428571428571,0.6666666666666667,0.6666666666666667,0.0,0.17543859649122806,0.2222222222222222,0.0,0.0,0.0,1.0,0.0,1.0,0.0
0.6428571428571428,0.10714285714285714,0.6666666666666667,0.6666666666666667,0.0,0.3157894736842105,0.2777777777777778,0.0,0.0,0.0,0.0,0.0,0.0,1.0
0.857142857142857,0.8928571428571428,1.0,1.0,1.0,0.8070175438596491,0.2777777777777778,0.0,0.0,0.0,0.0,1.0,0.0,1.0
0.4047619047619047,0.35714285714285715,1.0,0.6666666666666667,0.6666666666666667,0.17543859649122806,0.1111111111111111,0.0,1.0,1.0,0.0,0.0,0.0,1.0
0.28571428571428564,0.25,0.6666666666666667,0.6666666666666667,0.6666666666666667,0.3508771929824561,0.4444444444444444,0.0,0.0,0.0,0.0,0.0,1.0,0.0
0.09523809523809518,0.8928571428571428,0.3333333333333333,0.3333333333333333,0.6666666666666667,0.14035087719298245,0.2222222222222222,0.0,1.0,0.0,0.0,0.0,0.0,1.0
0.8809523809523809,0.8928571428571428,0.6666666666666667,1.0,0.3333333333333333,1.0,0.5555555555555556,0.0,0.0,0.0,0.0,0.0,0.0,1.0
0.857142857142857,0.2142857142857143,1.0,0.6666666666666667,1.0,0.49122807017543857,0.38888888888888884,0.0,1.0,0.0,0.0,0.0,1.0,0.0
0.3095238095238095,0.0,0.6666666666666667,0.0,0.6666666666666667,0.21052631578947367,0.2777777777777778,0.0,1.0,0.0,0.0,0.0,1.0,0.0
0.047619047619047616,0.03571428571428571,0.6666666666666667,0.3333333333333333,0.6666666666666667,0.07017543859649122,0.1111111111111111,0.0,0.0,0.0,1.0,1.0,1.0,0.0
0.7380952380952379,0.25,0.6666666666666667,0.3333333333333333,0.3333333333333333,0.3508771929824561,0.5555555555555556,1.0,1.0,0.0,0.0,0.0,1.0,0.0
0.4523809523809524,0.8571428571428571,0.3333333333333333,0.6666666666666667,0.6666666666666667,0.5263157894736842,0.7222222222222222,0.0,1.0,0.0,0.0,0.0,0.0,1.0
0.16666666666666669,0.03571428571428571,1.0,0.6666666666666667,0.6666666666666667,0.24561403508771928,0.1111111111111111,0.0,1.0,1.0,0.0,0.0,0.0,1.0
0.2619047619047619,0.07142857142857142,0.3333333333333333,0.6666666666666667,0.0,0.3508771929824561,0.5555555555555556,0.0,1.0,1.0,0.0,1.0,0.0,1.0
0.23809523809523808,0.07142857142857142,0.3333333333333333,0.6666666666666667,0.3333333333333333,0.03508771929824561,0.05555555555555555,0.0,0.0,0.0,1.0,0.0,1.0,0.0
0.5476190476190477,0.4642857142857143,0.0,0.6666666666666667,0.6666666666666667,0.45614035087719296,0.5,0.0,1.0,0.0,0.0,0.0,1.0,0.0
0.3095238095238095,0.6785714285714285,1.0,0.6666666666666667,0.6666666666666667,0.3157894736842105,0.5,0.0,0.0,0.0,0.0,0.0,1.0,0.0
0.28571428571428564,0.5357142857142857,1.0,0.6666666666666667,0.6666666666666667,0.14035087719298245,0.1111111111111111,0.0,0.0,0.0,0.0,0.0,1.0,0.0
0.42857142857142855,0.6071428571428571,0.3333333333333333,0.6666666666666667,1.0,0.2807017543859649,0.4444444444444444,1.0,1.0,1.0,0.0,1.0,1.0,0.0
0.857142857142857,0.07142857142857142,1.0,0.6666666666666667,1.0,1.0,0.5555555555555556,0.0,1.0,0.0,0.0,0.0,1.0,0.0
0.4761904761904761,0.03571428571428571,1.0,0.6666666666666667,0.3333333333333333,0.3508771929824561,0.05555555555555555,0.0,0.0,0.0,0.0,1.0,1.0,0.0
0.4761904761904761,0.03571428571428571,1.0,0.6666666666666667,0.6666666666666667,0.49122807017543857,0.05555555555555555,0.0,1.0,0.0,0.0,0.0,1.0,0.0
0.4761904761904761,0.7857142857142857,1.0,0.3333333333333333,0.6666666666666667,0.3508771929824561,0.5,1.0,1.0,0.0,0.0,1.0,1.0,0.0
0.23809523809523808,0.6428571428571428,1.0,0.3333333333333333,0.0,0.21052631578947367,0.3333333333333333,0.0,1.0,1.0,0.0,0.0,1.0,0.0
0.380952380952381,0.0,0.3333333333333333,1.0,1.0,0.5614035087719298,0.8333333333333333,0.0,0.0,0.0,0.0,0.0,1.0,0.0
0.42857142857142855,0.0,1.0,0.6666666666666667,1.0,0.24561403508771928,0.05555555555555555,0.0,0.0,0.0,0.0,1.0,1.0,0.0
0.2619047619047619,0.8214285714285714,1.0,0.3333333333333333,1.0,0.03508771929824561,0.05555555555555555,1.0,1.0,0.0,0.0,1.0,0.0,1.0
0.857142857142857,0.6785714285714285,1.0,0.6666666666666667,0.6666666666666667,0.7017543859649122,0.2222222222222222,1.0,1.0,0.0,0.0,1.0,1.0,0.0
0.42857142857142855,0.6071428571428571,0.6666666666666667,1.0,1.0,0.14035087719298245,0.05555555555555555,1.0,1.0,1.0,0.0,0.0,1.0,0.0
0.42857142857142855,0.35714285714285715,0.3333333333333333,0.3333333333333333,1.0,0.2807017543859649,0.3333333333333333,0.0,0.0,0.0,0.0,0.0,1.0,0.0
0.3333333333333333,0.0,1.0,0.6666666666666667,0.0,0.3157894736842105,0.3333333333333333,0.0,1.0,0.0,0.0,0.0,1.0,0.0
0.9999999999999998,0.5357142857142857,0.0,0.6666666666666667,0.0,0.3508771929824561,0.1111111111111111,0.0,0.0,0.0,0.0,1.0,1.0,0.0
0.35714285714285715,0.25,1.0,1.0,0.0,0.49122807017543857,0.5555555555555556,0.0,1.0,0.0,0.0,0.0,1.0,0.0
0.4761904761904761,0.0,1.0,0.6666666666666667,1.0,0.6666666666666666,0.7222222222222222,1.0,1.0,0.0,0.0,0.0,1.0,0.0
0.2619047619047619,0.5,0.3333333333333333,0.0,1.0,0.21052631578947367,0.2777777777777778,0.0,1.0,0.0,0.0,0.0,0.0,1.0
0.8333333333333333,0.0,1.0,0.6666666666666667,0.0,0.631578947368421,0.7777777777777777,0.0,0.0,0.0,0.0,1.0,1.0,0.0
0.8809523809523809,0.6785714285714285,0.3333333333333333,0.6666666666666667,1.0,0.42105263157894735,0.5555555555555556,0.0,1.0,1.0,0.0,0.0,0.0,1.0
0.7619047619047619,0.3214285714285714,1.0,0.3333333333333333,1.0,0.7017543859649122,0.2222222222222222,0.0,1.0,0.0,0.0,1.0,1.0,0.0
0.4047619047619047,0.25,1.0,1.0,1.0,0.03508771929824561,0.05555555555555555,0.0,1.0,1.0,0.0,0.0,1.0,0.0
0.6666666666666665,0.3214285714285714,0.6666666666666667,0.6666666666666667,0.3333333333333333,0.49122807017543857,0.4444444444444444,0.0,0.0,0.0,0.0,0.0,1.0,0.0
0.11904761904761901,0.25,1.0,0.3333333333333333,0.6666666666666667,0.17543859649122806,0.2777777777777778,0.0,1.0,1.0,0.0,1.0,0.0,1.0
0.857142857142857,0.03571428571428571,0.0,0.6666666666666667,0.6666666666666667,0.5614035087719298,0.2222222222222222,0.0,1.0,0.0,0.0,0.0,1.0,0.0
0.16666666666666669,0.6428571428571428,0.6666666666666667,0.3333333333333333,0.3333333333333333,0.03508771929824561,0.05555555555555555,0.0,0.0,0.0,1.0,0.0,0.0,1.0
0.23809523809523808,0.2857142857142857,1.0,0.6666666666666667,1.0,0.17543859649122806,0.2777777777777778,0.0,1.0,0.0,0.0,0.0,1.0,0.0
0.9047619047619047,0.2142857142857143,1.0,0.0,1.0,1.0,0.3333333333333333,0.0,1.0,0.0,0.0,1.0,1.0,0.0
0.6190476190476188,0.3214285714285714,0.6666666666666667,0.6666666666666667,0.6666666666666667,0.21052631578947367,0.3333333333333333,0.0,1.0,0.0,0.0,1.0,0.0,1.0
0.6428571428571428,0.2142857142857143,0.0,1.0,0.6666666666666667,0.3157894736842105,0.16666666666666666,1.0,1.0,0.0,0.0,0.0,1.0,0.0
0.4761904761904761,0.3214285714285714,0.6666666666666667,0.6666666666666667,1.0,0.21052631578947367,0.2777777777777778,0.0,0.0,0.0,0.0,1.0,0.0,1.0
0.7142857142857142,0.5,0.6666666666666667,0.6666666666666667,0.0,0.3508771929824561,0.4444444444444444,0.0,1.0,0.0,0.0,0.0,1.0,0.0
0.35714285714285715,0.25,0.6666666666666667,0.6666666666666667,0.6666666666666667,0.21052631578947367,0.2777777777777778,0.0,0.0,0.0,0.0,0.0,1.0,0.0
0.5238095238095237,0.14285714285714285,1.0,0.3333333333333333,0.0,0.7017543859649122,1.0,1.0,0.0,0.0,0.0,0.0,0.0,1.0
0.4761904761904761,0.9999999999999999,0.3333333333333333,0.6666666666666667,0.0,0.5964912280701754,0.05555555555555555,0.0,1.0,0.0,0.0,0.0,0.0,1.0
0.5476190476190477,0.07142857142857142,0.6666666666666667,0.3333333333333333,0.3333333333333333,0.49122807017543857,0.2777777777777778,0.0,0.0,0.0,0.0,0.0,1.0,0.0
0.49999999999999994,0.07142857142857142,0.6666666666666667,0.3333333333333333,0.6666666666666667,0.38596491228070173,0.5555555555555556,0.0,1.0,1.0,0.0,0.0,1.0,0.0
0.5476190476190477,0.3214285714285714,0.6666666666666667,0.0,0.3333333333333333,0.6666666666666666,1.0,0.0,0.0,0.0,0.0,1.0,1.0,0.0
0.35714285714285715,0.5714285714285714,1.0,0.6666666666666667,0.6666666666666667,0.3508771929824561,0.5555555555555556,0.0,0.0,0.0,0.0,1.0,1.0,0.0
0.14285714285714285,0.2142857142857143,0.0,0.6666666666666667,0.6666666666666667,0.21052631578947367,0.3333333333333333,1.0,1.0,1.0,0.0,0.0,0.0,1.0
0.4761904761904761,0.0,0.6666666666666667,0.6666666666666667,0.6666666666666667,0.3508771929824561,0.05555555555555555,0.0,1.0,0.0,0.0,1.0,0.0,1.0
0.42857142857142855,0.25,0.0,0.3333333333333333,0.0,0.21052631578947367,0.2777777777777778,0.0,0.0,0.0,0.0,0.0,1.0,0.0
0.2619047619047619,0.0,0.3333333333333333,0.6666666666666667,1.0,0.38596491228070173,0.611111111111111,1.0,0.0,0.0,0.0,0.0,1.0,0.0
0.35714285714285715,0.42857142857142855,0.3333333333333333,0.6666666666666667,1.0,0.17543859649122806,0.16666666666666666,0.0,1.0,0.0,0.0,1.0,1.0,0.0
0.2619047619047619,0.07142857142857142,0.3333333333333333,0.3333333333333333,0.6666666666666667,0.3508771929824561,0.5555555555555556,0.0,1.0,0.0,0.0,0.0,1.0,0.0
0.4523809523809524,0.17857142857142855,0.6666666666666667,0.6666666666666667,0.0,0.24561403508771928,0.16666666666666666,0.0,0.0,0.0,0.0,0.0,0.0,1.0
0.4761904761904761,0.5,0.6666666666666667,0.3333333333333333,1.0,0.42105263157894735,0.611111111111111,0.0,1.0,0.0,0.0,0.0,0.0,1.0
0.6428571428571428,0.0,0.6666666666666667,0.3333333333333333,0.6666666666666667,0.8771929824561403,1.0,0.0,1.0,0.0,0.0,0.0,1.0,0.0
0.14285714285714285,0.2857142857142857,0.6666666666666667,0.3333333333333333,0.3333333333333333,0.03508771929824561,0.05555555555555555,0.0,1.0,1.0,0.0,0.0,1.0,0.0
0.42857142857142855,0.03571428571428571,0.6666666666666667,0.6666666666666667,0.6666666666666667,0.5614035087719298,0.611111111111111,0.0,1.0,1.0,0.0,1.0,1.0,0.0
0.14285714285714285,0.35714285714285715,0.0,1.0,0.6666666666666667,0.17543859649122806,0.2222222222222222,0.0,1.0,0.0,0.0,0.0,1.0,0.0
0.4047619047619047,0.2857142857142857,1.0,0.3333333333333333,0.6666666666666667,0.5964912280701754,0.9444444444444444,0.0,1.0,0.0,0.0,0.0,0.0,1.0
0.8095238095238095,0.8571428571428571,0.6666666666666667,0.3333333333333333,1.0,1.0,0.5,1.0,1.0,0.0,0.0,0.0,1.0,0.0
0.857142857142857,0.6428571428571428,1.0,0.6666666666666667,0.0,0.3157894736842105,0.2777777777777778,0.0,1.0,0.0,0.0,0.0,0.0,1.0
0.6428571428571428,0.2142857142857143,0.3333333333333333,0.6666666666666667,0.0,0.8771929824561403,0.05555555555555555,0.0,1.0,0.0,0.0,0.0,1.0,0.0
0.49999999999999994,0.3214285714285714,0.3333333333333333,0.6666666666666667,0.0,0.3508771929824561,0.38888888888888884,0.0,1.0,0.0,0.0,0.0,1.0,0.0
0.6428571428571428,0.03571428571428571,1.0,0.6666666666666667,0.3333333333333333,0.3157894736842105,0.4444444444444444,0.0,0.0,0.0,0.0,0.0,1.0,0.0
0.4047619047619047,0.8571428571428571,1.0,0.6666666666666667,0.3333333333333333,0.3508771929824561,0.5555555555555556,1.0,1.0,0.0,0.0,0.0,0.0,1.0
0.49999999999999994,0.3214285714285714,0.6666666666666667,0.6666666666666667,0.0,0.7368421052631579,1.0,0.0,1.0,0.0,0.0,0.0,0.0,1.0
0.380952380952381,0.0,0.3333333333333333,0.3333333333333333,1.0,0.21052631578947367,0.3333333333333333,0.0,1.0,0.0,0.0,0.0,0.0,1.0
0.6428571428571428,0.17857142857142855,1.0,0.3333333333333333,1.0,0.8070175438596491,1.0,0.0,0.0,0.0,0.0,1.0,1.0,0.0
0.16666666666666669,0.03571428571428571,0.6666666666666667,0.6666666666666667,0.3333333333333333,0.21052631578947367,0.1111111111111111,0.0,0.0,0.0,0.0,0.0,1.0,0.0
0.4523809523809524,0.0,0.0,0.6666666666666667,1.0,0.5263157894736842,0.2777777777777778,0.0,1.0,0.0,0.0,0.0,0.0,1.0
0.09523809523809518,0.25,0.6666666666666667,0.6666666666666667,0.0,0.03508771929824561,0.05555555555555555,0.0,1.0,1.0,0.0,0.0,0.0,1.0
0.6428571428571428,0.14285714285714285,0.6666666666666667,0.0,0.0,0.3508771929824561,0.5555555555555556,0.0,1.0,1.0,0.0,1.0,0.0,1.0
0.5714285714285714,0.03571428571428571,1.0,0.6666666666666667,1.0,0.8421052631578947,1.0,1.0,1.0,0.0,0.0,0.0,0.0,1.0
0.380952380952381,0.9285714285714285,1.0,0.6666666666666667,0.3333333333333333,0.3157894736842105,0.16666666666666666,0.0,1.0,0.0,0.0,1.0,1.0,0.0
0.380952380952381,0.25,0.3333333333333333,0.6666666666666667,0.0,0.24561403508771928,0.0,0.0,1.0,0.0,0.0,0.0,1.0,0.0
0.7380952380952379,0.0,0.6666666666666667,0.6666666666666667,0.6666666666666667,0.8070175438596491,0.4444444444444444,0.0,1.0,0.0,0.0,1.0,1.0,0.0
0.42857142857142855,0.25,0.6666666666666667,0.6666666666666667,0.6666666666666667,0.5964912280701754,0.9444444444444444,0.0,1.0,0.0,0.0,0.0,1.0,0.0
0.2619047619047619,0.5,0.6666666666666667,0.6666666666666667,1.0,0.21052631578947367,0.3333333333333333,0.0,1.0,0.0,0.0,1.0,1.0,0.0
0.21428571428571425,0.17857142857142855,1.0,0.3333333333333333,0.6666666666666667,0.14035087719298245,0.2222222222222222,0.0,1.0,0.0,0.0,0.0,1.0,0.0
0.42857142857142855,0.03571428571428571,0.3333333333333333,0.3333333333333333,1.0,0.3508771929824561,0.5555555555555556,1.0,0.0,0.0,0.0,1.0,1.0,0.0
0.4047619047619047,0.2142857142857143,1.0,0.6666666666666667,0.6666666666666667,0.03508771929824561,0.05555555555555555,0.0,0.0,0.0,1.0,0.0,1.0,0.0
0.5952380952380951,0.7142857142857143,1.0,0.6666666666666667,1.0,0.2807017543859649,0.16666666666666666,1.0,1.0,1.0,0.0,0.0,1.0,0.0
0.4047619047619047,0.0,1.0,0.3333333333333333,0.0,0.10526315789473684,0.16666666666666666,0.0,1.0,1.0,0.0,1.0,1.0,0.0
0.8333333333333333,0.03571428571428571,0.6666666666666667,0.3333333333333333,0.3333333333333333,1.0,0.8333333333333333,1.0,0.0,0.0,0.0,0.0,1.0,0.0
0.3095238095238095,0.17857142857142855,0.0,1.0,1.0,0.45614035087719296,0.38888888888888884,0.0,0.0,0.0,0.0,0.0,1.0,0.0
0.7619047619047619,0.75,0.6666666666666667,0.0,1.0,1.0,1.0,1.0,1.0,0.0,0.0,1.0,0.0,1.0
0.16666666666666669,0.0,0.0,0.6666666666666667,1.0,0.24561403508771928,0.16666666666666666,0.0,1.0,1.0,0.0,0.0,1.0,0.0
0.49999999999999994,0.17857142857142855,1.0,0.3333333333333333,0.0,0.3157894736842105,0.38888888888888884,0.0,1.0,0.0,0.0,0.0,1.0,0.0
0.380952380952381,0.2142857142857143,0.0,0.6666666666666667,0.3333333333333333,0.45614035087719296,0.6666666666666666,0.0,1.0,0.0,0.0,1.0,1.0,0.0
0.4047619047619047,0.2142857142857143,0.6666666666666667,0.6666666666666667,0.6666666666666667,0.5964912280701754,0.4444444444444444,0.0,1.0,0.0,0.0,1.0,1.0,0.0
0.047619047619047616,0.07142857142857142,0.0,0.3333333333333333,0.6666666666666667,0.07017543859649122,0.1111111111111111,0.0,1.0,1.0,0.0,1.0,1.0,0.0
0.21428571428571425,0.03571428571428571,0.0,0.6666666666666667,0.3333333333333333,0.21052631578947367,0.1111111111111111,0.0,1.0,1.0,0.0,0.0,1.0,0.0
0.21428571428571425,0.03571428571428571,1.0,0.6666666666666667,0.6666666666666667,0.17543859649122806,0.2777777777777778,0.0,0.0,0.0,0.0,1.0,0.0,1.0
0.8095238095238095,0.0,1.0,0.6666666666666667,1.0,0.9122807017543859,0.5,0.0,1.0,0.0,0.0,0.0,1.0,0.0
0.3333333333333333,0.42857142857142855,0.6666666666666667,0.3333333333333333,0.3333333333333333,0.07017543859649122,0.1111111111111111,1.0,1.0,1.0,0.0,0.0,1.0,0.0
0.7619047619047619,0.9999999999999999,0.3333333333333333,0.3333333333333333,0.6666666666666667,0.9824561403508771,1.0,0.0,1.0,0.0,0.0,0.0,1.0,0.0
0.7380952380952379,0.3214285714285714,0.6666666666666667,0.6666666666666667,0.0,0.7719298245614035,0.16666666666666666,1.0,1.0,0.0,0.0,1.0,0.0,1.0
0.3333333333333333,0.8571428571428571,0.0,0.6666666666666667,1.0,0.03508771929824561,0.05555555555555555,0.0,1.0,1.0,0.0,1.0,0.0,1.0
0.380952380952381,0.6428571428571428,0.6666666666666667,0.6666666666666667,0.3333333333333333,0.5263157894736842,0.611111111111111,1.0,1.0,1.0,0.0,0.0,1.0,0.0
0.42857142857142855,0.07142857142857142,0.0,0.6666666666666667,1.0,0.24561403508771928,0.05555555555555555,0.0,1.0,1.0,0.0,0.0,1.0,0.0
0.8095238095238095,0.2142857142857143,0.3333333333333333,0.6666666666666667,0.3333333333333333,0.631578947368421,0.4444444444444444,0.0,1.0,0.0,0.0,1.0,1.0,0.0
0.28571428571428564,0.03571428571428571,0.3333333333333333,0.3333333333333333,1.0,0.21052631578947367,0.2777777777777778,0.0,1.0,1.0,0.0,1.0,1.0,0.0
0.9523809523809523,0.03571428571428571,0.3333333333333333,0.6666666666666667,0.3333333333333333,1.0,0.8888888888888888,0.0,0.0,0.0,0.0,0.0,1.0,0.0
0.5714285714285714,0.25,0.3333333333333333,0.6666666666666667,1.0,0.8421052631578947,1.0,1.0,1.0,0.0,0.0,0.0,1.0,0.0
0.7380952380952379,0.35714285714285715,1.0,0.6666666666666667,1.0,0.2807017543859649,0.2777777777777778,0.0,0.0,0.0,0.0,1.0,1.0,0.0
0.5952380952380951,0.8571428571428571,0.6666666666666667,0.3333333333333333,1.0,0.631578947368421,0.05555555555555555,0.0,0.0,0.0,0.0,0.0,1.0,0.0
0.5238095238095237,0.03571428571428571,0.6666666666666667,0.6666666666666667,0.6666666666666667,0.2807017543859649,0.16666666666666666,0.0,1.0,0.0,0.0,0.0,1.0,0.0
0.8809523809523809,0.0,1.0,0.6666666666666667,0.0,1.0,1.0,0.0,1.0,0.0,0.0,1.0,0.0,1.0
0.3333333333333333,0.2142857142857143,0.3333333333333333,1.0,0.3333333333333333,0.17543859649122806,0.2777777777777778,1.0,1.0,1.0,0.0,0.0,1.0,0.0
0.8809523809523809,0.03571428571428571,0.6666666666666667,0.3333333333333333,0.0,1.0,0.5,0.0,1.0,0.0,0.0,1.0,1.0,0.0
0.3095238095238095,0.03571428571428571,0.6666666666666667,0.6666666666666667,1.0,0.10526315789473684,0.1111111111111111,0.0,1.0,0.0,0.0,0.0,0.0,1.0
0.5952380952380951,0.9285714285714285,1.0,1.0,0.3333333333333333,0.2807017543859649,0.3333333333333333,0.0,1.0,1.0,0.0,0.0,1.0,0.0
0.380952380952381,0.03571428571428571,0.6666666666666667,0.6666666666666667,1.0,0.49122807017543857,0.7777777777777777,0.0,1.0,0.0,0.0,1.0,1.0,0.0
0.5238095238095237,0.03571428571428571,1.0,0.3333333333333333,1.0,0.17543859649122806,0.2222222222222222,0.0,1.0,0.0,0.0,1.0,0.0,1.0
0.5714285714285714,0.7857142857142857,1.0,0.3333333333333333,0.6666666666666667,0.7017543859649122,1.0,0.0,1.0,0.0,0.0,1.0,1.0,0.0
0.23809523809523808,0.9285714285714285,0.3333333333333333,0.0,0.0,0.21052631578947367,0.2777777777777778,0.0,1.0,0.0,0.0,0.0,1.0,0.0
0.5238095238095237,0.5357142857142857,0.0,0.3333333333333333,0.6666666666666667,0.3508771929824561,0.05555555555555555,1.0,1.0,1.0,0.0,1.0,1.0,0.0
0.4047619047619047,0.9285714285714285,0.6666666666666667,0.3333333333333333,0.0,0.21052631578947367,0.3333333333333333,0.0,1.0,0.0,0.0,1.0,1.0,0.0
0.3333333333333333,0.2142857142857143,1.0,0.6666666666666667,0.6666666666666667,0.3508771929824561,0.5555555555555556,0.0,1.0,1.0,0.0,0.0,1.0,0.0
0.380952380952381,0.0,0.0,0.6666666666666667,0.3333333333333333,0.17543859649122806,0.2777777777777778,0.0,1.0,0.0,0.0,0.0,1.0,0.0
0.4047619047619047,0.03571428571428571,0.0,0.6666666666666667,0.0,0.03508771929824561,0.05555555555555555,0.0,1.0,1.0,0.0,0.0,0.0,1.0
0.047619047619047616,0.03571428571428571,0.6666666666666667,0.6666666666666667,0.6666666666666667,0.07017543859649122,0.1111111111111111,0.0,0.0,0.0,1.0,1.0,1.0,0.0
0.8095238095238095,0.10714285714285714,1.0,0.6666666666666667,1.0,1.0,0.2777777777777778,0.0,1.0,0.0,0.0,0.0,1.0,0.0
0.7380952380952379,0.07142857142857142,0.6666666666666667,0.3333333333333333,0.0,0.3508771929824561,0.16666666666666666,0.0,1.0,1.0,0.0,0.0,1.0,0.0
0.6190476190476188,0.14285714285714285,0.6666666666666667,0.3333333333333333,0.6666666666666667,0.24561403508771928,0.2777777777777778,0.0,1.0,1.0,0.0,1.0,1.0,0.0
0.42857142857142855,0.25,0.0,0.6666666666666667,1.0,0.42105263157894735,0.38888888888888884,0.0,0.0,0.0,0.0,0.0,1.0,0.0
0.3333333333333333,0.14285714285714285,0.3333333333333333,1.0,1.0,0.21052631578947367,0.16666666666666666,0.0,1.0,0.0,0.0,0.0,1.0,0.0
0.09523809523809518,0.0,1.0,0.6666666666666667,0.6666666666666667,0.14035087719298245,0.16666666666666666,0.0,1.0,0.0,0.0,1.0,1.0,0.0
0.4523809523809524,0.8571428571428571,0.6666666666666667,0.3333333333333333,1.0,0.3157894736842105,0.3333333333333333,0.0,1.0,0.0,0.0,0.0,1.0,0.0
0.28571428571428564,0.03571428571428571,0.6666666666666667,0.6666666666666667,1.0,0.42105263157894735,0.611111111111111,0.0,1.0,1.0,0.0,1.0,1.0,0.0
0.35714285714285715,0.9642857142857143,0.3333333333333333,0.6666666666666667,0.6666666666666667,0.5263157894736842,0.8333333333333333,0.0,1.0,1.0,0.0,0.0,0.0,1.0
0.5476190476190477,0.25,0.6666666666666667,0.6666666666666667,0.3333333333333333,0.49122807017543857,0.2777777777777778,0.0,0.0,0.0,0.0,0.0,1.0,0.0
0.5476190476190477,0.9642857142857143,0.0,0.3333333333333333,0.3333333333333333,0.7368421052631579,1.0,0.0,1.0,0.0,0.0,0.0,1.0,0.0
0.2619047619047619,0.3214285714285714,1.0,0.6666666666666667,0.3333333333333333,0.2807017543859649,0.38888888888888884,1.0,1.0,0.0,0.0,0.0,1.0,0.0
0.7857142857142856,0.4642857142857143,0.6666666666666667,0.6666666666666667,1.0,0.631578947368421,0.38888888888888884,0.0,0.0,0.0,0.0,0.0,1.0,0.0
0.8333333333333333,0.8214285714285714,0.0,0.6666666666666667,0.0,0.5263157894736842,0.1111111111111111,0.0,0.0,0.0,0.0,1.0,0.0,1.0
0.5952380952380951,0.25,0.0,0.6666666666666667,0.3333333333333333,0.14035087719298245,0.05555555555555555,0.0,1.0,0.0,0.0,0.0,1.0,0.0
0.2619047619047619,0.8214285714285714,0.6666666666666667,1.0,0.0,0.03508771929824561,0.05555555555555555,1.0,0.0,0.0,1.0,1.0,1.0,0.0
0.3333333333333333,0.8214285714285714,0.0,0.6666666666666667,1.0,0.3508771929824561,0.5555555555555556,1.0,1.0,1.0,0.0,0.0,1.0,0.0
0.23809523809523808,0.14285714285714285,0.6666666666666667,0.6666666666666667,0.6666666666666667,0.07017543859649122,0.1111111111111111,0.0,1.0,1.0,0.0,1.0,0.0,1.0
0.21428571428571425,0.5714285714285714,1.0,0.6666666666666667,0.6666666666666667,0.2807017543859649,0.4444444444444444,0.0,1.0,0.0,0.0,1.0,0.0,1.0
0.4047619047619047,0.0,0.6666666666666667,0.6666666666666667,0.6666666666666667,0.3508771929824561,0.5555555555555556,1.0,0.0,0.0,0.0,1.0,1.0,0.0
0.5714285714285714,0.0,1.0,0.3333333333333333,1.0,0.2807017543859649,0.2222222222222222,0.0,1.0,0.0,0.0,0.0,0.0,1.0
0.380952380952381,0.14285714285714285,0.6666666666666667,0.3333333333333333,0.0,0.49122807017543857,0.611111111111111,0.0,1.0,0.0,0.0,1.0,1.0,0.0
0.16666666666666669,0.07142857142857142,0.6666666666666667,0.6666666666666667,0.0,0.17543859649122806,0.2777777777777778,0.0,0.0,0.0,0.0,0.0,0.0,1.0
0.380952380952381,0.6428571428571428,0.3333333333333333,0.6666666666666667,1.0,0.10526315789473684,0.1111111111111111,0.0,1.0,1.0,0.0,0.0,1.0,0.0
0.21428571428571425,0.17857142857142855,0.0,0.3333333333333333,0.6666666666666667,0.21052631578947367,0.2777777777777778,0.0,1.0,0.0,0.0,0.0,1.0,0.0
0.380952380952381,0.2857142857142857,1.0,0.6666666666666667,0.0,0.38596491228070173,0.38888888888888884,1.0,1.0,1.0,0.0,0.0,1.0,0.0
0.35714285714285715,0.4642857142857143,0.6666666666666667,0.6666666666666667,1.0,0.2807017543859649,0.2777777777777778,0.0,1.0,1.0,0.0,0.0,0.0,1.0
0.21428571428571425,0.6428571428571428,1.0,0.3333333333333333,0.0,0.24561403508771928,0.38888888888888884,0.0,1.0,1.0,0.0,0.0,1.0,0.0
0.4047619047619047,0.0,1.0,0.3333333333333333,0.6666666666666667,0.3508771929824561,0.4444444444444444,0.0,1.0,1.0,0.0,0.0,1.0,0.0
0.4047619047619047,0.0,0.6666666666666667,0.6666666666666667,0.3333333333333333,0.3508771929824561,0.5555555555555556,0.0,0.0,0.0,0.0,0.0,1.0,0.0
0.11904761904761901,0.3214285714285714,1.0,1.0,0.6666666666666667,0.14035087719298245,0.1111111111111111,0.0,1.0,0.0,0.0,0.0,1.0,0.0
0.6428571428571428,0.0,0.0,0.6666666666666667,0.3333333333333333,0.3508771929824561,0.5555555555555556,0.0,1.0,0.0,0.0,0.0,1.0,0.0
0.3095238095238095,0.9999999999999999,0.6666666666666667,0.3333333333333333,0.3333333333333333,0.21052631578947367,0.2777777777777778,1.0,1.0,1.0,0.0,1.0,1.0,0.0
0.6904761904761905,0.0,0.6666666666666667,0.6666666666666667,0.3333333333333333,0.49122807017543857,0.7222222222222222,0.0,1.0,0.0,0.0,0.0,1.0,0.0
0.6666666666666665,0.03571428571428571,0.6666666666666667,0.0,0.3333333333333333,0.9824561403508771,0.38888888888888884,0.0,0.0,0.0,0.0,0.0,0.0,1.0
0.5714285714285714,0.5714285714285714,1.0,1.0,0.0,0.3508771929824561,0.16666666666666666,0.0,1.0,0.0,0.0,1.0,0.0,1.0
0.4047619047619047,0.6071428571428571,1.0,0.6666666666666667,0.6666666666666667,0.17543859649122806,0.2222222222222222,1.0,0.0,0.0,0.0,0.0,0.0,1.0
0.8809523809523809,0.03571428571428571,0.6666666666666667,0.6666666666666667,1.0,1.0,0.2777777777777778,0.0,1.0,0.0,0.0,1.0,0.0,1.0
0.380952380952381,0.35714285714285715,0.6666666666666667,0.3333333333333333,0.3333333333333333,0.49122807017543857,0.5555555555555556,1.0,0.0,0.0,0.0,0.0,1.0,0.0
0.6428571428571428,0.17857142857142855,1.0,0.6666666666666667,0.0,0.5964912280701754,0.0,0.0,1.0,0.0,0.0,0.0,0.0,1.0
0.3333333333333333,0.5,0.6666666666666667,0.6666666666666667,1.0,0.3157894736842105,0.2777777777777778,0.0,1.0,0.0,0.0,0.0,1.0,0.0
0.7857142857142856,0.14285714285714285,0.6666666666666667,0.6666666666666667,0.3333333333333333,1.0,1.0,0.0,0.0,0.0,0.0,0.0,0.0,1.0
0.28571428571428564,0.07142857142857142,0.6666666666666667,0.6666666666666667,1.0,0.3157894736842105,0.2777777777777778,0.0,1.0,1.0,0.0,0.0,1.0,0.0
0.4523809523809524,0.6428571428571428,0.0,0.6666666666666667,0.3333333333333333,0.3508771929824561,0.5555555555555556,0.0,0.0,0.0,0.0,1.0,0.0,1.0
0.380952380952381,0.03571428571428571,1.0,0.6666666666666667,0.6666666666666667,0.17543859649122806,0.16666666666666666,1.0,1.0,0.0,0.0,1.0,1.0,0.0
0.857142857142857,0.3214285714285714,0.6666666666666667,0.6666666666666667,0.0,0.3157894736842105,0.2777777777777778,0.0,1.0,0.0,0.0,1.0,0.0,1.0
0.7380952380952379,0.9642857142857143,0.0,0.3333333333333333,0.0,0.7017543859649122,0.2222222222222222,1.0,1.0,1.0,0.0,1.0,1.0,0.0
0.23809523809523808,0.17857142857142855,0.6666666666666667,0.3333333333333333,0.6666666666666667,0.10526315789473684,0.16666666666666666,1.0,1.0,0.0,0.0,0.0,0.0,1.0
0.4761904761904761,0.5357142857142857,0.3333333333333333,0.6666666666666667,0.3333333333333333,0.2807017543859649,0.16666666666666666,0.0,0.0,0.0,0.0,1.0,1.0,0.0
0.19047619047619052,0.8571428571428571,0.0,0.0,0.6666666666666667,0.03508771929824561,0.05555555555555555,0.0,1.0,1.0,0.0,1.0,1.0,0.0
0.19047619047619052,0.2142857142857143,1.0,0.6666666666666667,1.0,0.24561403508771928,0.38888888888888884,0.0,1.0,1.0,0.0,1.0,1.0,0.0
0.3095238095238095,0.07142857142857142,1.0,0.6666666666666667,0.6666666666666667,0.24561403508771928,0.38888888888888884,1.0,1.0,0.0,0.0,1.0,1.0,0.0
0.3333333333333333,0.3214285714285714,0.6666666666666667,0.6666666666666667,1.0,0.3508771929824561,0.2777777777777778,0.0,1.0,0.0,0.0,1.0,1.0,0.0
0.5238095238095237,0.03571428571428571,1.0,0.6666666666666667,0.3333333333333333,0.2807017543859649,0.2777777777777778,0.0,0.0,0.0,0.0,0.0,1.0,0.0
0.9523809523809523,0.7857142857142857,0.0,0.6666666666666667,0.6666666666666667,0.07017543859649122,0.1111111111111111,0.0,1.0,0.0,0.0,0.0,1.0,0.0
0.5714285714285714,0.7857142857142857,0.0,0.6666666666666667,1.0,0.5614035087719298,0.05555555555555555,0.0,1.0,0.0,0.0,1.0,1.0,0.0
0.380952380952381,0.2857142857142857,0.0,0.6666666666666667,0.6666666666666667,0.07017543859649122,0.1111111111111111,0.0,0.0,0.0,0.0,0.0,1.0,0.0
0.5238095238095237,0.10714285714285714,0.6666666666666667,0.3333333333333333,1.0,0.5263157894736842,0.6666666666666666,0.0,0.0,0.0,0.0,0.0,1.0,0.0
0.380952380952381,0.07142857142857142,1.0,0.0,1.0,0.21052631578947367,0.1111111111111111,0.0,0.0,0.0,0.0,1.0,1.0,0.0
0.23809523809523808,0.0,0.6666666666666667,0.6666666666666667,1.0,0.10526315789473684,0.16666666666666666,0.0,0.0,0.0,0.0,0.0,1.0,0.0
0.5238095238095237,0.0,0.6666666666666667,0.3333333333333333,0.3333333333333333,0.7719298245614035,1.0,1.0,1.0,0.0,0.0,0.0,1.0,0.0
0.3333333333333333,0.25,0.6666666666666667,0.3333333333333333,0.3333333333333333,0.45614035087719296,0.7222222222222222,0.0,0.0,0.0,0.0,0.0,0.0,1.0
0.7142857142857142,0.0,1.0,0.3333333333333333,0.0,0.7368421052631579,0.16666666666666666,0.0,1.0,0.0,0.0,0.0,1.0,0.0
0.42857142857142855,0.2142857142857143,0.0,1.0,0.0,0.5964912280701754,0.8333333333333333,1.0,0.0,0.0,0.0,0.0,1.0,0.0
0.5714285714285714,0.7142857142857143,0.6666666666666667,0.6666666666666667,0.6666666666666667,0.38596491228070173,0.2777777777777778,0.0,1.0,0.0,0.0,0.0,1.0,0.0
0.9523809523809523,0.03571428571428571,1.0,0.3333333333333333,1.0,0.10526315789473684,0.05555555555555555,1.0,1.0,1.0,0.0,0.0,0.0,1.0
0.380952380952381,0.10714285714285714,0.6666666666666667,0.6666666666666667,0.6666666666666667,0.21052631578947367,0.16666666666666666,0.0,0.0,0.0,0.0,0.0,1.0,0.0
0.380952380952381,0.14285714285714285,0.3333333333333333,0.3333333333333333,1.0,0.5263157894736842,0.8333333333333333,0.0,1.0,1.0,0.0,0.0,1.0,0.0
0.5476190476190477,0.0,1.0,0.6666666666666667,1.0,0.42105263157894735,0.2777777777777778,0.0,1.0,0.0,0.0,0.0,1.0,0.0
0.4047619047619047,0.17857142857142855,0.6666666666666667,0.6666666666666667,0.6666666666666667,0.14035087719298245,0.16666666666666666,0.0,1.0,0.0,0.0,0.0,0.0,1.0
0.28571428571428564,0.9642857142857143,1.0,0.6666666666666667,1.0,0.38596491228070173,0.5555555555555556,0.0,1.0,0.0,0.0,0.0,1.0,0.0
0.19047619047619052,0.2142857142857143,0.6666666666666667,1.0,0.0,0.2807017543859649,0.38888888888888884,0.0,1.0,1.0,0.0,1.0,1.0,0.0
0.2619047619047619,0.9642857142857143,0.6666666666666667,0.6666666666666667,1.0,0.38596491228070173,0.38888888888888884,0.0,1.0,0.0,0.0,0.0,1.0,0.0
0.5476190476190477,0.2142857142857143,0.3333333333333333,1.0,0.6666666666666667,0.3508771929824561,0.5555555555555556,0.0,1.0,0.0,0.0,0.0,1.0,0.0
0.8809523809523809,0.03571428571428571,0.3333333333333333,0.3333333333333333,1.0,0.6666666666666666,0.2777777777777778,0.0,1.0,0.0,0.0,0.0,1.0,0.0
0.857142857142857,0.14285714285714285,0.0,0.6666666666666667,0.0,0.8421052631578947,0.2222222222222222,0.0,1.0,0.0,0.0,0.0,1.0,0.0
0.49999999999999994,0.0,1.0,0.3333333333333333,1.0,0.7368421052631579,1.0,0.0,1.0,0.0,0.0,0.0,1.0,0.0
0.3095238095238095,0.03571428571428571,0.3333333333333333,0.6666666666666667,1.0,0.24561403508771928,0.1111111111111111,1.0,1.0,1.0,0.0,0.0,0.0,1.0
0.6190476190476188,0.03571428571428571,0.6666666666666667,1.0,1.0,0.3157894736842105,0.4444444444444444,0.0,1.0,0.0,0.0,0.0,0.0,1.0
0.42857142857142855,0.07142857142857142,0.6666666666666667,0.3333333333333333,1.0,0.5614035087719298,0.8888888888888888,0.0,0.0,0.0,0.0,0.0,0.0,1.0
0.2619047619047619,0.17857142857142855,0.3333333333333333,0.6666666666666667,1.0,0.3508771929824561,0.5555555555555556,0.0,1.0,1.0,0.0,0.0,1.0,0.0
0.5476190476190477,0.2857142857142857,0.6666666666666667,0.6666666666666667,0.6666666666666667,0.42105263157894735,0.5,0.0,0.0,0.0,0.0,0.0,0.0,1.0
0.8095238095238095,0.17857142857142855,1.0,0.6666666666666667,0.0,0.631578947368421,0.5555555555555556,0.0,1.0,0.0,0.0,0.0,0.0,1.0
0.23809523809523808,0.8214285714285714,0.6666666666666667,0.3333333333333333,0.6666666666666667,0.21052631578947367,0.2222222222222222,0.0,1.0,1.0,0.0,1.0,0.0,1.0
0.5238095238095237,0.2857142857142857,1.0,0.6666666666666667,0.0,0.5263157894736842,0.2777777777777778,0.0,1.0,1.0,0.0,1.0,1.0,0.0
0.976190476190476,0.8571428571428571,0.0,0.6666666666666667,0.0,0.9824561403508771,1.0,0.0,0.0,0.0,0.0,1.0,1.0,0.0
0.6428571428571428,0.3214285714285714,0.0,0.6666666666666667,1.0,0.2807017543859649,0.1111111111111111,0.0,1.0,0.0,0.0,0.0,1.0,0.0
0.8333333333333333,0.17857142857142855,0.3333333333333333,0.6666666666666667,0.6666666666666667,0.45614035087719296,0.38888888888888884,0.0,0.0,0.0,1.0,0.0,0.0,1.0
0.6666666666666665,0.2857142857142857,0.0,0.6666666666666667,1.0,0.9824561403508771,0.38888888888888884,0.0,0.0,0.0,0.0,0.0,1.0,0.0
0.5238095238095237,0.3214285714285714,1.0,1.0,0.6666666666666667,0.3508771929824561,0.38888888888888884,0.0,1.0,1.0,0.0,0.0,0.0,1.0
0.3095238095238095,0.25,0.0,0.6666666666666667,0.3333333333333333,0.3157894736842105,0.16666666666666666,0.0,1.0,0.0,0.0,1.0,1.0,0.0
0.5714285714285714,0.8928571428571428,0.6666666666666667,0.6666666666666667,0.3333333333333333,0.8070175438596491,1.0,1.0,0.0,0.0,0.0,0.0,1.0,0.0
0.9999999999999998,0.2142857142857143,0.3333333333333333,1.0,1.0,0.42105263157894735,0.611111111111111,0.0,0.0,0.0,0.0,0.0,0.0,1.0
0.5238095238095237,0.0,0.3333333333333333,0.0,1.0,0.21052631578947367,0.2222222222222222,0.0,0.0,0.0,0.0,0.0,0.0,1.0
0.02380952380952378,0.07142857142857142,0.3333333333333333,0.6666666666666667,0.3333333333333333,0.03508771929824561,0.05555555555555555,0.0,1.0,1.0,0.0,1.0,1.0,0.0
0.19047619047619052,0.7857142857142857,0.0,0.6666666666666667,1.0,0.10526315789473684,0.16666666666666666,0.0,1.0,0.0,0.0,0.0,1.0,0.0
0.6428571428571428,0.10714285714285714,0.6666666666666667,0.6666666666666667,0.3333333333333333,0.3157894736842105,0.5,0.0,1.0,1.0,0.0,0.0,1.0,0.0
0.7619047619047619,0.9642857142857143,1.0,1.0,0.6666666666666667,0.7017543859649122,1.0,0.0,1.0,1.0,0.0,0.0,0.0,1.0
0.2619047619047619,0.42857142857142855,0.0,0.6666666666666667,0.3333333333333333,0.24561403508771928,0.2777777777777778,1.0,0.0,0.0,0.0,1.0,1.0,0.0
0.23809523809523808,0.5357142857142857,0.3333333333333333,1.0,0.0,0.3157894736842105,0.4444444444444444,0.0,1.0,0.0,0.0,1.0,1.0,0.0
0.5238095238095237,0.8928571428571428,0.6666666666666667,0.3333333333333333,1.0,0.5614035087719298,0.05555555555555555,1.0,1.0,0.0,0.0,0.0,0.0,1.0
0.3333333333333333,0.0,0.6666666666666667,0.3333333333333333,0.3333333333333333,0.17543859649122806,0.16666666666666666,0.0,1.0,1.0,0.0,0.0,1.0,0.0
0.976190476190476,0.0,0.3333333333333333,0.6666666666666667,1.0,0.49122807017543857,0.3333333333333333,0.0,0.0,0.0,0.0,0.0,0.0,1.0
0.3333333333333333,0.14285714285714285,1.0,0.3333333333333333,1.0,0.2807017543859649,0.05555555555555555,0.0,1.0,0.0,0.0,1.0,1.0,0.0
0.5238095238095237,0.8928571428571428,0.6666666666666667,0.6666666666666667,0.0,0.2807017543859649,0.38888888888888884,0.0,0.0,0.0,0.0,0.0,1.0,0.0
0.35714285714285715,0.10714285714285714,1.0,0.6666666666666667,0.3333333333333333,0.38596491228070173,0.5,0.0,1.0,0.0,0.0,0.0,1.0,0.0
0.42857142857142855,0.3214285714285714,0.3333333333333333,0.6666666666666667,1.0,0.3508771929824561,0.5555555555555556,0.0,0.0,0.0,0.0,1.0,1.0,0.0
0.02380952380952378,0.2857142857142857,0.6666666666666667,0.6666666666666667,0.0,0.03508771929824561,0.05555555555555555,0.0,1.0,0.0,0.0,1.0,1.0,0.0
0.4523809523809524,0.3214285714285714,0.3333333333333333,0.6666666666666667,0.3333333333333333,0.2807017543859649,0.4444444444444444,0.0,1.0,0.0,0.0,0.0,1.0,0.0
0.49999999999999994,0.42857142857142855,0.6666666666666667,0.3333333333333333,0.3333333333333333,0.7368421052631579,1.0,0.0,1.0,0.0,0.0,0.0,0.0,1.0
0.35714285714285715,0.14285714285714285,1.0,0.6666666666666667,0.3333333333333333,0.42105263157894735,0.5555555555555556,1.0,1.0,0.0,0.0,0.0,1.0,0.0
0.28571428571428564,0.2142857142857143,1.0,0.6666666666666667,0.0,0.2807017543859649,0.16666666666666666,0.0,0.0,0.0,0.0,0.0,1.0,0.0
0.3095238095238095,0.25,0.0,0.3333333333333333,0.3333333333333333,0.03508771929824561,0.05555555555555555,0.0,1.0,0.0,0.0,1.0,1.0,0.0
0.19047619047619052,0.0,0.0,0.3333333333333333,0.6666666666666667,0.17543859649122806,0.2777777777777778,1.0,1.0,0.0,0.0,0.0,1.0,0.0
0.5238095238095237,0.03571428571428571,0.6666666666666667,0.6666666666666667,0.6666666666666667,0.7017543859649122,0.2777777777777778,0.0,1.0,0.0,0.0,0.0,1.0,0.0
0.42857142857142855,0.14285714285714285,0.3333333333333333,0.6666666666666667,0.0,0.3157894736842105,0.16666666666666666,0.0,1.0,0.0,0.0,0.0,1.0,0.0
0.16666666666666669,0.3214285714285714,0.6666666666666667,0.6666666666666667,1.0,0.17543859649122806,0.2222222222222222,0.0,0.0,0.0,0.0,1.0,1.0,0.0
0.35714285714285715,0.0,0.6666666666666667,1.0,0.0,0.3508771929824561,0.2777777777777778,1.0,0.0,0.0,0.0,0.0,1.0,0.0
0.5952380952380951,0.5,0.6666666666666667,0.3333333333333333,0.6666666666666667,0.49122807017543857,0.7777777777777777,0.0,1.0,0.0,0.0,0.0,1.0,0.0
0.5238095238095237,0.2857142857142857,0.3333333333333333,0.6666666666666667,0.6666666666666667,0.7017543859649122,1.0,1.0,1.0,0.0,0.0,1.0,1.0,0.0
0.6428571428571428,0.8928571428571428,0.0,0.3333333333333333,0.0,0.3508771929824561,0.5555555555555556,0.0,0.0,0.0,0.0,0.0,1.0,0.0
0.3333333333333333,0.35714285714285715,1.0,1.0,0.6666666666666667,0.21052631578947367,0.2222222222222222,0.0,0.0,0.0,0.0,0.0,1.0,0.0
0.2619047619047619,0.6428571428571428,0.6666666666666667,0.3333333333333333,0.6666666666666667,0.3508771929824561,0.5555555555555556,0.0,0.0,0.0,0.0,0.0,1.0,0.0
0.4761904761904761,0.0,1.0,0.6666666666666667,0.3333333333333333,0.24561403508771928,0.3333333333333333,1.0,0.0,0.0,0.0,0.0,0.0,1.0
0.14285714285714285,0.5714285714285714,1.0,0.6666666666666667,0.3333333333333333,0.03508771929824561,0.05555555555555555,0.0,1.0,1.0,0.0,0.0,1.0,0.0
0.16666666666666669,0.14285714285714285,0.6666666666666667,0.3333333333333333,0.6666666666666667,0.21052631578947367,0.3333333333333333,0.0,0.0,0.0,0.0,1.0,0.0,1.0
0.28571428571428564,0.5357142857142857,0.6666666666666667,1.0,0.6666666666666667,0.3508771929824561,0.38888888888888884,0.0,1.0,0.0,0.0,0.0,1.0,0.0
0.4047619047619047,0.2857142857142857,0.3333333333333333,0.6666666666666667,0.6666666666666667,0.3508771929824561,0.5555555555555556,0.0,1.0,0.0,0.0,1.0,1.0,0.0
0.8809523809523809,0.03571428571428571,0.6666666666666667,0.6666666666666667,1.0,0.42105263157894735,0.5,0.0,0.0,0.0,0.0,1.0,1.0,0.0
0.4047619047619047,0.6071428571428571,0.3333333333333333,0.6666666666666667,0.0,0.3157894736842105,0.5,1.0,0.0,0.0,0.0,0.0,1.0,0.0
0.35714285714285715,0.14285714285714285,1.0,0.6666666666666667,0.6666666666666667,0.03508771929824561,0.05555555555555555,0.0,0.0,0.0,1.0,1.0,0.0,1.0
0.35714285714285715,0.25,1.0,0.6666666666666667,0.6666666666666667,0.49122807017543857,0.0,0.0,1.0,0.0,0.0,1.0,0.0,1.0
0.4047619047619047,0.3214285714285714,1.0,0.3333333333333333,0.0,0.5263157894736842,0.7222222222222222,0.0,0.0,0.0,0.0,0.0,1.0,0.0
0.3333333333333333,0.9999999999999999,1.0,0.6666666666666667,0.6666666666666667,0.3508771929824561,0.4444444444444444,0.0,1.0,1.0,0.0,1.0,1.0,0.0
0.9523809523809523,0.14285714285714285,0.6666666666666667,0.3333333333333333,0.3333333333333333,0.8421052631578947,0.3333333333333333,0.0,1.0,0.0,0.0,0.0,0.0,1.0
0.380952380952381,0.17857142857142855,1.0,0.0,0.6666666666666667,0.10526315789473684,0.1111111111111111,1.0,0.0,0.0,1.0,0.0,1.0,0.0
0.7380952380952379,0.0,0.6666666666666667,0.6666666666666667,0.0,0.24561403508771928,0.2222222222222222,0.0,1.0,0.0,0.0,0.0,1.0,0.0
0.7619047619047619,0.8214285714285714,1.0,0.6666666666666667,0.6666666666666667,0.7719298245614035,0.6666666666666666,0.0,1.0,0.0,0.0,0.0,0.0,1.0
0.28571428571428564,0.14285714285714285,1.0,0.3333333333333333,0.6666666666666667,0.3508771929824561,0.5555555555555556,0.0,0.0,0.0,0.0,0.0,1.0,0.0
0.5714285714285714,0.9642857142857143,1.0,0.3333333333333333,1.0,0.24561403508771928,0.3333333333333333,1.0,1.0,0.0,0.0,0.0,1.0,0.0
0.8333333333333333,0.0,0.0,0.3333333333333333,0.6666666666666667,0.9473684210526315,0.16666666666666666,0.0,1.0,0.0,0.0,0.0,0.0,1.0
0.2619047619047619,0.25,0.6666666666666667,0.0,0.0,0.3157894736842105,0.38888888888888884,0.0,1.0,0.0,0.0,0.0,1.0,0.0
0.21428571428571425,0.10714285714285714,0.0,0.6666666666666667,0.6666666666666667,0.17543859649122806,0.2777777777777778,0.0,1.0,0.0,0.0,0.0,1.0,0.0
0.4047619047619047,0.2142857142857143,0.6666666666666667,0.6666666666666667,1.0,0.3508771929824561,0.5555555555555556,0.0,0.0,0.0,0.0,0.0,0.0,1.0
0.02380952380952378,0.03571428571428571,0.0,0.3333333333333333,1.0,0.03508771929824561,0.05555555555555555,0.0,0.0,0.0,0.0,1.0,1.0,0.0
0.5238095238095237,0.6785714285714285,0.0,0.6666666666666667,1.0,0.49122807017543857,0.611111111111111,0.0,1.0,0.0,0.0,0.0,1.0,0.0
0.4047619047619047,0.35714285714285715,1.0,0.6666666666666667,1.0,0.17543859649122806,0.2777777777777778,1.0,0.0,0.0,0.0,0.0,1.0,0.0
0.6666666666666665,0.14285714285714285,0.3333333333333333,0.6666666666666667,0.3333333333333333,0.5614035087719298,0.2222222222222222,0.0,0.0,0.0,0.0,0.0,0.0,1.0
0.5714285714285714,0.9999999999999999,0.0,0.6666666666666667,0.6666666666666667,0.6666666666666666,0.2777777777777778,1.0,1.0,0.0,0.0,0.0,1.0,0.0
0.6428571428571428,0.03571428571428571,1.0,0.3333333333333333,1.0,0.3508771929824561,0.5555555555555556,0.0,1.0,0.0,0.0,0.0,1.0,0.0
0.2619047619047619,0.2857142857142857,0.3333333333333333,0.0,0.3333333333333333,0.07017543859649122,0.1111111111111111,0.0,0.0,0.0,1.0,1.0,1.0,0.0
0.380952380952381,0.0,1.0,0.6666666666666667,0.0,0.3508771929824561,0.2222222222222222,1.0,1.0,0.0,0.0,0.0,1.0,0.0
0.7380952380952379,0.0,0.6666666666666667,0.3333333333333333,0.6666666666666667,0.8771929824561403,0.38888888888888884,0.0,1.0,0.0,0.0,1.0,0.0,1.0
0.14285714285714285,0.3214285714285714,1.0,0.6666666666666667,0.6666666666666667,0.17543859649122806,0.2777777777777778,0.0,0.0,0.0,0.0,0.0,0.0,1.0
0.09523809523809518,0.10714285714285714,0.6666666666666667,0.3333333333333333,0.6666666666666667,0.14035087719298245,0.1111111111111111,1.0,1.0,1.0,0.0,1.0,1.0,0.0
0.28571428571428564,0.2142857142857143,0.6666666666666667,0.6666666666666667,0.6666666666666667,0.03508771929824561,0.05555555555555555,0.0,1.0,0.0,0.0,0.0,1.0,0.0
0.6190476190476188,0.9999999999999999,1.0,0.6666666666666667,1.0,0.7017543859649122,1.0,0.0,1.0,0.0,0.0,1.0,1.0,0.0
0.28571428571428564,0.8214285714285714,1.0,0.6666666666666667,0.6666666666666667,0.03508771929824561,0.05555555555555555,0.0,1.0,1.0,0.0,0.0,1.0,0.0
0.21428571428571425,0.25,1.0,0.6666666666666667,0.6666666666666667,0.3157894736842105,0.5,1.0,0.0,0.0,0.0,1.0,1.0,0.0
0.28571428571428564,0.3214285714285714,0.6666666666666667,0.3333333333333333,0.6666666666666667,0.3508771929824561,0.5555555555555556,0.0,0.0,0.0,0.0,0.0,1.0,0.0
0.14285714285714285,0.0,0.3333333333333333,0.3333333333333333,0.6666666666666667,0.14035087719298245,0.2222222222222222,0.0,1.0,0.0,0.0,1.0,1.0,0.0
0.35714285714285715,0.5,0.3333333333333333,0.6666666666666667,1.0,0.3508771929824561,0.5,0.0,1.0,0.0,0.0,0.0,0.0,1.0
0.5952380952380951,0.3214285714285714,0.6666666666666667,0.6666666666666667,1.0,0.3157894736842105,0.4444444444444444,1.0,1.0,1.0,0.0,1.0,1.0,0.0
0.380952380952381,0.25,0.6666666666666667,0.6666666666666667,0.0,0.21052631578947367,0.16666666666666666,0.0,0.0,0.0,0.0,0.0,1.0,0.0
0.6666666666666665,0.14285714285714285,0.0,0.6666666666666667,1.0,0.49122807017543857,0.5,1.0,0.0,0.0,0.0,1.0,0.0,1.0
0.7619047619047619,0.0,0.0,0.6666666666666667,0.3333333333333333,0.9824561403508771,0.4444444444444444,1.0,1.0,0.0,0.0,0.0,0.0,1.0
0.4523809523809524,0.0,0.0,0.3333333333333333,0.6666666666666667,0.5964912280701754,0.7777777777777777,0.0,0.0,0.0,0.0,0.0,1.0,0.0
0.2619047619047619,0.03571428571428571,0.3333333333333333,0.6666666666666667,1.0,0.3508771929824561,0.5555555555555556,1.0,0.0,0.0,0.0,1.0,1.0,0.0
0.6190476190476188,0.0,0.0,0.6666666666666667,0.6666666666666667,0.38596491228070173,0.05555555555555555,1.0,0.0,0.0,0.0,0.0,1.0,0.0
0.6190476190476188,0.6785714285714285,1.0,0.6666666666666667,0.3333333333333333,0.21052631578947367,0.2777777777777778,0.0,1.0,0.0,0.0,1.0,1.0,0.0
0.4047619047619047,0.07142857142857142,0.6666666666666667,0.3333333333333333,0.6666666666666667,0.03508771929824561,0.05555555555555555,0.0,1.0,1.0,0.0,0.0,1.0,0.0
0.857142857142857,0.0,1.0,0.6666666666666667,0.6666666666666667,1.0,0.2777777777777778,1.0,1.0,0.0,0.0,0.0,1.0,0.0
0.7142857142857142,0.9999999999999999,0.0,0.6666666666666667,0.6666666666666667,0.5263157894736842,0.0,0.0,0.0,0.0,0.0,0.0,1.0,0.0
0.3095238095238095,0.0,0.6666666666666667,0.6666666666666667,0.0,0.14035087719298245,0.2222222222222222,1.0,1.0,0.0,0.0,0.0,1.0,0.0
0.3333333333333333,0.14285714285714285,1.0,0.3333333333333333,0.3333333333333333,0.42105263157894735,0.38888888888888884,0.0,1.0,0.0,0.0,0.0,1.0,0.0
0.5714285714285714,0.0,0.3333333333333333,0.6666666666666667,0.6666666666666667,0.7017543859649122,1.0,0.0,0.0,0.0,0.0,0.0,1.0,0.0
0.3095238095238095,0.5,0.6666666666666667,0.6666666666666667,0.6666666666666667,0.07017543859649122,0.1111111111111111,1.0,1.0,1.0,0.0,0.0,1.0,0.0
0.42857142857142855,0.5357142857142857,0.6666666666666667,1.0,0.0,0.631578947368421,0.9444444444444444,0.0,1.0,1.0,0.0,1.0,1.0,0.0
0.49999999999999994,0.8214285714285714,0.0,0.6666666666666667,1.0,0.631578947368421,0.38888888888888884,0.0,1.0,0.0,0.0,1.0,1.0,0.0
0.2619047619047619,0.0,0.0,0.3333333333333333,0.0,0.38596491228070173,0.5,0.0,1.0,0.0,0.0,1.0,1.0,0.0
0.19047619047619052,0.14285714285714285,1.0,0.3333333333333333,0.6666666666666667,0.17543859649122806,0.2222222222222222,0.0,0.0,0.0,1.0,1.0,1.0,0.0
0.380952380952381,0.6428571428571428,0.0,1.0,1.0,0.3157894736842105,0.2777777777777778,0.0,0.0,0.0,0.0,1.0,0.0,1.0
0.6666666666666665,0.07142857142857142,0.0,1.0,0.0,0.8771929824561403,1.0,0.0,0.0,0.0,0.0,0.0,1.0,0.0
0.4761904761904761,0.03571428571428571,0.6666666666666667,0.3333333333333333,0.3333333333333333,0.3157894736842105,0.3333333333333333,1.0,1.0,1.0,0.0,0.0,1.0,0.0
0.8809523809523809,0.0,0.3333333333333333,1.0,1.0,1.0,0.38888888888888884,0.0,1.0,0.0,0.0,0.0,1.0,0.0
0.49999999999999994,0.03571428571428571,0.0,1.0,0.6666666666666667,0.3157894736842105,0.4444444444444444,0.0,0.0,0.0,0.0,1.0,1.0,0.0
0.5238095238095237,0.9642857142857143,0.6666666666666667,0.0,0.0,0.7017543859649122,0.05555555555555555,0.0,0.0,0.0,0.0,0.0,1.0,0.0
0.380952380952381,0.03571428571428571,0.6666666666666667,0.6666666666666667,0.6666666666666667,0.21052631578947367,0.2222222222222222,1.0,0.0,0.0,1.0,0.0,1.0,0.0
0.2619047619047619,0.8571428571428571,0.6666666666666667,0.3333333333333333,0.3333333333333333,0.21052631578947367,0.1111111111111111,0.0,1.0,0.0,0.0,0.0,1.0,0.0
0.9047619047619047,0.2142857142857143,1.0,0.6666666666666667,0.6666666666666667,0.49122807017543857,0.5555555555555556,0.0,1.0,1.0,0.0,0.0,1.0,0.0
0.3333333333333333,0.0,0.3333333333333333,0.3333333333333333,0.3333333333333333,0.10526315789473684,0.1111111111111111,0.0,0.0,0.0,1.0,0.0,1.0,0.0
0.8333333333333333,0.8214285714285714,0.3333333333333333,1.0,1.0,0.38596491228070173,0.2222222222222222,0.0,1.0,0.0,0.0,0.0,1.0,0.0
0.11904761904761901,0.17857142857142855,0.6666666666666667,1.0,0.0,0.03508771929824561,0.0,0.0,1.0,1.0,0.0,0.0,0.0,1.0
0.4047619047619047,0.25,0.6666666666666667,0.3333333333333333,1.0,0.5614035087719298,0.7222222222222222,0.0,0.0,0.0,0.0,0.0,0.0,1.0
0.7142857142857142,0.17857142857142855,0.0,0.3333333333333333,0.6666666666666667,0.6666666666666666,0.1111111111111111,0.0,1.0,0.0,0.0,1.0,1.0,0.0
0.19047619047619052,0.9999999999999999,0.3333333333333333,0.0,0.0,0.24561403508771928,0.1111111111111111,0.0,0.0,0.0,0.0,1.0,1.0,0.0
0.4047619047619047,0.0,0.3333333333333333,0.6666666666666667,0.0,0.17543859649122806,0.16666666666666666,1.0,1.0,0.0,0.0,0.0,1.0,0.0
0.4047619047619047,0.6071428571428571,0.6666666666666667,0.6666666666666667,0.6666666666666667,0.3508771929824561,0.5555555555555556,1.0,1.0,0.0,0.0,0.0,0.0,1.0
0.4761904761904761,0.0,0.6666666666666667,0.6666666666666667,0.0,0.2807017543859649,0.0,0.0,1.0,0.0,0.0,1.0,1.0,0.0
0.8809523809523809,0.6071428571428571,0.0,0.6666666666666667,0.3333333333333333,1.0,0.5555555555555556,0.0,0.0,0.0,0.0,1.0,1.0,0.0
0.4523809523809524,0.03571428571428571,1.0,0.6666666666666667,0.6666666666666667,0.5964912280701754,0.16666666666666666,0.0,0.0,0.0,0.0,0.0,0.0,1.0
0.28571428571428564,0.2857142857142857,0.3333333333333333,0.6666666666666667,1.0,0.03508771929824561,0.05555555555555555,0.0,0.0,0.0,1.0,1.0,1.0,0.0
0.7857142857142856,0.8928571428571428,0.0,0.6666666666666667,0.6666666666666667,1.0,1.0,0.0,0.0,0.0,0.0,0.0,1.0,0.0
0.3095238095238095,0.2142857142857143,0.6666666666666667,0.3333333333333333,0.6666666666666667,0.3508771929824561,0.5555555555555556,1.0,1.0,0.0,0.0,0.0,1.0,0.0
0.9285714285714284,0.9999999999999999,0.0,0.3333333333333333,1.0,1.0,0.05555555555555555,0.0,0.0,0.0,0.0,0.0,1.0,0.0
0.3333333333333333,0.2857142857142857,0.0,0.6666666666666667,1.0,0.21052631578947367,0.3333333333333333,0.0,1.0,0.0,0.0,0.0,0.0,1.0
0.5476190476190477,0.39285714285714285,0.3333333333333333,0.6666666666666667,1.0,0.21052631578947367,0.05555555555555555,0.0,1.0,1.0,0.0,0.0,0.0,1.0
0.4761904761904761,0.03571428571428571,1.0,0.6666666666666667,1.0,0.03508771929824561,0.05555555555555555,1.0,1.0,1.0,0.0,0.0,0.0,1.0
0.21428571428571425,0.03571428571428571,1.0,0.6666666666666667,1.0,0.21052631578947367,0.2222222222222222,1.0,1.0,0.0,0.0,1.0,1.0,0.0
0.4523809523809524,0.2857142857142857,0.0,0.6666666666666667,0.3333333333333333,0.3157894736842105,0.5,0.0,0.0,0.0,0.0,0.0,1.0,0.0
0.6190476190476188,0.0,0.3333333333333333,0.6666666666666667,0.0,0.3157894736842105,0.2222222222222222,0.0,0.0,0.0,0.0,0.0,0.0,1.0
0.2619047619047619,0.7142857142857143,0.3333333333333333,1.0,0.0,0.3508771929824561,0.5555555555555556,0.0,1.0,0.0,0.0,0.0,1.0,0.0
0.4047619047619047,0.0,0.6666666666666667,0.3333333333333333,0.0,0.5614035087719298,0.8333333333333333,0.0,0.0,0.0,0.0,1.0,1.0,0.0
0.28571428571428564,0.5357142857142857,0.3333333333333333,0.6666666666666667,1.0,0.3508771929824561,0.5555555555555556,0.0,1.0,0.0,0.0,0.0,1.0,0.0
0.4761904761904761,0.03571428571428571,1.0,0.3333333333333333,0.6666666666666667,0.3508771929824561,0.2777777777777778,0.0,1.0,0.0,0.0,0.0,0.0,1.0
0.380952380952381,0.2857142857142857,0.3333333333333333,0.6666666666666667,0.6666666666666667,0.21052631578947367,0.3333333333333333,0.0,0.0,0.0,0.0,0.0,1.0,0.0
0.5714285714285714,0.14285714285714285,1.0,0.6666666666666667,0.6666666666666667,0.7368421052631579,0.05555555555555555,0.0,0.0,0.0,0.0,0.0,1.0,0.0
0.7142857142857142,0.10714285714285714,1.0,0.6666666666666667,1.0,0.38596491228070173,0.5555555555555556,0.0,1.0,0.0,0.0,1.0,1.0,0.0
0.49999999999999994,0.03571428571428571,1.0,0.3333333333333333,0.6666666666666667,0.7017543859649122,1.0,0.0,1.0,0.0,0.0,1.0,1.0,0.0
0.7380952380952379,0.6071428571428571,1.0,0.6666666666666667,1.0,0.24561403508771928,0.38888888888888884,0.0,1.0,0.0,0.0,0.0,0.0,1.0
0.5476190476190477,0.17857142857142855,1.0,0.6666666666666667,1.0,0.5614035087719298,0.05555555555555555,0.0,0.0,0.0,0.0,1.0,0.0,1.0
0.28571428571428564,0.2857142857142857,0.6666666666666667,0.6666666666666667,1.0,0.42105263157894735,0.611111111111111,0.0,0.0,0.0,0.0,0.0,0.0,1.0
0.5238095238095237,0.5357142857142857,0.6666666666666667,0.6666666666666667,0.6666666666666667,0.21052631578947367,0.2222222222222222,0.0,1.0,0.0,0.0,0.0,1.0,0.0
0.3095238095238095,0.0,0.3333333333333333,0.0,0.6666666666666667,0.03508771929824561,0.05555555555555555,1.0,0.0,0.0,1.0,1.0,1.0,0.0
0.6190476190476188,0.0,0.0,0.3333333333333333,0.6666666666666667,0.3508771929824561,0.1111111111111111,0.0,0.0,0.0,0.0,1.0,1.0,0.0
0.2619047619047619,0.2142857142857143,0.0,0.3333333333333333,1.0,0.2807017543859649,0.2222222222222222,0.0,1.0,1.0,0.0,0.0,1.0,0.0
0.4761904761904761,0.17857142857142855,0.0,0.3333333333333333,0.6666666666666667,0.3508771929824561,0.4444444444444444,1.0,1.0,0.0,0.0,0.0,1.0,0.0
0.5476190476190477,0.0,0.6666666666666667,0.6666666666666667,0.0,0.3508771929824561,0.5,1.0,0.0,0.0,0.0,0.0,1.0,0.0
0.35714285714285715,0.0,0.0,1.0,0.0,0.3157894736842105,0.5,0.0,0.0,0.0,0.0,0.0,1.0,0.0
0.6190476190476188,0.2142857142857143,0.3333333333333333,0.6666666666666667,1.0,0.8070175438596491,1.0,0.0,1.0,0.0,0.0,0.0,0.0,1.0
0.42857142857142855,0.25,0.0,1.0,0.0,0.3508771929824561,0.4444444444444444,0.0,1.0,0.0,0.0,0.0,1.0,0.0
0.380952380952381,0.03571428571428571,1.0,0.6666666666666667,1.0,0.21052631578947367,0.3333333333333333,0.0,0.0,0.0,0.0,1.0,1.0,0.0
0.6666666666666665,0.03571428571428571,0.3333333333333333,0.6666666666666667,0.0,0.7719298245614035,0.1111111111111111,0.0,0.0,0.0,0.0,1.0,1.0,0.0
0.6190476190476188,0.5714285714285714,1.0,0.0,0.6666666666666667,0.21052631578947367,0.0,0.0,1.0,0.0,0.0,1.0,1.0,0.0
0.4047619047619047,0.25,0.6666666666666667,0.6666666666666667,0.6666666666666667,0.5263157894736842,0.7777777777777777,0.0,1.0,0.0,0.0,0.0,1.0,0.0
0.2619047619047619,0.0,0.3333333333333333,0.3333333333333333,0.0,0.03508771929824561,0.05555555555555555,0.0,1.0,1.0,0.0,0.0,0.0,1.0
0.4761904761904761,0.0,0.3333333333333333,1.0,1.0,0.3508771929824561,0.5,0.0,1.0,0.0,0.0,1.0,1.0,0.0
0.8333333333333333,0.42857142857142855,1.0,1.0,0.0,0.17543859649122806,0.2222222222222222,0.0,1.0,0.0,0.0,0.0,1.0,0.0
0.7619047619047619,0.10714285714285714,0.0,0.6666666666666667,0.3333333333333333,0.9824561403508771,0.5555555555555556,0.0,1.0,0.0,0.0,0.0,1.0,0.0
0.4523809523809524,0.7142857142857143,0.6666666666666667,0.6666666666666667,1.0,0.3508771929824561,0.2777777777777778,1.0,0.0,0.0,1.0,0.0,1.0,0.0
0.4523809523809524,0.3214285714285714,1.0,0.6666666666666667,0.0,0.3508771929824561,0.5555555555555556,0.0,1.0,0.0,0.0,1.0,1.0,0.0
0.4761904761904761,0.7857142857142857,1.0,0.6666666666666667,1.0,0.3508771929824561,0.1111111111111111,0.0,1.0,0.0,0.0,0.0,1.0,0.0
0.23809523809523808,0.0,0.0,0.3333333333333333,0.6666666666666667,0.03508771929824561,0.05555555555555555,0.0,1.0,0.0,0.0,0.0,1.0,0.0
0.8809523809523809,0.03571428571428571,1.0,0.6666666666666667,0.3333333333333333,0.8070175438596491,0.16666666666666666,1.0,1.0,0.0,0.0,0.0,1.0,0.0
0.4761904761904761,0.5714285714285714,0.6666666666666667,0.3333333333333333,0.6666666666666667,0.7017543859649122,1.0,0.0,1.0,0.0,0.0,0.0,1.0,0.0
0.6428571428571428,0.03571428571428571,0.0,0.0,0.3333333333333333,0.9122807017543859,1.0,0.0,0.0,0.0,0.0,1.0,0.0,1.0
0.3095238095238095,0.6071428571428571,1.0,1.0,0.0,0.07017543859649122,0.05555555555555555,0.0,0.0,0.0,0.0,0.0,1.0,0.0
0.5952380952380951,0.03571428571428571,1.0,1.0,0.6666666666666667,0.21052631578947367,0.2777777777777778,0.0,1.0,0.0,0.0,0.0,1.0,0.0
0.5238095238095237,0.0,0.0,0.6666666666666667,0.0,0.7719298245614035,1.0,0.0,1.0,0.0,0.0,0.0,1.0,0.0
0.28571428571428564,0.39285714285714285,0.3333333333333333,0.6666666666666667,0.6666666666666667,0.21052631578947367,0.2777777777777778,0.0,0.0,0.0,0.0,1.0,1.0,0.0
0.23809523809523808,0.8928571428571428,0.6666666666666667,0.3333333333333333,0.0,0.17543859649122806,0.2777777777777778,0.0,0.0,0.0,0.0,0.0,1.0,0.0
0.0,0.07142857142857142,0.3333333333333333,0.6666666666666667,1.0,0.0,0.0,1.0,0.0,0.0,1.0,1.0,0.0,1.0
0.23809523809523808,0.03571428571428571,0.0,0.6666666666666667,0.6666666666666667,0.17543859649122806,0.0,0.0,1.0,1.0,0.0,1.0,1.0,0.0
0.49999999999999994,0.07142857142857142,1.0,0.6666666666666667,0.6666666666666667,0.42105263157894735,0.05555555555555555,0.0,0.0,0.0,0.0,0.0,0.0,1.0
0.16666666666666669,0.03571428571428571,1.0,1.0,0.6666666666666667,0.24561403508771928,0.38888888888888884,1.0,1.0,0.0,0.0,0.0,1.0,0.0
0.35714285714285715,0.25,0.0,0.6666666666666667,0.0,0.2807017543859649,0.1111111111111111,0.0,0.0,0.0,0.0,0.0,1.0,0.0
0.23809523809523808,0.42857142857142855,1.0,0.6666666666666667,0.6666666666666667,0.21052631578947367,0.1111111111111111,0.0,0.0,0.0,0.0,1.0,0.0,1.0
0.9999999999999998,0.9642857142857143,0.6666666666666667,0.3333333333333333,0.0,0.7719298245614035,1.0,1.0,0.0,0.0,0.0,0.0,1.0,0.0
0.5714285714285714,0.39285714285714285,0.6666666666666667,0.6666666666666667,0.0,0.7719298245614035,1.0,1.0,0.0,0.0,0.0,1.0,0.0,1.0
0.380952380952381,0.25,0.3333333333333333,0.6666666666666667,0.6666666666666667,0.3508771929824561,0.2777777777777778,0.0,1.0,0.0,0.0,1.0,1.0,0.0
0.6904761904761905,0.03571428571428571,0.6666666666666667,0.6666666666666667,1.0,0.2807017543859649,0.38888888888888884,0.0,0.0,0.0,0.0,0.0,0.0,1.0
0.9047619047619047,0.2857142857142857,0.6666666666666667,0.6666666666666667,1.0,1.0,0.5555555555555556,0.0,1.0,0.0,0.0,0.0,1.0,0.0
0.3333333333333333,0.14285714285714285,0.3333333333333333,0.6666666666666667,0.3333333333333333,0.42105263157894735,0.38888888888888884,0.0,1.0,0.0,0.0,1.0,1.0,0.0
0.7380952380952379,0.10714285714285714,0.0,0.3333333333333333,0.6666666666666667,0.8070175438596491,0.05555555555555555,0.0,1.0,0.0,0.0,0.0,1.0,0.0
0.4523809523809524,0.2857142857142857,0.3333333333333333,0.6666666666666667,1.0,0.14035087719298245,0.2222222222222222,1.0,1.0,0.0,0.0,0.0,0.0,1.0
0.5476190476190477,0.10714285714285714,0.0,0.6666666666666667,0.3333333333333333,0.2807017543859649,0.4444444444444444,1.0,0.0,0.0,0.0,1.0,1.0,0.0
0.4523809523809524,0.3214285714285714,0.6666666666666667,0.6666666666666667,0.0,0.5964912280701754,0.2777777777777778,0.0,1.0,1.0,0.0,0.0,1.0,0.0
0.23809523809523808,0.2142857142857143,0.6666666666666667,0.6666666666666667,0.0,0.17543859649122806,0.2222222222222222,1.0,0.0,0.0,0.0,1.0,1.0,0.0
0.21428571428571425,0.5,1.0,0.3333333333333333,0.0,0.2807017543859649,0.38888888888888884,1.0,1.0,0.0,0.0,0.0,1.0,0.0
0.380952380952381,0.03571428571428571,1.0,0.3333333333333333,0.6666666666666667,0.49122807017543857,0.38888888888888884,0.0,1.0,0.0,0.0,0.0,1.0,0.0
0.4523809523809524,0.0,1.0,0.3333333333333333,1.0,0.49122807017543857,0.7777777777777777,0.0,1.0,0.0,0.0,0.0,1.0,0.0
0.976190476190476,0.0,0.0,0.3333333333333333,0.6666666666666667,0.7017543859649122,0.2222222222222222,1.0,0.0,0.0,0.0,1.0,1.0,0.0
0.3095238095238095,0.2142857142857143,1.0,0.6666666666666667,1.0,0.3508771929824561,0.38888888888888884,0.0,1.0,1.0,0.0,0.0,1.0,0.0
0.3095238095238095,0.0,0.6666666666666667,0.6666666666666667,0.3333333333333333,0.03508771929824561,0.05555555555555555,0.0,1.0,0.0,0.0,1.0,1.0,0.0
0.42857142857142855,0.07142857142857142,0.6666666666666667,0.6666666666666667,0.3333333333333333,0.3508771929824561,0.4444444444444444,0.0,1.0,0.0,0.0,1.0,1.0,0.0
0.21428571428571425,0.25,0.3333333333333333,1.0,0.6666666666666667,0.17543859649122806,0.16666666666666666,0.0,1.0,0.0,0.0,0.0,1.0,0.0
0.5238095238095237,0.4642857142857143,0.6666666666666667,0.3333333333333333,0.6666666666666667,0.7368421052631579,1.0,0.0,1.0,0.0,0.0,1.0,1.0,0.0
0.16666666666666669,0.0,0.0,0.6666666666666667,0.6666666666666667,0.17543859649122806,0.2222222222222222,0.0,1.0,0.0,0.0,0.0,1.0,0.0
0.5476190476190477,0.3214285714285714,1.0,0.6666666666666667,1.0,0.5614035087719298,0.7777777777777777,0.0,0.0,0.0,0.0,1.0,1.0,0.0
0.7619047619047619,0.0,0.3333333333333333,0.6666666666666667,0.6666666666666667,0.42105263157894735,0.3333333333333333,1.0,0.0,0.0,0.0,0.0,1.0,0.0
0.14285714285714285,0.8214285714285714,1.0,0.6666666666666667,1.0,0.10526315789473684,0.1111111111111111,1.0,0.0,0.0,1.0,0.0,1.0,0.0
0.35714285714285715,0.3214285714285714,1.0,1.0,0.6666666666666667,0.3508771929824561,0.5,0.0,0.0,0.0,0.0,0.0,0.0,1.0
0.2619047619047619,0.3214285714285714,0.6666666666666667,0.6666666666666667,0.6666666666666667,0.03508771929824561,0.05555555555555555,0.0,0.0,0.0,1.0,1.0,1.0,0.0
0.5714285714285714,0.07142857142857142,0.6666666666666667,1.0,1.0,0.5964912280701754,0.2777777777777778,0.0,1.0,1.0,0.0,0.0,0.0,1.0
0.5714285714285714,0.03571428571428571,0.0,0.3333333333333333,1.0,0.49122807017543857,0.05555555555555555,0.0,1.0,0.0,0.0,1.0,1.0,0.0
0.35714285714285715,0.25,0.3333333333333333,0.3333333333333333,1.0,0.10526315789473684,0.1111111111111111,0.0,0.0,0.0,1.0,1.0,1.0,0.0
0.02380952380952378,0.8571428571428571,0.3333333333333333,1.0,1.0,0.03508771929824561,0.05555555555555555,0.0,1.0,0.0,0.0,1.0,0.0,1.0
0.19047619047619052,0.7857142857142857,0.6666666666666667,0.3333333333333333,1.0,0.17543859649122806,0.1111111111111111,0.0,0.0,0.0,0.0,0.0,0.0,1.0
0.4047619047619047,0.25,0.0,0.6666666666666667,1.0,0.10526315789473684,0.16666666666666666,0.0,0.0,0.0,1.0,0.0,1.0,0.0
0.6904761904761905,0.9999999999999999,0.0,0.6666666666666667,0.3333333333333333,0.3508771929824561,0.5555555555555556,0.0,1.0,0.0,0.0,0.0,0.0,1.0
0.28571428571428564,0.7857142857142857,0.0,0.0,0.6666666666666667,0.3508771929824561,0.5555555555555556,1.0,1.0,0.0,0.0,0.0,1.0,0.0
0.4047619047619047,0.2142857142857143,0.6666666666666667,0.3333333333333333,1.0,0.03508771929824561,0.05555555555555555,0.0,1.0,1.0,0.0,0.0,1.0,0.0
0.3333333333333333,0.42857142857142855,0.3333333333333333,0.6666666666666667,1.0,0.2807017543859649,0.2777777777777778,0.0,0.0,0.0,0.0,0.0,1.0,0.0
0.380952380952381,0.0,1.0,0.3333333333333333,0.3333333333333333,0.24561403508771928,0.2777777777777778,0.0,1.0,1.0,0.0,0.0,1.0,0.0
0.8809523809523809,0.03571428571428571,1.0,0.6666666666666667,0.0,0.8421052631578947,0.2777777777777778,0.0,1.0,0.0,0.0,0.0,0.0,1.0
0.7619047619047619,0.03571428571428571,0.0,0.6666666666666667,0.0,1.0,1.0,0.0,1.0,0.0,0.0,0.0,1.0,0.0
0.42857142857142855,0.03571428571428571,1.0,0.6666666666666667,0.6666666666666667,0.21052631578947367,0.1111111111111111,0.0,1.0,0.0,0.0,0.0,1.0,0.0
0.7619047619047619,0.6785714285714285,0.3333333333333333,0.6666666666666667,0.6666666666666667,1.0,1.0,1.0,1.0,0.0,0.0,0.0,0.0,1.0
0.23809523809523808,0.39285714285714285,0.6666666666666667,0.6666666666666667,1.0,0.03508771929824561,0.05555555555555555,0.0,1.0,1.0,0.0,0.0,0.0,1.0
0.3095238095238095,0.7857142857142857,0.3333333333333333,0.3333333333333333,1.0,0.3508771929824561,0.5,0.0,1.0,0.0,0.0,0.0,1.0,0.0
0.42857142857142855,0.07142857142857142,0.0,0.6666666666666667,0.3333333333333333,0.5263157894736842,0.2777777777777778,0.0,0.0,0.0,0.0,1.0,0.0,1.0
0.21428571428571425,0.3214285714285714,1.0,0.6666666666666667,0.0,0.3157894736842105,0.5,1.0,1.0,0.0,0.0,0.0,1.0,0.0
0.3333333333333333,0.10714285714285714,0.6666666666666667,0.6666666666666667,0.3333333333333333,0.21052631578947367,0.2222222222222222,0.0,0.0,0.0,1.0,0.0,1.0,0.0
0.16666666666666669,0.03571428571428571,0.0,1.0,0.0,0.21052631578947367,0.2222222222222222,0.0,1.0,0.0,0.0,1.0,1.0,0.0
0.5238095238095237,0.03571428571428571,0.6666666666666667,0.6666666666666667,0.6666666666666667,0.7368421052631579,1.0,0.0,0.0,0.0,0.0,0.0,1.0,0.0
0.7380952380952379,0.75,0.0,0.6666666666666667,0.3333333333333333,0.9473684210526315,0.2222222222222222,0.0,1.0,0.0,0.0,0.0,1.0,0.0
0.35714285714285715,0.17857142857142855,0.6666666666666667,0.6666666666666667,1.0,0.5263157894736842,0.7222222222222222,1.0,1.0,0.0,0.0,0.0,1.0,0.0
0.3333333333333333,0.0,1.0,0.6666666666666667,0.0,0.03508771929824561,0.05555555555555555,0.0,1.0,0.0,0.0,1.0,1.0,0.0
0.42857142857142855,0.03571428571428571,0.6666666666666667,0.6666666666666667,1.0,0.24561403508771928,0.16666666666666666,0.0,0.0,0.0,1.0,1.0,0.0,1.0
0.7857142857142856,0.35714285714285715,1.0,0.3333333333333333,0.3333333333333333,1.0,0.2777777777777778,0.0,1.0,0.0,0.0,1.0,1.0,0.0
0.28571428571428564,0.39285714285714285,0.3333333333333333,0.3333333333333333,0.0,0.03508771929824561,0.05555555555555555,1.0,0.0,0.0,1.0,0.0,1.0,0.0
0.857142857142857,0.75,0.3333333333333333,0.6666666666666667,0.6666666666666667,1.0,0.5555555555555556,0.0,1.0,0.0,0.0,0.0,1.0,0.0
0.3095238095238095,0.2142857142857143,0.0,0.6666666666666667,0.0,0.3157894736842105,0.16666666666666666,1.0,0.0,0.0,0.0,0.0,1.0,0.0
0.4047619047619047,0.3214285714285714,0.3333333333333333,0.6666666666666667,1.0,0.10526315789473684,0.16666666666666666,0.0,1.0,1.0,0.0,0.0,1.0,0.0
0.6904761904761905,0.2857142857142857,0.3333333333333333,0.6666666666666667,0.6666666666666667,0.24561403508771928,0.1111111111111111,0.0,1.0,1.0,0.0,1.0,1.0,0.0
0.6428571428571428,0.0,1.0,0.6666666666666667,1.0,0.2807017543859649,0.2777777777777778,0.0,1.0,1.0,0.0,0.0,1.0,0.0
0.21428571428571425,0.14285714285714285,0.6666666666666667,0.3333333333333333,1.0,0.3157894736842105,0.5,0.0,1.0,0.0,0.0,0.0,0.0,1.0
0.6904761904761905,0.10714285714285714,0.6666666666666667,0.3333333333333333,0.3333333333333333,0.9824561403508771,1.0,0.0,1.0,0.0,0.0,0.0,0.0,1.0
0.8809523809523809,0.10714285714285714,1.0,0.6666666666666667,0.6666666666666667,0.14035087719298245,0.16666666666666666,0.0,1.0,0.0,0.0,0.0,0.0,1.0
0.857142857142857,0.6428571428571428,0.6666666666666667,0.6666666666666667,0.3333333333333333,0.5614035087719298,0.5,0.0,0.0,0.0,0.0,0.0,1.0,0.0
0.3095238095238095,0.2142857142857143,0.6666666666666667,0.6666666666666667,1.0,0.38596491228070173,0.611111111111111,0.0,1.0,0.0,0.0,1.0,0.0,1.0
0.5476190476190477,0.03571428571428571,0.3333333333333333,0.6666666666666667,0.0,0.7719298245614035,1.0,0.0,0.0,0.0,0.0,0.0,1.0,0.0
0.2619047619047619,0.03571428571428571,0.0,0.6666666666666667,1.0,0.21052631578947367,0.3333333333333333,1.0,1.0,0.0,0.0,0.0,1.0,0.0
0.49999999999999994,0.17857142857142855,1.0,1.0,0.6666666666666667,0.38596491228070173,0.38888888888888884,0.0,0.0,0.0,0.0,0.0,1.0,0.0
0.49999999999999994,0.0,0.6666666666666667,1.0,1.0,0.6666666666666666,1.0,0.0,1.0,0.0,0.0,0.0,1.0,0.0
0.3095238095238095,0.35714285714285715,1.0,0.6666666666666667,1.0,0.2807017543859649,0.3333333333333333,0.0,1.0,0.0,0.0,0.0,0.0,1.0
0.4047619047619047,0.5357142857142857,1.0,0.6666666666666667,0.6666666666666667,0.3508771929824561,0.4444444444444444,0.0,1.0,0.0,0.0,0.0,0.0,1.0
0.14285714285714285,0.9999999999999999,0.3333333333333333,0.6666666666666667,0.0,0.21052631578947367,0.3333333333333333,0.0,1.0,1.0,0.0,0.0,1.0,0.0
0.21428571428571425,0.0,0.6666666666666667,0.3333333333333333,0.0,0.21052631578947367,0.1111111111111111,1.0,1.0,0.0,0.0,0.0,1.0,0.0
0.19047619047619052,0.5714285714285714,1.0,0.0,0.6666666666666667,0.10526315789473684,0.16666666666666666,0.0,1.0,1.0,0.0,0.0,1.0,0.0
0.5952380952380951,0.17857142857142855,0.3333333333333333,0.3333333333333333,1.0,0.7368421052631579,0.05555555555555555,0.0,1.0,0.0,0.0,0.0,0.0,1.0
0.21428571428571425,0.4642857142857143,0.0,0.6666666666666667,0.0,0.3157894736842105,0.5,0.0,1.0,0.0,0.0,0.0,0.0,1.0
0.42857142857142855,0.7857142857142857,0.6666666666666667,1.0,1.0,0.5964912280701754,0.2777777777777778,1.0,1.0,1.0,0.0,0.0,1.0,0.0
0.3095238095238095,0.8928571428571428,0.0,0.6666666666666667,1.0,0.3508771929824561,0.5555555555555556,1.0,0.0,0.0,0.0,0.0,0.0,1.0
0.7619047619047619,0.03571428571428571,0.6666666666666667,0.6666666666666667,0.6666666666666667,1.0,0.2222222222222222,0.0,1.0,0.0,0.0,0.0,1.0,0.0
0.35714285714285715,0.75,0.6666666666666667,0.6666666666666667,0.3333333333333333,0.2807017543859649,0.38888888888888884,0.0,0.0,0.0,0.0,0.0,1.0,0.0
0.42857142857142855,0.6071428571428571,0.0,0.6666666666666667,1.0,0.631578947368421,0.611111111111111,0.0,1.0,0.0,0.0,1.0,1.0,0.0
0.42857142857142855,0.42857142857142855,0.6666666666666667,0.6666666666666667,0.3333333333333333,0.2807017543859649,0.2777777777777778,0.0,0.0,0.0,0.0,0.0,1.0,0.0
0.2619047619047619,0.0,1.0,0.6666666666666667,0.6666666666666667,0.3508771929824561,0.5555555555555556,0.0,1.0,0.0,0.0,0.0,1.0,0.0
0.19047619047619052,0.8571428571428571,0.6666666666666667,0.6666666666666667,0.6666666666666667,0.2807017543859649,0.4444444444444444,0.0,0.0,0.0,0.0,0.0,1.0,0.0
0.5952380952380951,0.2142857142857143,1.0,1.0,1.0,0.24561403508771928,0.2777777777777778,0.0,1.0,0.0,0.0,0.0,1.0,0.0
0.380952380952381,0.4642857142857143,0.6666666666666667,0.6666666666666667,0.6666666666666667,0.2807017543859649,0.4444444444444444,0.0,0.0,0.0,1.0,0.0,0.0,1.0
0.6904761904761905,0.03571428571428571,0.6666666666666667,0.6666666666666667,0.3333333333333333,0.14035087719298245,0.05555555555555555,0.0,0.0,0.0,0.0,0.0,1.0,0.0
0.6428571428571428,0.6785714285714285,0.6666666666666667,0.6666666666666667,1.0,0.7368421052631579,1.0,0.0,1.0,0.0,0.0,0.0,0.0,1.0
0.6904761904761905,0.03571428571428571,0.0,0.6666666666666667,0.6666666666666667,0.9122807017543859,1.0,0.0,1.0,0.0,0.0,0.0,1.0,0.0
0.3333333333333333,0.03571428571428571,0.6666666666666667,0.3333333333333333,0.3333333333333333,0.24561403508771928,0.1111111111111111,0.0,0.0,0.0,0.0,1.0,0.0,1.0
0.8333333333333333,0.03571428571428571,1.0,1.0,0.3333333333333333,1.0,0.5,0.0,1.0,0.0,0.0,1.0,1.0,0.0
0.380952380952381,0.03571428571428571,0.6666666666666667,0.6666666666666667,0.0,0.14035087719298245,0.16666666666666666,0.0,0.0,0.0,0.0,1.0,0.0,1.0
0.49999999999999994,0.6071428571428571,0.0,0.6666666666666667,0.6666666666666667,0.3157894736842105,0.4444444444444444,0.0,1.0,0.0,0.0,1.0,1.0,0.0
0.23809523809523808,0.10714285714285714,0.3333333333333333,0.6666666666666667,0.6666666666666667,0.17543859649122806,0.2777777777777778,0.0,0.0,0.0,0.0,0.0,1.0,0.0
0.7142857142857142,0.75,1.0,0.6666666666666667,1.0,0.8421052631578947,1.0,1.0,1.0,0.0,0.0,0.0,1.0,0.0
0.4523809523809524,0.17857142857142855,0.6666666666666667,1.0,0.0,0.45614035087719296,0.38888888888888884,0.0,1.0,0.0,0.0,0.0,0.0,1.0
0.09523809523809518,0.07142857142857142,0.3333333333333333,0.6666666666666667,0.6666666666666667,0.14035087719298245,0.16666666666666666,0.0,1.0,0.0,0.0,0.0,0.0,1.0
0.6666666666666665,0.03571428571428571,0.0,0.6666666666666667,0.6666666666666667,0.9122807017543859,0.16666666666666666,0.0,1.0,0.0,0.0,0.0,1.0,0.0
0.6666666666666665,0.42857142857142855,0.6666666666666667,0.6666666666666667,0.3333333333333333,0.6666666666666666,0.5555555555555556,0.0,1.0,0.0,0.0,1.0,1.0,0.0
0.6904761904761905,0.4642857142857143,1.0,0.6666666666666667,0.0,0.7017543859649122,0.38888888888888884,0.0,0.0,0.0,0.0,1.0,1.0,0.0
0.14285714285714285,0.3214285714285714,0.0,0.6666666666666667,1.0,0.10526315789473684,0.1111111111111111,1.0,0.0,0.0,0.0,0.0,1.0,0.0
0.5714285714285714,0.17857142857142855,0.6666666666666667,0.6666666666666667,0.0,0.631578947368421,0.7222222222222222,0.0,1.0,0.0,0.0,0.0,1.0,0.0
0.6190476190476188,0.03571428571428571,0.3333333333333333,0.6666666666666667,0.6666666666666667,0.5614035087719298,0.1111111111111111,1.0,1.0,0.0,0.0,1.0,0.0,1.0
0.6190476190476188,0.0,0.3333333333333333,0.6666666666666667,1.0,0.21052631578947367,0.2222222222222222,0.0,1.0,0.0,0.0,1.0,0.0,1.0
0.857142857142857,0.0,1.0,0.6666666666666667,1.0,1.0,1.0,0.0,1.0,0.0,0.0,1.0,1.0,0.0
0.6428571428571428,0.10714285714285714,0.6666666666666667,0.0,0.6666666666666667,0.3157894736842105,0.2777777777777778,0.0,0.0,0.0,0.0,0.0,1.0,0.0
0.21428571428571425,0.07142857142857142,1.0,0.6666666666666667,1.0,0.0,0.0,0.0,1.0,0.0,0.0,0.0,1.0,0.0
0.28571428571428564,0.10714285714285714,0.6666666666666667,0.6666666666666667,1.0,0.10526315789473684,0.05555555555555555,1.0,1.0,0.0,0.0,1.0,0.0,1.0
0.21428571428571425,0.5357142857142857,0.6666666666666667,0.6666666666666667,0.3333333333333333,0.14035087719298245,0.1111111111111111,0.0,1.0,1.0,0.0,0.0,1.0,0.0
0.2619047619047619,0.0,0.0,0.6666666666666667,1.0,0.10526315789473684,0.16666666666666666,0.0,1.0,0.0,0.0,0.0,1.0,0.0
0.19047619047619052,0.14285714285714285,0.6666666666666667,0.3333333333333333,0.6666666666666667,0.2807017543859649,0.4444444444444444,1.0,1.0,0.0,0.0,0.0,0.0,1.0
0.42857142857142855,0.07142857142857142,1.0,1.0,0.0,0.45614035087719296,0.2777777777777778,0.0,1.0,0.0,0.0,0.0,1.0,0.0
0.2619047619047619,0.2857142857142857,0.3333333333333333,0.3333333333333333,1.0,0.14035087719298245,0.16666666666666666,0.0,1.0,1.0,0.0,1.0,1.0,0.0
0.35714285714285715,0.5357142857142857,0.0,0.6666666666666667,0.0,0.21052631578947367,0.16666666666666666,0.0,0.0,0.0,0.0,1.0,1.0,0.0
0.857142857142857,0.5714285714285714,0.6666666666666667,0.6666666666666667,0.6666666666666667,0.7719298245614035,0.5555555555555556,0.0,1.0,0.0,0.0,0.0,1.0,0.0
0.3095238095238095,0.42857142857142855,0.3333333333333333,0.6666666666666667,0.0,0.3157894736842105,0.16666666666666666,0.0,0.0,0.0,0.0,0.0,1.0,0.0
0.5238095238095237,0.8214285714285714,0.0,0.6666666666666667,1.0,0.3157894736842105,0.5,0.0,1.0,0.0,0.0,0.0,1.0,0.0
0.6904761904761905,0.8928571428571428,1.0,0.6666666666666667,0.6666666666666667,0.9473684210526315,0.2777777777777778,0.0,0.0,0.0,0.0,0.0,1.0,0.0
0.28571428571428564,0.03571428571428571,1.0,0.3333333333333333,0.0,0.3508771929824561,0.5,1.0,1.0,0.0,0.0,1.0,1.0,0.0
0.3095238095238095,0.8928571428571428,0.0,0.6666666666666667,0.6666666666666667,0.17543859649122806,0.2777777777777778,0.0,1.0,0.0,0.0,0.0,1.0,0.0
0.4761904761904761,0.9999999999999999,1.0,0.6666666666666667,1.0,0.3508771929824561,0.5555555555555556,1.0,1.0,1.0,0.0,1.0,1.0,0.0
0.4047619047619047,0.14285714285714285,0.6666666666666667,0.6666666666666667,0.3333333333333333,0.5964912280701754,0.8888888888888888,0.0,1.0,0.0,0.0,1.0,1.0,0.0
0.9047619047619047,0.7857142857142857,1.0,0.6666666666666667,0.3333333333333333,1.0,1.0,0.0,1.0,0.0,0.0,0.0,0.0,1.0
0.4523809523809524,0.10714285714285714,0.0,0.6666666666666667,1.0,0.45614035087719296,0.5,1.0,0.0,0.0,1.0,0.0,1.0,0.0
0.380952380952381,0.7857142857142857,0.3333333333333333,0.6666666666666667,0.6666666666666667,0.3508771929824561,0.5,0.0,0.0,0.0,0.0,1.0,1.0,0.0
0.5476190476190477,0.03571428571428571,0.3333333333333333,0.0,1.0,0.3508771929824561,0.38888888888888884,0.0,1.0,1.0,0.0,0.0,0.0,1.0
0.5238095238095237,0.0,0.0,0.6666666666666667,1.0,0.2807017543859649,0.05555555555555555,0.0,1.0,1.0,0.0,0.0,1.0,0.0
0.7619047619047619,0.0,1.0,0.6666666666666667,1.0,1.0,0.2777777777777778,0.0,1.0,0.0,0.0,0.0,1.0,0.0
0.49999999999999994,0.8571428571428571,0.6666666666666667,0.6666666666666667,0.6666666666666667,0.45614035087719296,0.3333333333333333,0.0,1.0,0.0,0.0,0.0,1.0,0.0
0.07142857142857145,0.0,1.0,0.3333333333333333,0.3333333333333333,0.07017543859649122,0.1111111111111111,0.0,1.0,0.0,0.0,1.0,0.0,1.0
0.4761904761904761,0.03571428571428571,0.0,0.6666666666666667,0.3333333333333333,0.45614035087719296,0.611111111111111,0.0,0.0,0.0,0.0,0.0,1.0,0.0
0.49999999999999994,0.3214285714285714,0.6666666666666667,0.6666666666666667,0.6666666666666667,0.3157894736842105,0.2222222222222222,0.0,1.0,0.0,0.0,1.0,1.0,0.0
0.380952380952381,0.07142857142857142,1.0,0.3333333333333333,1.0,0.3157894736842105,0.2222222222222222,0.0,0.0,0.0,0.0,0.0,0.0,1.0
0.49999999999999994,0.7857142857142857,0.6666666666666667,0.6666666666666667,0.0,0.21052631578947367,0.2777777777777778,0.0,1.0,0.0,0.0,1.0,1.0,0.0
0.3333333333333333,0.14285714285714285,0.0,1.0,0.6666666666666667,0.2807017543859649,0.2222222222222222,1.0,1.0,0.0,0.0,1.0,0.0,1.0
0.35714285714285715,0.03571428571428571,0.6666666666666667,0.6666666666666667,1.0,0.14035087719298245,0.16666666666666666,0.0,1.0,0.0,0.0,1.0,1.0,0.0
0.4761904761904761,0.2142857142857143,1.0,0.3333333333333333,1.0,0.2807017543859649,0.38888888888888884,0.0,0.0,0.0,0.0,1.0,1.0,0.0
0.6428571428571428,0.9999999999999999,0.3333333333333333,0.6666666666666667,1.0,0.3508771929824561,0.16666666666666666,0.0,1.0,0.0,0.0,0.0,0.0,1.0
0.49999999999999994,0.10714285714285714,0.0,0.6666666666666667,0.6666666666666667,0.3508771929824561,0.5,1.0,1.0,0.0,0.0,1.0,1.0,0.0
0.9047619047619047,0.25,0.6666666666666667,0.6666666666666667,0.0,0.6666666666666666,0.1111111111111111,0.0,1.0,0.0,0.0,0.0,0.0,1.0
0.6666666666666665,0.6071428571428571,0.6666666666666667,0.6666666666666667,0.6666666666666667,0.6666666666666666,0.5555555555555556,0.0,1.0,0.0,0.0,0.0,1.0,0.0
0.35714285714285715,0.0,0.0,0.6666666666666667,1.0,0.5263157894736842,0.8333333333333333,1.0,1.0,0.0,0.0,1.0,0.0,1.0
0.8333333333333333,0.03571428571428571,0.6666666666666667,0.6666666666666667,0.6666666666666667,0.7719298245614035,0.9444444444444444,0.0,0.0,0.0,0.0,0.0,1.0,0.0
0.28571428571428564,0.03571428571428571,0.6666666666666667,0.0,1.0,0.38596491228070173,0.2777777777777778,0.0,1.0,0.0,0.0,1.0,1.0,0.0
0.6904761904761905,0.14285714285714285,1.0,0.6666666666666667,0.6666666666666667,0.7368421052631579,0.16666666666666666,0.0,1.0,0.0,0.0,0.0,1.0,0.0
0.16666666666666669,0.25,1.0,1.0,0.3333333333333333,0.14035087719298245,0.16666666666666666,0.0,0.0,0.0,0.0,0.0,1.0,0.0
0.23809523809523808,0.8214285714285714,0.6666666666666667,0.6666666666666667,0.3333333333333333,0.03508771929824561,0.05555555555555555,0.0,1.0,1.0,0.0,0.0,0.0,1.0
0.4047619047619047,0.7857142857142857,0.3333333333333333,0.3333333333333333,0.6666666666666667,0.2807017543859649,0.05555555555555555,0.0,1.0,0.0,0.0,0.0,0.0,1.0
0.5952380952380951,0.9642857142857143,0.3333333333333333,1.0,0.6666666666666667,0.631578947368421,0.16666666666666666,1.0,1.0,0.0,0.0,1.0,1.0,0.0
0.5952380952380951,0.2142857142857143,0.6666666666666667,0.6666666666666667,0.0,0.3508771929824561,0.05555555555555555,0.0,1.0,0.0,0.0,0.0,1.0,0.0
0.6666666666666665,0.7142857142857143,1.0,0.6666666666666667,0.3333333333333333,0.45614035087719296,0.5,0.0,1.0,0.0,0.0,0.0,1.0,0.0
0.09523809523809518,0.14285714285714285,1.0,1.0,0.3333333333333333,0.14035087719298245,0.2222222222222222,0.0,1.0,0.0,0.0,0.0,0.0,1.0
0.5714285714285714,0.10714285714285714,0.3333333333333333,0.6666666666666667,0.0,0.3157894736842105,0.3333333333333333,0.0,0.0,0.0,0.0,1.0,1.0,0.0
0.380952380952381,0.07142857142857142,1.0,0.6666666666666667,0.3333333333333333,0.38596491228070173,0.611111111111111,0.0,1.0,0.0,0.0,0.0,1.0,0.0
0.7142857142857142,0.6785714285714285,1.0,0.6666666666666667,0.6666666666666667,0.45614035087719296,0.0,0.0,1.0,0.0,0.0,0.0,1.0,0.0
0.380952380952381,0.3214285714285714,1.0,0.3333333333333333,0.6666666666666667,0.2807017543859649,0.4444444444444444,1.0,1.0,0.0,0.0,0.0,1.0,0.0
0.8809523809523809,0.0,0.0,0.6666666666666667,1.0,0.8421052631578947,0.05555555555555555,0.0,0.0,0.0,0.0,0.0,1.0,0.0
0.6904761904761905,0.8571428571428571,0.0,0.6666666666666667,0.6666666666666667,0.8771929824561403,0.9444444444444444,0.0,1.0,0.0,0.0,1.0,1.0,0.0
0.8095238095238095,0.6428571428571428,1.0,0.6666666666666667,1.0,0.17543859649122806,0.2222222222222222,0.0,1.0,0.0,0.0,0.0,1.0,0.0
0.047619047619047616,0.2857142857142857,1.0,0.6666666666666667,0.0,0.07017543859649122,0.1111111111111111,0.0,0.0,0.0,1.0,1.0,1.0,0.0
0.4047619047619047,0.7142857142857143,1.0,0.6666666666666667,1.0,0.3508771929824561,0.5555555555555556,0.0,1.0,0.0,0.0,0.0,0.0,1.0
0.6190476190476188,0.3214285714285714,1.0,0.6666666666666667,1.0,0.3157894736842105,0.2222222222222222,0.0,1.0,0.0,0.0,0.0,0.0,1.0
0.11904761904761901,0.10714285714285714,0.0,1.0,0.0,0.17543859649122806,0.16666666666666666,0.0,1.0,0.0,0.0,0.0,1.0,0.0
0.4761904761904761,0.3214285714285714,0.3333333333333333,0.0,0.6666666666666667,0.7017543859649122,1.0,0.0,1.0,0.0,0.0,0.0,1.0,0.0
0.6428571428571428,0.6785714285714285,0.3333333333333333,0.0,0.0,0.8421052631578947,0.38888888888888884,0.0,1.0,0.0,0.0,0.0,0.0,1.0
0.3333333333333333,0.0,0.0,0.0,0.3333333333333333,0.3508771929824561,0.0,0.0,0.0,0.0,0.0,1.0,1.0,0.0
0.5238095238095237,0.75,0.6666666666666667,0.3333333333333333,0.6666666666666667,0.2807017543859649,0.3333333333333333,0.0,0.0,0.0,0.0,0.0,0.0,1.0
0.4047619047619047,0.5714285714285714,0.6666666666666667,0.6666666666666667,0.0,0.5263157894736842,0.38888888888888884,0.0,0.0,0.0,0.0,0.0,0.0,1.0
0.8333333333333333,0.17857142857142855,1.0,0.6666666666666667,1.0,0.6666666666666666,0.1111111111111111,0.0,1.0,1.0,0.0,1.0,1.0,0.0
0.3333333333333333,0.25,0.6666666666666667,1.0,1.0,0.3508771929824561,0.5555555555555556,0.0,0.0,0.0,0.0,0.0,1.0,0.0
0.380952380952381,0.9642857142857143,1.0,0.3333333333333333,0.6666666666666667,0.2807017543859649,0.4444444444444444,0.0,0.0,0.0,0.0,0.0,1.0,0.0
0.21428571428571425,0.5714285714285714,0.6666666666666667,0.6666666666666667,0.3333333333333333,0.21052631578947367,0.2777777777777778,0.0,1.0,0.0,0.0,0.0,0.0,1.0
0.5714285714285714,0.2857142857142857,0.0,0.6666666666666667,1.0,0.42105263157894735,0.6666666666666666,1.0,1.0,1.0,0.0,1.0,1.0,0.0
0.23809523809523808,0.0,0.6666666666666667,0.3333333333333333,1.0,0.24561403508771928,0.38888888888888884,1.0,0.0,0.0,0.0,0.0,0.0,1.0
0.6428571428571428,0.2857142857142857,0.3333333333333333,0.6666666666666667,0.3333333333333333,0.7017543859649122,0.9444444444444444,0.0,1.0,1.0,0.0,0.0,1.0,0.0
0.5238095238095237,0.03571428571428571,0.6666666666666667,0.6666666666666667,0.0,0.24561403508771928,0.2222222222222222,0.0,1.0,1.0,0.0,0.0,1.0,0.0
0.8095238095238095,0.25,0.6666666666666667,0.6666666666666667,0.0,0.42105263157894735,0.2777777777777778,0.0,1.0,1.0,0.0,0.0,1.0,0.0
0.0,0.0,1.0,0.6666666666666667,1.0,0.0,0.0,0.0,1.0,1.0,0.0,1.0,1.0,0.0
0.4047619047619047,0.0,1.0,0.3333333333333333,1.0,0.3508771929824561,0.5,0.0,1.0,1.0,0.0,0.0,1.0,0.0
0.6666666666666665,0.03571428571428571,1.0,0.6666666666666667,1.0,0.42105263157894735,0.3333333333333333,0.0,1.0,0.0,0.0,0.0,1.0,0.0
0.5714285714285714,0.03571428571428571,1.0,0.3333333333333333,0.0,0.3508771929824561,0.5,0.0,1.0,1.0,0.0,0.0,0.0,1.0
0.380952380952381,0.07142857142857142,0.6666666666666667,0.6666666666666667,1.0,0.14035087719298245,0.16666666666666666,0.0,0.0,0.0,0.0,0.0,1.0,0.0
0.5714285714285714,0.2857142857142857,1.0,0.3333333333333333,1.0,0.8421052631578947,0.05555555555555555,0.0,1.0,0.0,0.0,1.0,1.0,0.0
0.8333333333333333,0.25,0.0,0.6666666666666667,1.0,0.9824561403508771,0.1111111111111111,0.0,0.0,0.0,0.0,0.0,1.0,0.0
0.28571428571428564,0.14285714285714285,0.3333333333333333,0.6666666666666667,1.0,0.42105263157894735,0.5555555555555556,0.0,0.0,0.0,0.0,0.0,1.0,0.0
0.857142857142857,0.25,0.6666666666666667,0.6666666666666667,0.6666666666666667,0.6666666666666666,0.05555555555555555,0.0,1.0,1.0,0.0,1.0,1.0,0.0
0.3095238095238095,0.25,0.6666666666666667,0.6666666666666667,1.0,0.38596491228070173,0.611111111111111,0.0,1.0,0.0,0.0,1.0,1.0,0.0
0.2619047619047619,0.2142857142857143,1.0,0.6666666666666667,0.0,0.38596491228070173,0.16666666666666666,0.0,1.0,1.0,0.0,1.0,1.0,0.0
0.3095238095238095,0.14285714285714285,0.3333333333333333,0.6666666666666667,0.0,0.3508771929824561,0.5,0.0,1.0,0.0,0.0,1.0,1.0,0.0
0.3095238095238095,0.35714285714285715,0.6666666666666667,0.6666666666666667,0.0,0.21052631578947367,0.3333333333333333,0.0,1.0,0.0,0.0,0.0,0.0,1.0
0.35714285714285715,0.2142857142857143,1.0,0.6666666666666667,0.6666666666666667,0.3157894736842105,0.5,1.0,1.0,0.0,0.0,0.0,1.0,0.0
0.047619047619047616,0.10714285714285714,0.0,0.6666666666666667,0.0,0.03508771929824561,0.05555555555555555,0.0,1.0,1.0,0.0,1.0,1.0,0.0
0.7380952380952379,0.6071428571428571,1.0,0.3333333333333333,0.6666666666666667,1.0,1.0,0.0,1.0,0.0,0.0,0.0,0.0,1.0
0.7380952380952379,0.2142857142857143,0.3333333333333333,0.3333333333333333,0.6666666666666667,0.9122807017543859,0.2777777777777778,0.0,1.0,0.0,0.0,1.0,1.0,0.0
0.8809523809523809,0.6071428571428571,0.6666666666666667,0.6666666666666667,0.3333333333333333,0.5964912280701754,0.4444444444444444,1.0,1.0,0.0,0.0,0.0,0.0,1.0
0.14285714285714285,0.6071428571428571,0.3333333333333333,0.6666666666666667,0.6666666666666667,0.21052631578947367,0.2777777777777778,0.0,1.0,1.0,0.0,0.0,1.0,0.0
0.9523809523809523,0.2142857142857143,0.6666666666666667,0.3333333333333333,0.0,1.0,0.5555555555555556,0.0,1.0,0.0,0.0,0.0,0.0,1.0
0.35714285714285715,0.14285714285714285,1.0,0.3333333333333333,1.0,0.3157894736842105,0.16666666666666666,0.0,1.0,0.0,0.0,0.0,1.0,0.0
0.4523809523809524,0.14285714285714285,0.6666666666666667,1.0,0.6666666666666667,0.24561403508771928,0.3333333333333333,0.0,1.0,1.0,0.0,1.0,1.0,0.0
0.4523809523809524,0.7142857142857143,0.3333333333333333,1.0,0.0,0.2807017543859649,0.4444444444444444,0.0,1.0,0.0,0.0,0.0,0.0,1.0
0.14285714285714285,0.10714285714285714,1.0,0.6666666666666667,0.6666666666666667,0.17543859649122806,0.2777777777777778,0.0,0.0,0.0,0.0,0.0,0.0,1.0
0.9523809523809523,0.0,1.0,0.0,0.6666666666666667,0.42105263157894735,0.2777777777777778,0.0,1.0,0.0,0.0,0.0,0.0,1.0
0.3333333333333333,0.5357142857142857,0.3333333333333333,0.0,0.0,0.3508771929824561,0.5555555555555556,1.0,1.0,0.0,0.0,1.0,0.0,1.0
0.047619047619047616,0.2857142857142857,1.0,0.6666666666666667,1.0,0.07017543859649122,0.1111111111111111,1.0,0.0,0.0,1.0,1.0,0.0,1.0
0.5952380952380951,0.8928571428571428,0.6666666666666667,0.6666666666666667,1.0,0.8771929824561403,1.0,1.0,0.0,0.0,0.0,0.0,0.0,1.0
0.35714285714285715,0.3214285714285714,0.3333333333333333,0.6666666666666667,0.6666666666666667,0.3508771929824561,0.5555555555555556,0.0,0.0,0.0,0.0,1.0,1.0,0.0
0.35714285714285715,0.5357142857142857,0.0,0.6666666666666667,0.0,0.38596491228070173,0.0,0.0,0.0,0.0,0.0,1.0,0.0,1.0
0.3333333333333333,0.2142857142857143,1.0,0.3333333333333333,0.6666666666666667,0.45614035087719296,0.7222222222222222,0.0,0.0,0.0,0.0,0.0,1.0,0.0
0.857142857142857,0.35714285714285715,0.3333333333333333,0.6666666666666667,1.0,0.9122807017543859,0.7777777777777777,1.0,1.0,0.0,0.0,0.0,1.0,0.0
0.3095238095238095,0.0,1.0,0.3333333333333333,0.0,0.14035087719298245,0.2222222222222222,0.0,1.0,1.0,0.0,0.0,1.0,0.0
0.3095238095238095,0.03571428571428571,0.6666666666666667,0.3333333333333333,1.0,0.10526315789473684,0.05555555555555555,1.0,0.0,0.0,1.0,1.0,1.0,0.0
0.5714285714285714,0.03571428571428571,0.6666666666666667,0.3333333333333333,0.3333333333333333,0.14035087719298245,0.05555555555555555,0.0,1.0,1.0,0.0,0.0,1.0,0.0
0.5714285714285714,0.39285714285714285,0.3333333333333333,0.6666666666666667,1.0,0.49122807017543857,0.0,0.0,0.0,0.0,0.0,0.0,0.0,1.0
0.8809523809523809,0.25,1.0,0.6666666666666667,0.6666666666666667,0.7368421052631579,0.2777777777777778,0.0,1.0,0.0,0.0,0.0,0.0,1.0
0.35714285714285715,0.10714285714285714,0.0,0.3333333333333333,0.3333333333333333,0.2807017543859649,0.2777777777777778,0.0,1.0,1.0,0.0,0.0,1.0,0.0
0.28571428571428564,0.75,0.0,0.6666666666666667,0.6666666666666667,0.24561403508771928,0.2777777777777778,0.0,1.0,0.0,0.0,0.0,0.0,1.0
0.9047619047619047,0.17857142857142855,0.6666666666666667,1.0,0.0,1.0,0.38888888888888884,1.0,0.0,0.0,0.0,0.0,1.0,0.0
0.5476190476190477,0.2142857142857143,0.3333333333333333,0.0,0.6666666666666667,0.7368421052631579,1.0,0.0,1.0,0.0,0.0,0.0,1.0,0.0
0.16666666666666669,0.9642857142857143,0.0,0.3333333333333333,0.6666666666666667,0.21052631578947367,0.1111111111111111,0.0,0.0,0.0,0.0,0.0,1.0,0.0
0.3095238095238095,0.25,0.0,0.6666666666666667,1.0,0.45614035087719296,0.7222222222222222,0.0,0.0,0.0,0.0,0.0,1.0,0.0
0.8809523809523809,0.75,0.0,0.3333333333333333,0.3333333333333333,0.2807017543859649,0.2222222222222222,0.0,1.0,0.0,0.0,0.0,1.0,0.0
0.6904761904761905,0.9285714285714285,0.3333333333333333,1.0,0.6666666666666667,0.2807017543859649,0.2777777777777778,1.0,0.0,0.0,0.0,1.0,0.0,1.0
0.8095238095238095,0.03571428571428571,0.0,0.3333333333333333,0.6666666666666667,1.0,1.0,0.0,0.0,0.0,0.0,1.0,0.0,1.0
0.8095238095238095,0.14285714285714285,0.3333333333333333,0.6666666666666667,0.3333333333333333,0.3508771929824561,0.4444444444444444,0.0,0.0,0.0,0.0,1.0,0.0,1.0
0.35714285714285715,0.10714285714285714,0.6666666666666667,0.3333333333333333,0.3333333333333333,0.24561403508771928,0.16666666666666666,0.0,1.0,0.0,0.0,0.0,1.0,0.0
0.21428571428571425,0.0,1.0,0.6666666666666667,0.3333333333333333,0.17543859649122806,0.2777777777777778,0.0,1.0,1.0,0.0,0.0,1.0,0.0
0.4047619047619047,0.5357142857142857,1.0,0.3333333333333333,0.3333333333333333,0.38596491228070173,0.611111111111111,0.0,1.0,0.0,0.0,1.0,1.0,0.0
0.02380952380952378,0.75,1.0,0.6666666666666667,0.6666666666666667,0.0,0.0,0.0,0.0,0.0,1.0,1.0,0.0,1.0
0.42857142857142855,0.10714285714285714,1.0,0.6666666666666667,0.3333333333333333,0.631578947368421,0.2222222222222222,1.0,1.0,0.0,0.0,0.0,1.0,0.0
0.6428571428571428,0.9642857142857143,1.0,0.6666666666666667,1.0,0.2807017543859649,0.2777777777777778,0.0,1.0,0.0,0.0,0.0,1.0,0.0
0.380952380952381,0.2142857142857143,0.0,0.0,0.6666666666666667,0.3157894736842105,0.5,1.0,1.0,1.0,0.0,1.0,0.0,1.0
0.2619047619047619,0.0,0.0,0.6666666666666667,0.0,0.21052631578947367,0.2777777777777778,0.0,1.0,0.0,0.0,0.0,1.0,0.0
0.380952380952381,0.0,0.3333333333333333,1.0,1.0,0.3508771929824561,0.2222222222222222,0.0,1.0,0.0,0.0,1.0,1.0,0.0
0.5476190476190477,0.10714285714285714,0.6666666666666667,0.6666666666666667,0.6666666666666667,0.8070175438596491,1.0,0.0,0.0,0.0,0.0,0.0,0.0,1.0
0.3095238095238095,0.03571428571428571,0.3333333333333333,0.6666666666666667,0.6666666666666667,0.21052631578947367,0.2777777777777778,0.0,1.0,1.0,0.0,0.0,1.0,0.0
0.5476190476190477,0.2142857142857143,1.0,0.6666666666666667,0.6666666666666667,0.2807017543859649,0.1111111111111111,0.0,1.0,0.0,0.0,1.0,1.0,0.0
0.7380952380952379,0.17857142857142855,0.6666666666666667,0.3333333333333333,0.6666666666666667,1.0,0.8333333333333333,0.0,1.0,0.0,0.0,0.0,0.0,1.0
0.3333333333333333,0.2857142857142857,1.0,0.0,1.0,0.3157894736842105,0.4444444444444444,1.0,0.0,0.0,0.0,0.0,1.0,0.0
0.5952380952380951,0.03571428571428571,0.0,0.6666666666666667,1.0,0.24561403508771928,0.38888888888888884,1.0,0.0,0.0,0.0,0.0,1.0,0.0
0.5238095238095237,0.2142857142857143,0.0,0.6666666666666667,0.0,0.3508771929824561,0.2222222222222222,0.0,1.0,1.0,0.0,1.0,0.0,1.0
0.23809523809523808,0.14285714285714285,0.0,0.6666666666666667,1.0,0.14035087719298245,0.2222222222222222,0.0,0.0,0.0,0.0,1.0,1.0,0.0
0.42857142857142855,0.0,0.6666666666666667,0.6666666666666667,0.3333333333333333,0.3508771929824561,0.5,0.0,1.0,0.0,0.0,0.0,1.0,0.0
0.6190476190476188,0.25,0.0,1.0,1.0,0.3508771929824561,0.16666666666666666,0.0,1.0,1.0,0.0,0.0,0.0,1.0
0.42857142857142855,0.2142857142857143,0.0,0.6666666666666667,0.3333333333333333,0.5263157894736842,0.2222222222222222,0.0,1.0,1.0,0.0,1.0,1.0,0.0
0.23809523809523808,0.07142857142857142,1.0,0.6666666666666667,0.3333333333333333,0.3508771929824561,0.5,0.0,1.0,0.0,0.0,0.0,1.0,0.0
0.07142857142857145,0.39285714285714285,0.6666666666666667,1.0,0.3333333333333333,0.03508771929824561,0.05555555555555555,0.0,0.0,0.0,1.0,1.0,1.0,0.0
0.28571428571428564,0.25,0.6666666666666667,0.3333333333333333,1.0,0.21052631578947367,0.2222222222222222,1.0,0.0,0.0,0.0,0.0,1.0,0.0
0.19047619047619052,0.25,1.0,0.3333333333333333,0.0,0.21052631578947367,0.2222222222222222,0.0,0.0,0.0,0.0,1.0,1.0,0.0
0.5238095238095237,0.2857142857142857,1.0,0.3333333333333333,1.0,0.17543859649122806,0.16666666666666666,0.0,1.0,0.0,0.0,0.0,1.0,0.0
0.14285714285714285,0.10714285714285714,0.0,0.3333333333333333,1.0,0.21052631578947367,0.2777777777777778,0.0,1.0,1.0,0.0,0.0,1.0,0.0
0.4047619047619047,0.0,0.3333333333333333,0.3333333333333333,0.6666666666666667,0.21052631578947367,0.3333333333333333,0.0,1.0,0.0,0.0,1.0,1.0,0.0
0.4523809523809524,0.2142857142857143,1.0,0.6666666666666667,0.0,0.5614035087719298,0.2777777777777778,0.0,1.0,0.0,0.0,0.0,0.0,1.0
0.19047619047619052,0.35714285714285715,0.0,0.6666666666666667,0.0,0.17543859649122806,0.2777777777777778,1.0,1.0,0.0,0.0,0.0,0.0,1.0
0.6666666666666665,0.2857142857142857,0.6666666666666667,0.3333333333333333,1.0,0.3157894736842105,0.5,0.0,0.0,0.0,0.0,1.0,1.0,0.0
0.23809523809523808,0.14285714285714285,1.0,0.6666666666666667,0.0,0.21052631578947367,0.2777777777777778,0.0,0.0,0.0,0.0,1.0,1.0,0.0
0.2619047619047619,0.2142857142857143,0.3333333333333333,0.6666666666666667,0.6666666666666667,0.3508771929824561,0.38888888888888884,0.0,1.0,1.0,0.0,0.0,0.0,1.0
0.42857142857142855,0.10714285714285714,0.0,0.3333333333333333,1.0,0.3508771929824561,0.5555555555555556,0.0,1.0,1.0,0.0,1.0,1.0,0.0
0.28571428571428564,0.2857142857142857,1.0,0.3333333333333333,0.6666666666666667,0.3508771929824561,0.5555555555555556,0.0,1.0,1.0,0.0,1.0,1.0,0.0
0.2619047619047619,0.0,0.3333333333333333,0.0,1.0,0.3508771929824561,0.5555555555555556,1.0,1.0,0.0,0.0,0.0,1.0,0.0
0.2619047619047619,0.9999999999999999,1.0,0.0,0.6666666666666667,0.38596491228070173,0.38888888888888884,0.0,1.0,0.0,0.0,0.0,1.0,0.0
0.380952380952381,0.3214285714285714,0.6666666666666667,0.6666666666666667,0.6666666666666667,0.03508771929824561,0.05555555555555555,0.0,0.0,0.0,1.0,0.0,0.0,1.0
0.3333333333333333,0.10714285714285714,0.6666666666666667,0.3333333333333333,0.6666666666666667,0.49122807017543857,0.7777777777777777,0.0,1.0,0.0,0.0,0.0,1.0,0.0
0.5714285714285714,0.03571428571428571,0.6666666666666667,0.6666666666666667,0.6666666666666667,0.14035087719298245,0.16666666666666666,0.0,0.0,0.0,0.0,0.0,0.0,1.0
0.28571428571428564,0.0,1.0,0.6666666666666667,0.3333333333333333,0.42105263157894735,0.6666666666666666,0.0,1.0,1.0,0.0,0.0,1.0,0.0
0.7142857142857142,0.03571428571428571,0.3333333333333333,0.6666666666666667,1.0,0.49122807017543857,0.5,0.0,0.0,0.0,0.0,0.0,1.0,0.0
0.4761904761904761,0.03571428571428571,1.0,0.6666666666666667,1.0,0.21052631578947367,0.16666666666666666,0.0,1.0,0.0,0.0,1.0,0.0,1.0
0.3333333333333333,0.03571428571428571,1.0,0.3333333333333333,0.0,0.3157894736842105,0.3333333333333333,0.0,1.0,1.0,0.0,1.0,1.0,0.0
0.4047619047619047,0.5357142857142857,0.6666666666666667,0.6666666666666667,0.3333333333333333,0.42105263157894735,0.611111111111111,0.0,0.0,0.0,0.0,0.0,1.0,0.0
0.6190476190476188,0.0,0.6666666666666667,0.6666666666666667,1.0,0.2807017543859649,0.1111111111111111,0.0,0.0,0.0,0.0,0.0,0.0,1.0
0.9285714285714284,0.0,0.3333333333333333,1.0,0.6666666666666667,0.45614035087719296,0.6666666666666666,0.0,1.0,0.0,0.0,0.0,1.0,0.0
0.380952380952381,0.03571428571428571,1.0,1.0,1.0,0.21052631578947367,0.2777777777777778,0.0,1.0,0.0,0.0,0.0,0.0,1.0
0.7380952380952379,0.35714285714285715,0.6666666666666667,0.6666666666666667,1.0,0.3157894736842105,0.5,0.0,0.0,0.0,0.0,0.0,1.0,0.0
0.4761904761904761,0.17857142857142855,0.3333333333333333,0.0,1.0,0.5964912280701754,0.7222222222222222,0.0,1.0,0.0,0.0,0.0,0.0,1.0
0.5238095238095237,0.10714285714285714,1.0,0.6666666666666667,0.6666666666666667,0.7368421052631579,1.0,0.0,1.0,0.0,0.0,0.0,1.0,0.0
0.8333333333333333,0.2142857142857143,1.0,0.6666666666666667,0.6666666666666667,0.9122807017543859,0.38888888888888884,0.0,1.0,0.0,0.0,0.0,1.0,0.0
0.2619047619047619,0.7857142857142857,1.0,0.6666666666666667,1.0,0.21052631578947367,0.16666666666666666,0.0,1.0,0.0,0.0,1.0,1.0,0.0
0.6190476190476188,0.0,0.6666666666666667,0.6666666666666667,0.3333333333333333,0.21052631578947367,0.2777777777777778,1.0,1.0,0.0,0.0,0.0,0.0,1.0
0.35714285714285715,0.14285714285714285,0.3333333333333333,0.6666666666666667,1.0,0.2807017543859649,0.2777777777777778,1.0,0.0,0.0,0.0,0.0,1.0,0.0
0.6190476190476188,0.2142857142857143,0.0,0.3333333333333333,1.0,0.8421052631578947,1.0,0.0,1.0,0.0,0.0,0.0,1.0,0.0
0.35714285714285715,0.8571428571428571,1.0,0.3333333333333333,0.3333333333333333,0.17543859649122806,0.2777777777777778,0.0,1.0,0.0,0.0,1.0,1.0,0.0
0.21428571428571425,0.75,0.0,0.3333333333333333,0.3333333333333333,0.03508771929824561,0.05555555555555555,1.0,0.0,0.0,0.0,0.0,1.0,0.0
0.2619047619047619,0.14285714285714285,0.0,0.3333333333333333,0.3333333333333333,0.3508771929824561,0.5555555555555556,0.0,0.0,0.0,0.0,0.0,0.0,1.0
0.0,0.14285714285714285,0.3333333333333333,0.6666666666666667,1.0,0.0,0.0,0.0,1.0,0.0,0.0,1.0,1.0,0.0
0.5952380952380951,0.10714285714285714,1.0,0.3333333333333333,1.0,0.8070175438596491,1.0,0.0,0.0,0.0,0.0,1.0,1.0,0.0
0.2619047619047619,0.6428571428571428,1.0,0.6666666666666667,1.0,0.2807017543859649,0.16666666666666666,0.0,1.0,0.0,0.0,0.0,1.0,0.0
0.3333333333333333,0.07142857142857142,0.6666666666666667,0.6666666666666667,0.0,0.2807017543859649,0.4444444444444444,0.0,1.0,0.0,0.0,0.0,1.0,0.0
0.7619047619047619,0.9642857142857143,1.0,0.3333333333333333,0.0,0.7017543859649122,0.16666666666666666,0.0,0.0,0.0,0.0,0.0,0.0,1.0
0.3095238095238095,0.0,1.0,0.6666666666666667,0.3333333333333333,0.10526315789473684,0.16666666666666666,1.0,0.0,0.0,1.0,1.0,0.0,1.0
0.5238095238095237,0.0,0.6666666666666667,0.6666666666666667,1.0,0.42105263157894735,0.2777777777777778,0.0,1.0,0.0,0.0,0.0,1.0,0.0
0.28571428571428564,0.03571428571428571,0.6666666666666667,0.3333333333333333,1.0,0.38596491228070173,0.611111111111111,0.0,1.0,0.0,0.0,0.0,1.0,0.0
0.3095238095238095,0.17857142857142855,0.3333333333333333,0.0,0.6666666666666667,0.42105263157894735,0.38888888888888884,0.0,0.0,0.0,0.0,0.0,0.0,1.0
0.4047619047619047,0.3214285714285714,0.0,0.6666666666666667,0.6666666666666667,0.3508771929824561,0.2777777777777778,0.0,1.0,0.0,0.0,1.0,0.0,1.0
0.380952380952381,0.0,0.3333333333333333,0.6666666666666667,1.0,0.3508771929824561,0.5555555555555556,0.0,1.0,0.0,0.0,0.0,1.0,0.0
0.23809523809523808,0.0,0.6666666666666667,0.0,1.0,0.3508771929824561,0.5,0.0,1.0,1.0,0.0,0.0,1.0,0.0
0.5238095238095237,0.2857142857142857,0.6666666666666667,0.6666666666666667,0.6666666666666667,0.38596491228070173,0.4444444444444444,0.0,1.0,1.0,0.0,0.0,1.0,0.0
0.6666666666666665,0.0,1.0,1.0,0.0,0.9473684210526315,1.0,0.0,0.0,0.0,0.0,1.0,1.0,0.0
0.19047619047619052,0.0,0.6666666666666667,0.6666666666666667,0.6666666666666667,0.2807017543859649,0.4444444444444444,0.0,0.0,0.0,0.0,0.0,1.0,0.0
0.28571428571428564,0.5,0.6666666666666667,0.3333333333333333,0.0,0.42105263157894735,0.38888888888888884,0.0,0.0,0.0,0.0,0.0,1.0,0.0
0.4047619047619047,0.4642857142857143,0.6666666666666667,0.3333333333333333,0.3333333333333333,0.17543859649122806,0.2222222222222222,0.0,1.0,1.0,0.0,0.0,0.0,1.0
0.3333333333333333,0.2857142857142857,0.0,0.6666666666666667,0.0,0.3508771929824561,0.2777777777777778,0.0,1.0,1.0,0.0,1.0,1.0,0.0
0.28571428571428564,0.6785714285714285,0.6666666666666667,0.6666666666666667,0.0,0.24561403508771928,0.3333333333333333,0.0,1.0,0.0,0.0,0.0,1.0,0.0
0.380952380952381,0.25,0.3333333333333333,1.0,0.6666666666666667,0.3508771929824561,0.5555555555555556,0.0,0.0,0.0,0.0,0.0,1.0,0.0
0.4047619047619047,0.0,0.0,0.6666666666666667,0.6666666666666667,0.17543859649122806,0.2777777777777778,0.0,0.0,0.0,0.0,1.0,1.0,0.0
0.5238095238095237,0.03571428571428571,0.3333333333333333,0.6666666666666667,0.3333333333333333,0.5263157894736842,0.611111111111111,0.0,0.0,0.0,0.0,0.0,1.0,0.0
0.380952380952381,0.8214285714285714,0.0,0.3333333333333333,0.3333333333333333,0.5614035087719298,0.8333333333333333,0.0,0.0,0.0,0.0,1.0,0.0,1.0
0.4761904761904761,0.2857142857142857,0.3333333333333333,0.6666666666666667,1.0,0.3508771929824561,0.2777777777777778,0.0,1.0,0.0,0.0,0.0,1.0,0.0
0.28571428571428564,0.5714285714285714,0.3333333333333333,0.6666666666666667,0.0,0.3157894736842105,0.5,0.0,1.0,0.0,0.0,0.0,0.0,1.0
0.6666666666666665,0.3214285714285714,0.6666666666666667,0.3333333333333333,1.0,0.5263157894736842,0.16666666666666666,0.0,0.0,0.0,0.0,0.0,0.0,1.0
0.7857142857142856,0.25,0.3333333333333333,0.3333333333333333,0.3333333333333333,0.5614035087719298,0.5555555555555556,0.0,1.0,0.0,0.0,0.0,1.0,0.0
0.11904761904761901,0.3214285714285714,0.0,1.0,0.6666666666666667,0.07017543859649122,0.1111111111111111,0.0,1.0,0.0,0.0,1.0,1.0,0.0
0.8809523809523809,0.4642857142857143,0.6666666666666667,1.0,0.3333333333333333,1.0,1.0,0.0,1.0,0.0,0.0,1.0,1.0,0.0
0.6666666666666665,0.03571428571428571,0.6666666666666667,0.6666666666666667,1.0,0.45614035087719296,0.5555555555555556,0.0,0.0,0.0,0.0,0.0,0.0,1.0
0.28571428571428564,0.6071428571428571,0.0,0.6666666666666667,0.6666666666666667,0.17543859649122806,0.2777777777777778,0.0,1.0,0.0,0.0,1.0,1.0,0.0
0.9523809523809523,0.5,0.0,0.6666666666666667,0.6666666666666667,0.8070175438596491,0.1111111111111111,1.0,1.0,0.0,0.0,0.0,0.0,1.0
0.7857142857142856,0.07142857142857142,0.0,0.6666666666666667,0.6666666666666667,0.5263157894736842,0.1111111111111111,0.0,1.0,0.0,0.0,0.0,1.0,0.0
0.5714285714285714,0.14285714285714285,0.3333333333333333,0.6666666666666667,0.6666666666666667,0.2807017543859649,0.1111111111111111,1.0,1.0,1.0,0.0,0.0,1.0,0.0
0.3095238095238095,0.2142857142857143,1.0,0.6666666666666667,1.0,0.45614035087719296,0.38888888888888884,0.0,0.0,0.0,0.0,0.0,1.0,0.0
0.380952380952381,0.2142857142857143,0.3333333333333333,0.6666666666666667,0.6666666666666667,0.42105263157894735,0.611111111111111,0.0,0.0,0.0,1.0,0.0,0.0,1.0
0.9999999999999998,0.2142857142857143,0.0,0.6666666666666667,0.0,1.0,1.0,0.0,1.0,0.0,0.0,0.0,1.0,0.0
0.4523809523809524,0.35714285714285715,0.0,0.6666666666666667,0.6666666666666667,0.2807017543859649,0.16666666666666666,0.0,1.0,1.0,0.0,1.0,1.0,0.0
0.4047619047619047,0.6071428571428571,0.3333333333333333,0.6666666666666667,0.0,0.21052631578947367,0.2777777777777778,0.0,0.0,0.0,0.0,0.0,1.0,0.0
0.6666666666666665,0.2142857142857143,0.6666666666666667,0.6666666666666667,0.6666666666666667,0.24561403508771928,0.05555555555555555,0.0,1.0,0.0,0.0,0.0,1.0,0.0
0.11904761904761901,0.2142857142857143,0.6666666666666667,0.6666666666666667,1.0,0.10526315789473684,0.16666666666666666,0.0,0.0,0.0,1.0,0.0,0.0,1.0
0.4761904761904761,0.03571428571428571,0.3333333333333333,0.6666666666666667,0.0,0.38596491228070173,0.38888888888888884,0.0,0.0,0.0,0.0,0.0,1.0,0.0
0.09523809523809518,0.25,0.3333333333333333,0.0,0.0,0.14035087719298245,0.2222222222222222,0.0,1.0,1.0,0.0,0.0,1.0,0.0
0.42857142857142855,0.03571428571428571,1.0,0.6666666666666667,0.3333333333333333,0.5263157894736842,0.05555555555555555,0.0,1.0,0.0,0.0,0.0,0.0,1.0
0.49999999999999994,0.6785714285714285,0.6666666666666667,0.6666666666666667,1.0,0.24561403508771928,0.1111111111111111,1.0,0.0,0.0,0.0,0.0,1.0,0.0
